timestamp,battery_voltage,battery_current,temperature,pressure,solar_panel_voltage,solar_panel_current,power_consumption,cpu_subsystem_temp,signal_strength,comm_status,radiation_level,is_anomaly,anomaly_type,severity
2026-03-15 00:00:00,27.484,3.93,12.53,101.34,39.84,5.363,213.6,27.21,-73.24,1,0.0559,0,Normal,Normal
2026-03-15 00:00:10,27.134,3.591,12.8,101.72,39.88,5.446,217.83,26.61,-75.3,1,0.0546,0,Normal,Normal
2026-03-15 00:00:20,27.808,3.727,15.04,101.92,41.57,5.808,224.94,29.53,-71.65,1,0.0446,0,Normal,Normal
2026-03-15 00:00:30,27.793,3.63,16.12,101.25,43.3,5.321,217.44,30.55,-78.07,1,0.0482,0,Normal,Normal
2026-03-15 00:00:40,27.39,3.83,16.17,101.65,41.82,5.091,216.66,29.56,-75.68,1,0.0629,0,Normal,Normal
2026-03-15 00:00:50,27.829,3.837,13.18,101.71,42.4,5.834,216.42,26.75,-71.85,1,0.0444,0,Normal,Normal
2026-03-15 00:01:00,27.752,3.903,16.24,101.36,45.1,5.949,223.36,30.96,-71.86,1,0.0619,0,Normal,Normal
2026-03-15 00:01:10,27.279,3.749,12.16,102.08,44.6,6.436,220.44,28.33,-71.58,1,0.0457,0,Normal,Normal
2026-03-15 00:01:20,27.43,3.689,14.59,101.72,43.55,5.529,227.63,30.04,-68.92,1,0.0674,0,Normal,Normal
2026-03-15 00:01:30,28.051,4.094,15.7,101.07,45.16,6.431,225.31,28.34,-78.12,1,0.0405,0,Normal,Normal
2026-03-15 00:01:40,27.825,3.236,11.92,101.4,44.31,6.904,199.39,24.57,-76.46,1,0.0445,0,Normal,Normal
2026-03-15 00:01:50,27.586,4.029,18.25,101.64,44.63,5.987,208.94,31.61,-70.78,1,0.0429,0,Normal,Normal
2026-03-15 00:02:00,27.521,3.522,17.18,102.07,45.77,5.707,219.15,31.29,-69.8,1,0.0732,0,Normal,Normal
2026-03-15 00:02:10,27.647,3.728,16.23,101.55,43.44,6.051,231.19,30.29,-70.06,1,0.0484,0,Normal,Normal
2026-03-15 00:02:20,27.691,3.495,13.89,101.42,43.9,6.23,218.31,29.38,-63.67,1,0.0518,0,Normal,Normal
2026-03-15 00:02:30,27.594,3.392,15.31,101.81,45.51,6.452,226.67,30.86,-74.33,1,0.0442,0,Normal,Normal
2026-03-15 00:02:40,27.348,3.682,16.67,101.21,45.16,6.073,228.6,30.68,-70.25,1,0.0421,0,Normal,Normal
2026-03-15 00:02:50,28.235,3.815,13.88,100.9,46.92,6.847,228.26,27.61,-71.36,1,0.0537,0,Normal,Normal
2026-03-15 00:03:00,28.207,3.667,15.37,101.58,45.61,5.933,219.67,29.99,-69.07,1,0.045,0,Normal,Normal
2026-03-15 00:03:10,27.557,3.408,17.09,101.15,45.14,5.733,214.96,32.36,-69.59,1,0.0796,0,Normal,Normal
2026-03-15 00:03:20,28.002,4.442,13.56,102.39,48.71,6.746,213.74,28.22,-72.06,1,0.0497,0,Normal,Normal
2026-03-15 00:03:30,27.713,3.835,16.38,101.4,46.79,5.577,248.09,29.86,-69.14,1,0.0422,0,Normal,Normal
2026-03-15 00:03:40,27.928,3.765,13.33,101.58,47.24,6.315,228.03,26.59,-69.85,1,0.0404,0,Normal,Normal
2026-03-15 00:03:50,27.925,3.44,14.62,101.05,45.54,7.49,239.18,27.29,-69.51,1,0.044,0,Normal,Normal
2026-03-15 00:04:00,27.923,3.369,15.36,101.81,46.68,6.405,217.85,29.6,-66.3,1,0.0458,0,Normal,Normal
2026-03-15 00:04:10,28.674,3.453,16.97,101.29,47.53,6.026,234.55,31.72,-62.06,1,0.0435,0,Normal,Normal
2026-03-15 00:04:20,27.964,3.791,15.23,101.25,46.08,6.407,220.79,30.12,-75.05,1,0.0468,0,Normal,Normal
2026-03-15 00:04:30,27.876,3.27,16.56,101.26,47.97,6.417,224.42,31.94,-65.26,1,0.0717,0,Normal,Normal
2026-03-15 00:04:40,27.911,3.249,15.42,100.78,46.85,6.498,222.39,31.2,-67.01,1,0.0407,0,Normal,Normal
2026-03-15 00:04:50,28.475,3.649,15.74,101.2,47.26,6.679,217.68,28.09,-70.98,1,0.0642,0,Normal,Normal
2026-03-15 00:05:00,27.688,3.593,18.5,101.52,46.93,6.089,217.83,32.98,-69.66,1,0.0483,0,Normal,Normal
2026-03-15 00:05:10,27.977,3.319,14.98,100.68,49.91,7.048,224.46,29.51,-65.75,1,0.0755,0,Normal,Normal
2026-03-15 00:05:20,28.662,3.238,17.93,101.71,47.7,6.548,220.1,31.84,-68.07,1,0.0565,0,Normal,Normal
2026-03-15 00:05:30,28.322,3.869,16.87,101.19,46.48,6.72,225.83,29.88,-68.2,1,0.0427,0,Normal,Normal
2026-03-15 00:05:40,28.328,3.598,16.1,101.4,48.76,6.25,218.13,31.83,-69.95,1,0.0881,0,Normal,Normal
2026-03-15 00:05:50,28.932,3.167,15.22,100.41,46.33,6.923,230.51,28.51,-70.0,1,0.0425,0,Normal,Normal
2026-03-15 00:06:00,28.387,3.183,15.41,101.39,48.07,6.385,221.19,26.78,-70.47,1,0.0461,0,Normal,Normal
2026-03-15 00:06:10,28.122,3.416,16.11,100.88,45.48,6.575,237.98,30.14,-68.94,1,0.0978,0,Normal,Normal
2026-03-15 00:06:20,28.271,3.689,17.08,101.16,46.26,6.153,224.49,30.8,-67.65,1,0.0436,0,Normal,Normal
2026-03-15 00:06:30,28.036,3.654,18.3,100.67,48.1,6.133,224.09,34.53,-66.06,1,0.055,0,Normal,Normal
2026-03-15 00:06:40,28.774,3.787,17.03,100.95,48.77,6.725,237.74,31.62,-69.45,1,0.0969,0,Normal,Normal
2026-03-15 00:06:50,28.591,3.131,17.22,101.23,48.1,6.33,220.96,30.86,-64.58,1,0.0575,0,Normal,Normal
2026-03-15 00:07:00,28.776,3.56,17.54,101.19,47.76,6.188,221.67,31.3,-69.43,1,0.0563,0,Normal,Normal
2026-03-15 00:07:10,28.823,3.86,18.47,101.65,47.55,6.263,219.33,32.22,-64.28,1,0.0546,0,Normal,Normal
2026-03-15 00:07:20,28.356,3.836,18.81,100.55,46.15,6.734,226.58,35.47,-69.06,1,0.0522,0,Normal,Normal
2026-03-15 00:07:30,28.217,3.592,15.85,101.28,47.06,6.27,219.07,30.66,-60.29,1,0.0847,0,Normal,Normal
2026-03-15 00:07:40,28.505,4.089,17.6,101.26,47.38,6.45,231.17,29.91,-64.28,1,0.0518,0,Normal,Normal
2026-03-15 00:07:50,28.278,3.655,19.95,101.12,49.21,6.497,224.58,33.66,-63.59,1,0.0563,0,Normal,Normal
2026-03-15 00:08:00,28.609,3.763,16.23,100.93,48.36,5.822,231.67,30.2,-66.53,1,0.0601,0,Normal,Normal
2026-03-15 00:08:10,28.919,3.513,18.4,101.74,45.84,5.979,230.77,31.07,-64.09,1,0.0513,0,Normal,Normal
2026-03-15 00:08:20,28.549,3.306,18.13,102.12,48.34,6.612,220.87,29.99,-69.57,1,0.0728,0,Normal,Normal
2026-03-15 00:08:30,28.663,3.283,17.62,100.61,47.5,6.237,219.08,32.34,-68.66,1,0.0403,0,Normal,Normal
2026-03-15 00:08:40,28.609,3.547,20.95,100.93,47.15,6.865,222.35,33.99,-66.57,1,0.0475,0,Normal,Normal
2026-03-15 00:08:50,28.897,3.448,18.71,100.9,48.7,6.834,225.05,34.21,-61.01,1,0.0544,0,Normal,Normal
2026-03-15 00:09:00,28.475,3.059,21.02,101.19,49.21,6.748,227.65,35.03,-62.47,1,0.0403,0,Normal,Normal
2026-03-15 00:09:10,28.035,3.245,18.85,101.8,49.09,7.133,228.54,32.28,-72.13,1,0.0814,0,Normal,Normal
2026-03-15 00:09:20,28.854,3.421,19.62,101.51,46.97,6.468,224.73,30.72,-68.31,1,0.0663,0,Normal,Normal
2026-03-15 00:09:30,29.028,3.683,18.16,101.24,47.61,6.724,219.53,33.63,-65.56,1,0.0437,0,Normal,Normal
2026-03-15 00:09:40,28.883,3.497,18.27,101.31,48.38,6.293,220.29,32.62,-61.47,1,0.046,0,Normal,Normal
2026-03-15 00:09:50,28.576,3.483,19.82,101.17,49.15,7.356,229.13,33.29,-64.46,1,0.057,0,Normal,Normal
2026-03-15 00:10:00,28.445,3.254,19.94,101.6,47.41,7.192,219.79,32.88,-72.76,1,0.0463,0,Normal,Normal
2026-03-15 00:10:10,28.952,3.506,20.29,101.64,47.76,6.502,229.47,36.21,-68.63,1,0.0691,0,Normal,Normal
2026-03-15 00:10:20,28.863,3.83,20.05,101.54,46.66,6.633,229.73,32.78,-62.92,1,0.0443,0,Normal,Normal
2026-03-15 00:10:30,28.801,3.539,17.58,100.42,46.55,6.974,237.26,31.13,-64.44,1,0.0656,0,Normal,Normal
2026-03-15 00:10:40,29.402,3.124,18.46,101.31,48.96,6.447,221.14,33.15,-64.63,1,0.0494,0,Normal,Normal
2026-03-15 00:10:50,28.588,3.188,21.04,101.23,49.62,6.269,222.39,36.78,-61.68,1,0.0491,0,Normal,Normal
2026-03-15 00:11:00,29.422,3.648,16.92,101.7,47.9,6.805,206.49,30.66,-66.04,1,0.0428,0,Normal,Normal
2026-03-15 00:11:10,28.915,3.444,20.39,101.4,49.19,6.526,217.45,33.51,-62.9,1,0.1014,0,Normal,Normal
2026-03-15 00:11:20,28.372,3.482,19.88,101.52,48.43,6.563,217.34,33.75,-60.08,1,0.0463,0,Normal,Normal
2026-03-15 00:11:30,28.885,3.347,21.41,101.1,47.22,6.207,229.04,36.5,-64.33,1,0.0434,0,Normal,Normal
2026-03-15 00:11:40,29.243,3.626,20.86,101.68,48.43,5.898,239.45,36.21,-67.7,1,0.0405,0,Normal,Normal
2026-03-15 00:11:50,28.861,3.425,19.33,101.79,49.84,6.582,229.64,31.68,-66.31,1,0.0502,0,Normal,Normal
2026-03-15 00:12:00,28.544,3.454,19.35,100.65,47.95,6.816,232.92,33.49,-67.76,1,0.0405,0,Normal,Normal
2026-03-15 00:12:10,28.952,3.287,19.73,100.78,49.87,6.42,219.31,32.01,-71.8,1,0.0491,0,Normal,Normal
2026-03-15 00:12:20,28.76,3.731,21.47,101.6,44.85,7.002,215.41,36.54,-67.49,1,0.0749,0,Normal,Normal
2026-03-15 00:12:30,29.18,3.445,17.24,101.23,48.98,6.253,223.06,31.75,-63.25,1,0.0503,0,Normal,Normal
2026-03-15 00:12:40,29.279,3.652,21.03,101.71,48.1,6.13,220.01,33.92,-65.17,1,0.0407,0,Normal,Normal
2026-03-15 00:12:50,28.745,3.202,19.56,101.4,47.64,6.476,218.11,35.4,-61.17,1,0.0446,0,Normal,Normal
2026-03-15 00:13:00,28.864,3.934,21.26,101.58,48.11,6.471,226.74,35.66,-64.87,1,0.0407,0,Normal,Normal
2026-03-15 00:13:10,29.317,3.819,21.58,101.0,45.61,6.769,215.51,35.85,-62.71,1,0.0721,0,Normal,Normal
2026-03-15 00:13:20,28.847,3.023,18.67,101.44,47.73,6.228,231.61,32.45,-70.7,1,0.0441,0,Normal,Normal
2026-03-15 00:13:30,28.793,3.3,20.91,101.44,48.43,6.978,221.8,34.9,-66.81,1,0.041,0,Normal,Normal
2026-03-15 00:13:40,28.778,3.62,21.58,101.02,49.77,7.188,224.64,35.12,-66.37,1,0.0901,0,Normal,Normal
2026-03-15 00:13:50,29.251,3.17,21.57,101.7,47.38,6.486,225.8,34.68,-68.12,1,0.05,0,Normal,Normal
2026-03-15 00:14:00,29.251,3.467,21.34,100.54,47.03,6.937,221.26,36.82,-61.15,1,0.0478,0,Normal,Normal
2026-03-15 00:14:10,28.966,3.607,19.79,101.38,47.4,6.13,235.12,33.2,-71.61,1,0.0793,0,Normal,Normal
2026-03-15 00:14:20,29.185,3.454,20.11,100.78,49.1,6.876,212.15,33.47,-66.25,1,0.0514,0,Normal,Normal
2026-03-15 00:14:30,29.654,3.635,19.73,100.89,48.39,6.866,235.27,33.58,-62.61,1,0.045,0,Normal,Normal
2026-03-15 00:14:40,28.916,3.327,22.72,101.69,47.36,6.802,222.22,38.43,-63.83,1,0.0636,0,Normal,Normal
2026-03-15 00:14:50,28.635,2.939,21.81,100.86,48.61,6.494,232.36,37.16,-67.37,1,0.0448,0,Normal,Normal
2026-03-15 00:15:00,29.369,3.746,21.99,100.84,48.11,5.466,226.61,35.52,-69.04,1,0.0488,0,Normal,Normal
2026-03-15 00:15:10,29.21,3.744,19.6,101.53,49.16,6.275,231.8,35.07,-63.19,1,0.0644,0,Normal,Normal
2026-03-15 00:15:20,29.042,4.126,22.2,100.86,47.16,6.281,224.05,36.33,-68.15,1,0.0802,0,Normal,Normal
2026-03-15 00:15:30,29.462,2.948,23.29,101.71,47.61,6.157,226.91,36.28,-69.2,1,0.054,0,Normal,Normal
2026-03-15 00:15:40,29.528,3.688,19.67,101.56,47.53,6.543,233.78,33.09,-63.84,1,0.0505,0,Normal,Normal
2026-03-15 00:15:50,28.625,3.008,21.71,100.99,46.24,6.353,225.77,37.36,-66.06,1,0.0412,0,Normal,Normal
2026-03-15 00:16:00,29.102,3.939,20.25,101.69,48.35,6.211,235.64,36.75,-68.18,1,0.0544,0,Normal,Normal
2026-03-15 00:16:10,30.003,3.622,22.06,100.52,48.31,6.129,227.82,36.45,-66.29,1,0.0459,0,Normal,Normal
2026-03-15 00:16:20,29.493,3.262,21.43,101.49,48.0,6.249,219.14,34.75,-66.08,1,0.0508,0,Normal,Normal
2026-03-15 00:16:30,29.53,3.695,23.44,100.8,47.72,6.892,222.16,37.29,-67.73,1,0.0605,0,Normal,Normal
2026-03-15 00:16:40,29.688,3.362,23.21,101.09,46.3,6.268,232.1,36.29,-67.27,1,0.0553,0,Normal,Normal
2026-03-15 00:16:50,29.351,3.575,24.98,101.12,47.49,6.32,215.08,38.24,-74.38,1,0.0415,0,Normal,Normal
2026-03-15 00:17:00,29.593,3.552,23.04,101.81,47.59,6.34,231.34,36.19,-68.37,1,0.0476,0,Normal,Normal
2026-03-15 00:17:10,29.578,3.936,23.72,101.1,47.04,6.619,222.07,37.62,-70.14,1,0.0433,0,Normal,Normal
2026-03-15 00:17:20,29.533,3.954,22.46,101.27,47.81,6.66,214.68,36.6,-70.79,1,0.0425,0,Normal,Normal
2026-03-15 00:17:30,29.283,3.351,21.73,101.12,48.48,5.434,226.66,35.55,-70.63,1,0.0437,0,Normal,Normal
2026-03-15 00:17:40,29.439,3.765,24.72,100.91,50.26,6.857,219.4,38.45,-70.24,1,0.078,0,Normal,Normal
2026-03-15 00:17:50,29.218,3.589,25.41,100.89,48.21,7.003,220.43,40.33,-69.83,1,0.0587,0,Normal,Normal
2026-03-15 00:18:00,29.406,3.147,24.69,101.42,48.31,6.132,219.99,38.42,-68.62,1,0.0758,0,Normal,Normal
2026-03-15 00:18:10,29.059,3.326,23.91,101.29,47.91,6.16,225.92,37.71,-71.51,1,0.0506,0,Normal,Normal
2026-03-15 00:18:20,29.179,4.084,22.34,101.61,45.7,6.342,221.88,36.12,-67.95,1,0.04,0,Normal,Normal
2026-03-15 00:18:30,29.338,3.589,25.59,101.2,47.97,6.235,228.13,41.44,-67.49,1,0.0405,0,Normal,Normal
2026-03-15 00:18:40,29.146,3.75,24.83,101.22,48.07,6.578,233.1,38.24,-67.72,1,0.0423,0,Normal,Normal
2026-03-15 00:18:50,29.283,3.447,27.08,101.61,50.96,5.819,229.33,41.79,-67.3,1,0.0628,0,Normal,Normal
2026-03-15 00:19:00,29.391,3.365,22.39,101.15,47.77,6.109,239.44,35.49,-72.01,1,0.0434,0,Normal,Normal
2026-03-15 00:19:10,29.567,3.507,25.49,100.72,48.36,7.039,241.41,39.91,-71.32,1,0.0416,0,Normal,Normal
2026-03-15 00:19:20,29.736,3.433,25.1,101.64,47.96,6.175,222.68,39.76,-69.98,1,0.0696,0,Normal,Normal
2026-03-15 00:19:30,29.317,3.127,23.84,101.03,46.6,6.935,215.78,39.15,-72.21,1,0.0439,0,Normal,Normal
2026-03-15 00:19:40,29.862,3.249,26.48,101.33,49.37,6.624,222.69,40.02,-74.62,1,0.0505,0,Normal,Normal
2026-03-15 00:19:50,29.747,3.677,25.12,101.05,48.9,5.867,225.95,37.78,-72.87,1,0.0462,0,Normal,Normal
2026-03-15 00:20:00,29.621,3.405,23.18,100.91,48.95,6.722,242.81,36.24,-66.68,1,0.074,0,Normal,Normal
2026-03-15 00:20:10,29.52,3.506,24.49,100.54,46.91,6.459,222.0,39.64,-74.03,1,0.0583,0,Normal,Normal
2026-03-15 00:20:20,29.573,3.559,23.32,101.44,49.68,6.341,227.22,39.81,-74.4,1,0.0491,0,Normal,Normal
2026-03-15 00:20:30,29.837,3.578,24.11,99.94,46.32,6.586,219.55,39.11,-73.88,1,0.0698,0,Normal,Normal
2026-03-15 00:20:40,29.851,3.787,25.94,101.82,48.7,6.666,222.23,38.43,-70.8,1,0.0595,0,Normal,Normal
2026-03-15 00:20:50,29.887,3.225,26.45,101.71,50.63,6.748,215.28,41.41,-71.65,1,0.0648,0,Normal,Normal
2026-03-15 00:21:00,29.501,3.643,25.37,100.94,46.81,6.912,213.3,38.23,-70.8,1,0.097,0,Normal,Normal
2026-03-15 00:21:10,29.658,3.689,23.98,101.94,47.32,6.643,235.89,37.56,-65.55,1,0.0434,0,Normal,Normal
2026-03-15 00:21:20,29.896,3.746,25.75,102.12,48.12,6.018,233.53,39.97,-70.92,1,0.0434,0,Normal,Normal
2026-03-15 00:21:30,29.308,3.147,26.33,101.19,47.4,6.334,222.04,40.76,-70.91,1,0.0522,0,Normal,Normal
2026-03-15 00:21:40,29.401,3.564,22.36,101.46,46.14,7.53,233.51,36.44,-65.26,1,0.0514,0,Normal,Normal
2026-03-15 00:21:50,29.503,3.929,25.56,101.35,48.08,6.754,214.54,38.84,-72.6,1,0.0705,0,Normal,Normal
2026-03-15 00:22:00,29.769,3.475,25.17,101.91,46.72,7.329,223.61,40.44,-75.48,1,0.0425,0,Normal,Normal
2026-03-15 00:22:10,29.774,3.621,26.95,100.74,48.57,6.988,226.39,40.32,-75.44,1,0.0483,0,Normal,Normal
2026-03-15 00:22:20,29.431,3.695,26.17,101.21,46.9,6.585,235.13,41.67,-71.6,1,0.0513,0,Normal,Normal
2026-03-15 00:22:30,29.047,3.244,26.38,101.67,49.86,6.605,226.58,38.75,-78.76,1,0.0494,0,Normal,Normal
2026-03-15 00:22:40,29.574,3.958,25.0,101.63,47.06,6.487,229.36,39.26,-81.07,1,0.041,0,Normal,Normal
2026-03-15 00:22:50,29.224,3.625,25.79,101.28,47.61,5.892,221.24,38.32,-77.93,1,0.0424,0,Normal,Normal
2026-03-15 00:23:00,29.052,3.63,27.27,101.86,48.98,6.506,227.11,40.27,-73.24,1,0.0425,0,Normal,Normal
2026-03-15 00:23:10,29.119,3.085,25.82,101.39,46.52,6.924,235.11,39.2,-74.15,1,0.0536,0,Normal,Normal
2026-03-15 00:23:20,29.595,3.699,26.24,101.35,48.27,6.29,212.07,42.06,-76.64,1,0.0484,0,Normal,Normal
2026-03-15 00:23:30,29.903,3.627,23.73,101.58,49.57,6.644,234.09,39.3,-73.18,1,0.0429,0,Normal,Normal
2026-03-15 00:23:40,29.505,3.906,26.0,101.28,46.07,6.798,223.32,41.04,-74.8,1,0.06,0,Normal,Normal
2026-03-15 00:23:50,29.555,3.422,23.14,101.32,48.22,6.182,213.75,37.18,-75.82,1,0.0644,0,Normal,Normal
2026-03-15 00:24:00,29.844,3.253,25.44,100.99,48.31,6.342,222.86,39.67,-77.13,1,0.0435,0,Normal,Normal
2026-03-15 00:24:10,29.023,3.329,26.37,102.47,48.94,6.144,235.32,41.89,-74.62,1,0.0592,0,Normal,Normal
2026-03-15 00:24:20,29.64,3.374,27.48,101.11,46.52,6.212,221.14,42.32,-75.27,1,0.041,0,Normal,Normal
2026-03-15 00:24:30,29.477,3.22,24.89,101.59,46.41,6.049,227.39,38.91,-78.58,1,0.0691,0,Normal,Normal
2026-03-15 00:24:40,29.647,3.823,27.01,102.06,48.63,6.185,212.09,42.79,-75.54,1,0.0893,0,Normal,Normal
2026-03-15 00:24:50,29.328,3.832,28.7,100.76,48.36,6.997,210.39,43.68,-80.16,1,0.0425,0,Normal,Normal
2026-03-15 00:25:00,29.224,3.451,25.59,101.54,48.3,6.18,216.39,39.88,-77.72,1,0.0631,0,Normal,Normal
2026-03-15 00:25:10,29.508,3.402,24.29,101.31,48.42,6.544,233.1,37.73,-77.44,1,0.0415,0,Normal,Normal
2026-03-15 00:25:20,29.956,3.046,27.09,102.02,47.18,6.324,224.59,40.43,-79.86,1,0.0888,0,Normal,Normal
2026-03-15 00:25:30,29.715,3.674,24.92,100.94,48.28,6.913,233.8,38.52,-78.67,1,0.049,0,Normal,Normal
2026-03-15 00:25:40,29.299,3.913,25.53,101.0,48.35,6.959,234.26,40.08,-77.45,1,0.0515,0,Normal,Normal
2026-03-15 00:25:50,29.044,3.341,28.19,101.28,47.14,6.802,218.93,43.2,-82.74,1,0.0617,0,Normal,Normal
2026-03-15 00:26:00,28.936,3.471,29.67,101.1,50.24,6.607,237.54,41.94,-79.14,1,0.0443,0,Normal,Normal
2026-03-15 00:26:10,29.83,3.609,25.4,101.12,48.57,6.419,220.64,37.07,-73.25,1,0.0476,0,Normal,Normal
2026-03-15 00:26:20,29.142,3.931,25.85,102.11,46.57,6.083,233.0,38.7,-82.58,1,0.0411,0,Normal,Normal
2026-03-15 00:26:30,29.325,3.55,26.34,101.35,48.79,7.18,232.68,39.85,-77.21,1,0.0543,0,Normal,Normal
2026-03-15 00:26:40,29.812,3.549,26.22,100.99,46.83,6.234,225.52,41.66,-80.78,1,0.0641,0,Normal,Normal
2026-03-15 00:26:50,28.925,3.545,29.99,101.14,48.94,6.732,225.53,43.65,-77.14,1,0.0686,0,Normal,Normal
2026-03-15 00:27:00,29.85,3.144,26.33,101.46,49.39,6.871,227.56,40.64,-83.05,1,0.0515,0,Normal,Normal
2026-03-15 00:27:10,29.319,3.138,26.59,101.43,47.01,6.306,225.92,41.09,-81.05,1,0.0618,0,Normal,Normal
2026-03-15 00:27:20,29.043,3.298,29.63,101.07,49.16,6.863,221.88,42.41,-74.62,1,0.0424,0,Normal,Normal
2026-03-15 00:27:30,29.305,3.753,28.12,100.65,48.49,6.767,221.19,43.87,-81.95,1,0.0604,0,Normal,Normal
2026-03-15 00:27:40,29.155,3.416,28.77,101.28,48.99,7.105,221.94,41.97,-79.7,1,0.0401,0,Normal,Normal
2026-03-15 00:27:50,29.495,3.368,25.97,101.27,50.28,6.336,234.75,41.84,-79.99,1,0.0433,0,Normal,Normal
2026-03-15 00:28:00,29.16,3.363,26.57,101.04,47.7,6.05,212.29,40.42,-88.03,1,0.0551,0,Normal,Normal
2026-03-15 00:28:10,28.772,3.466,25.84,101.81,47.09,6.323,221.02,39.44,-80.77,1,0.0458,0,Normal,Normal
2026-03-15 00:28:20,29.27,3.926,28.64,101.53,46.93,6.573,222.39,41.3,-85.99,1,0.0479,0,Normal,Normal
2026-03-15 00:28:30,28.92,3.462,29.31,101.35,47.02,6.52,223.17,43.54,-80.53,1,0.0662,0,Normal,Normal
2026-03-15 00:28:40,29.379,3.303,26.6,101.16,47.91,6.362,227.37,43.31,-82.23,1,0.0527,0,Normal,Normal
2026-03-15 00:28:50,28.952,3.506,26.99,101.99,48.41,5.832,214.21,41.48,-86.08,1,0.0476,0,Normal,Normal
2026-03-15 00:29:00,29.151,3.939,27.08,100.84,48.33,6.664,233.2,41.41,-86.45,1,0.0494,0,Normal,Normal
2026-03-15 00:29:10,29.342,3.374,25.27,101.1,48.99,7.19,232.09,38.47,-83.24,1,0.0683,0,Normal,Normal
2026-03-15 00:29:20,29.213,3.205,26.61,101.12,48.01,6.662,230.39,41.32,-75.71,1,0.05,0,Normal,Normal
2026-03-15 00:29:30,29.341,3.375,28.81,101.42,49.74,6.713,223.34,43.0,-78.42,1,0.0712,0,Normal,Normal
2026-03-15 00:29:40,29.459,3.532,26.36,101.56,47.68,6.7,219.09,40.29,-82.34,1,0.0443,0,Normal,Normal
2026-03-15 00:29:50,28.896,3.672,27.84,100.77,51.26,6.639,222.4,42.44,-82.0,1,0.0514,0,Normal,Normal
2026-03-15 00:30:00,29.213,3.752,25.77,101.03,48.75,6.826,225.49,37.59,-81.86,1,0.0469,0,Normal,Normal
2026-03-15 00:30:10,28.221,3.239,27.53,101.48,46.97,6.638,230.33,41.41,-85.38,1,0.0534,0,Normal,Normal
2026-03-15 00:30:20,29.283,3.262,26.93,101.03,46.71,6.39,224.35,39.49,-85.96,1,0.0529,0,Normal,Normal
2026-03-15 00:30:30,29.106,3.419,25.96,101.14,48.58,6.221,227.88,40.0,-81.43,1,0.0527,0,Normal,Normal
2026-03-15 00:30:40,28.889,3.671,29.0,101.37,47.73,6.413,221.53,42.13,-85.89,1,0.0513,0,Normal,Normal
2026-03-15 00:30:50,29.266,3.185,29.1,100.91,48.85,6.61,227.29,42.32,-79.86,1,0.0491,0,Normal,Normal
2026-03-15 00:31:00,29.51,3.348,26.4,101.41,48.57,6.389,223.0,38.8,-88.33,1,0.0762,0,Normal,Normal
2026-03-15 00:31:10,29.002,3.352,27.55,101.55,47.91,6.61,227.14,42.88,-87.06,1,0.0447,0,Normal,Normal
2026-03-15 00:31:20,28.848,3.736,27.95,101.32,46.98,6.653,210.86,41.14,-80.19,1,0.0485,0,Normal,Normal
2026-03-15 00:31:30,29.168,3.632,25.18,101.87,46.18,6.791,228.89,38.43,-85.37,1,0.0436,0,Normal,Normal
2026-03-15 00:31:40,28.704,3.726,25.82,101.59,47.46,6.949,229.32,41.66,-84.95,1,0.0461,0,Normal,Normal
2026-03-15 00:31:50,28.892,3.835,29.86,101.28,49.02,6.527,229.23,44.54,-82.71,1,0.0443,0,Normal,Normal
2026-03-15 00:32:00,29.443,3.424,26.34,101.17,48.25,6.042,217.1,37.9,-81.23,1,0.0566,0,Normal,Normal
2026-03-15 00:32:10,29.08,3.203,29.84,102.0,46.5,6.379,219.32,45.5,-82.93,1,0.0584,0,Normal,Normal
2026-03-15 00:32:20,28.483,3.205,25.94,101.04,48.2,6.515,218.05,41.92,-83.94,1,0.0449,0,Normal,Normal
2026-03-15 00:32:30,28.493,3.041,28.96,101.19,48.46,5.857,227.64,44.82,-82.45,1,0.1017,0,Normal,Normal
2026-03-15 00:32:40,29.066,3.386,27.51,101.14,46.93,6.985,230.26,42.31,-83.66,1,0.045,0,Normal,Normal
2026-03-15 00:32:50,29.26,3.404,27.73,101.46,48.18,6.549,219.42,40.41,-81.66,1,0.0664,0,Normal,Normal
2026-03-15 00:33:00,28.501,3.697,30.77,102.2,48.06,6.633,235.52,44.71,-76.37,1,0.0452,0,Normal,Normal
2026-03-15 00:33:10,29.106,3.504,26.11,101.4,46.62,6.977,235.41,38.37,-83.45,1,0.048,0,Normal,Normal
2026-03-15 00:33:20,29.354,3.378,28.89,101.17,48.42,6.278,226.1,41.85,-87.56,1,0.0564,0,Normal,Normal
2026-03-15 00:33:30,29.505,3.471,28.83,101.38,48.66,6.7,227.96,41.5,-81.88,1,0.0522,0,Normal,Normal
2026-03-15 00:33:40,29.022,3.241,33.03,100.77,49.29,6.46,211.56,46.28,-85.44,1,0.0506,0,Normal,Normal
2026-03-15 00:33:50,29.058,3.757,26.38,101.22,49.26,6.434,220.76,40.58,-83.99,1,0.0637,0,Normal,Normal
2026-03-15 00:34:00,28.249,3.304,27.06,101.98,46.34,6.228,214.97,40.53,-83.89,1,0.0585,0,Normal,Normal
2026-03-15 00:34:10,29.502,3.215,29.22,101.56,46.86,7.081,217.71,42.64,-86.73,1,0.0768,0,Normal,Normal
2026-03-15 00:34:20,28.683,3.705,27.69,101.79,48.61,6.367,229.11,41.34,-86.08,1,0.0439,0,Normal,Normal
2026-03-15 00:34:30,28.558,3.644,27.29,101.71,48.6,6.743,231.04,43.09,-91.87,1,0.0402,0,Normal,Normal
2026-03-15 00:34:40,28.744,3.07,29.42,101.02,48.6,5.842,231.37,46.02,-85.22,1,0.12,0,Normal,Normal
2026-03-15 00:34:50,29.257,3.714,27.58,102.06,52.61,6.911,226.92,41.04,-83.2,1,0.045,0,Normal,Normal
2026-03-15 00:35:00,29.448,3.315,26.63,100.59,48.67,6.866,229.17,41.04,-84.8,1,0.0407,0,Normal,Normal
2026-03-15 00:35:10,28.805,3.407,29.05,101.43,49.34,6.532,212.27,42.04,-86.19,1,0.0443,0,Normal,Normal
2026-03-15 00:35:20,29.049,3.548,28.51,100.48,49.12,6.418,214.67,43.44,-83.63,1,0.0566,0,Normal,Normal
2026-03-15 00:35:30,28.744,3.648,27.47,100.61,48.76,6.637,223.31,40.9,-87.53,1,0.0533,0,Normal,Normal
2026-03-15 00:35:40,28.402,3.612,27.39,101.67,47.6,7.298,229.76,40.53,-87.82,1,0.0435,0,Normal,Normal
2026-03-15 00:35:50,29.137,3.489,26.54,101.02,48.88,5.879,221.4,42.95,-83.0,1,0.0431,0,Normal,Normal
2026-03-15 00:36:00,28.489,3.395,28.99,101.8,47.04,6.77,214.09,41.36,-82.77,1,0.0488,0,Normal,Normal
2026-03-15 00:36:10,29.117,3.604,27.35,100.43,47.68,6.176,219.44,38.4,-82.9,1,0.0402,0,Normal,Normal
2026-03-15 00:36:20,29.027,3.472,26.72,101.26,47.38,6.488,217.51,41.6,-85.26,1,0.04,0,Normal,Normal
2026-03-15 00:36:30,28.803,3.953,25.92,100.81,48.06,6.408,211.18,39.48,-80.99,1,0.0544,0,Normal,Normal
2026-03-15 00:36:40,29.148,3.648,28.42,101.17,50.73,6.344,242.76,41.65,-87.55,1,0.0459,0,Normal,Normal
2026-03-15 00:36:50,29.249,3.271,27.05,101.92,45.71,6.49,234.83,44.33,-84.98,1,0.0404,0,Normal,Normal
2026-03-15 00:37:00,28.507,3.383,24.78,102.02,48.77,6.096,209.16,39.65,-81.74,1,0.0492,0,Normal,Normal
2026-03-15 00:37:10,28.297,3.514,25.97,101.51,46.01,6.852,209.58,39.9,-81.3,1,0.0811,0,Normal,Normal
2026-03-15 00:37:20,27.961,3.827,27.4,100.66,47.37,5.863,218.5,40.55,-86.09,1,0.0444,0,Normal,Normal
2026-03-15 00:37:30,29.173,3.855,27.42,100.82,49.23,6.679,213.03,41.95,-77.23,1,0.0443,0,Normal,Normal
2026-03-15 00:37:40,28.348,3.404,27.34,101.36,48.0,6.375,244.0,39.26,-83.93,1,0.0495,0,Normal,Normal
2026-03-15 00:37:50,28.8,3.27,27.1,100.98,46.62,6.078,218.52,40.48,-83.15,1,0.0424,0,Normal,Normal
2026-03-15 00:38:00,28.217,3.238,25.44,101.56,47.04,6.558,227.82,39.39,-80.36,1,0.0552,0,Normal,Normal
2026-03-15 00:38:10,28.88,3.567,26.31,101.97,48.71,5.94,220.87,40.57,-78.5,1,0.0674,0,Normal,Normal
2026-03-15 00:38:20,28.188,4.08,29.37,100.91,47.0,6.498,215.57,43.2,-82.84,1,0.0432,0,Normal,Normal
2026-03-15 00:38:30,28.019,3.64,29.12,100.94,48.13,5.984,233.28,42.29,-79.36,1,0.0561,0,Normal,Normal
2026-03-15 00:38:40,28.293,3.107,49.52,100.83,47.91,6.641,230.13,62.04,-84.1,1,0.0728,1,Temperature spike,Warning
2026-03-15 00:38:50,28.175,3.325,52.97,101.2,47.05,6.154,224.4,59.71,-77.58,1,0.075,1,Temperature spike,Warning
2026-03-15 00:39:00,28.492,3.351,51.71,101.32,50.39,6.317,243.92,61.94,-82.32,1,0.0521,1,Temperature spike,Warning
2026-03-15 00:39:10,28.277,3.302,45.2,101.31,48.56,6.575,226.73,54.9,-81.33,1,0.0425,1,Temperature spike,Warning
2026-03-15 00:39:20,28.459,3.412,49.63,101.66,45.34,6.199,221.18,62.94,-83.15,1,0.0561,1,Temperature spike,Warning
2026-03-15 00:39:30,28.162,3.602,46.31,101.46,47.97,6.446,240.14,56.85,-81.3,1,0.0599,1,Temperature spike,Warning
2026-03-15 00:39:40,28.028,3.681,43.75,101.28,46.93,5.932,228.03,59.81,-83.97,1,0.0611,1,Temperature spike,Warning
2026-03-15 00:39:50,28.031,3.785,51.08,101.32,48.71,6.679,237.8,59.02,-81.79,1,0.0808,1,Temperature spike,Warning
2026-03-15 00:40:00,28.798,3.644,52.31,101.33,46.7,7.071,224.43,59.09,-81.38,1,0.0543,1,Temperature spike,Warning
2026-03-15 00:40:10,28.23,3.026,47.98,101.28,47.47,7.425,200.6,60.72,-84.42,1,0.0494,1,Temperature spike,Warning
2026-03-15 00:40:20,27.545,3.252,50.58,101.03,48.17,6.473,212.21,60.44,-82.78,1,0.0505,1,Temperature spike,Warning
2026-03-15 00:40:30,27.962,3.479,49.92,100.82,48.56,6.711,233.31,60.94,-87.18,1,0.0458,1,Temperature spike,Warning
2026-03-15 00:40:40,28.125,3.557,50.1,101.36,46.02,5.804,219.9,54.52,-84.41,1,0.0409,1,Temperature spike,Warning
2026-03-15 00:40:50,28.627,3.738,53.1,101.1,47.0,6.945,226.59,58.89,-80.54,1,0.059,1,Temperature spike,Warning
2026-03-15 00:41:00,28.36,3.536,51.3,101.51,46.76,6.681,233.58,58.5,-77.42,1,0.0403,1,Temperature spike,Warning
2026-03-15 00:41:10,27.752,3.541,54.48,101.33,46.47,6.229,225.89,57.18,-81.17,1,0.041,1,Temperature spike,Warning
2026-03-15 00:41:20,28.732,3.591,55.67,101.31,49.28,6.82,217.51,63.77,-79.99,1,0.0461,1,Temperature spike,Warning
2026-03-15 00:41:30,27.974,3.471,46.95,101.69,47.55,6.284,224.23,50.2,-76.21,1,0.0801,1,Temperature spike,Warning
2026-03-15 00:41:40,28.335,3.561,50.79,100.74,45.44,6.198,225.09,58.31,-76.99,1,0.0499,1,Temperature spike,Warning
2026-03-15 00:41:50,27.592,3.825,44.59,102.01,47.94,6.508,220.88,60.86,-76.82,1,0.0436,1,Temperature spike,Warning
2026-03-15 00:42:00,27.196,3.528,44.85,100.43,49.24,5.951,212.97,58.95,-78.71,1,0.0741,1,Temperature spike,Warning
2026-03-15 00:42:10,27.471,3.547,54.54,101.88,47.78,6.66,221.09,54.66,-80.32,1,0.0527,1,Temperature spike,Warning
2026-03-15 00:42:20,26.895,3.553,53.7,101.38,44.55,5.91,223.07,59.05,-77.45,1,0.0469,1,Temperature spike,Warning
2026-03-15 00:42:30,28.481,3.893,54.63,101.09,45.6,5.887,212.13,64.94,-74.57,1,0.0589,1,Temperature spike,Warning
2026-03-15 00:42:40,27.889,3.299,26.86,100.71,47.49,5.907,216.18,39.94,-72.78,1,0.0487,0,Normal,Normal
2026-03-15 00:42:50,27.524,4.029,25.38,101.06,44.89,6.46,217.62,39.67,-70.76,1,0.0596,0,Normal,Normal
2026-03-15 00:43:00,27.914,3.301,25.23,101.23,46.01,5.942,208.28,40.44,-73.17,1,0.0437,0,Normal,Normal
2026-03-15 00:43:10,27.812,3.442,27.78,101.38,46.12,5.647,223.97,41.91,-77.4,1,0.0424,0,Normal,Normal
2026-03-15 00:43:20,21.96,3.804,38.19,101.88,43.75,5.863,454.68,39.07,-80.91,1,0.0493,1,Excessive power consumption,Critical
2026-03-15 00:43:30,23.089,3.889,45.72,101.33,44.44,6.016,402.76,42.39,-75.27,1,0.0458,1,Excessive power consumption,Critical
2026-03-15 00:43:40,21.128,3.295,39.16,101.43,40.22,5.56,403.92,42.44,-73.56,1,0.0539,1,Excessive power consumption,Critical
2026-03-15 00:43:50,21.793,3.389,39.17,101.44,42.45,5.512,467.23,40.23,-84.28,1,0.0633,1,Excessive power consumption,Critical
2026-03-15 00:44:00,22.085,3.749,40.79,101.17,42.9,6.589,435.55,36.08,-80.83,1,0.0748,1,Excessive power consumption,Critical
2026-03-15 00:44:10,23.942,4.286,44.45,101.22,41.18,5.478,427.73,37.88,-77.53,1,0.0614,1,Excessive power consumption,Critical
2026-03-15 00:44:20,21.925,4.033,40.53,101.26,44.06,5.588,444.38,36.9,-78.24,1,0.0463,1,Excessive power consumption,Critical
2026-03-15 00:44:30,23.292,3.683,35.82,101.55,39.76,5.488,430.67,37.85,-80.52,1,0.0595,1,Excessive power consumption,Critical
2026-03-15 00:44:40,22.743,3.166,46.15,100.93,40.26,5.376,422.38,39.14,-74.33,1,0.0513,1,Excessive power consumption,Critical
2026-03-15 00:44:50,21.306,3.819,45.26,101.1,40.2,5.64,451.72,43.79,-71.51,1,0.0755,1,Excessive power consumption,Critical
2026-03-15 00:45:00,23.208,3.919,38.38,101.44,40.97,5.646,471.19,40.61,-75.57,1,0.0584,1,Excessive power consumption,Critical
2026-03-15 00:45:10,22.983,3.765,35.37,100.87,36.66,5.09,429.78,38.11,-79.75,1,0.0424,1,Excessive power consumption,Critical
2026-03-15 00:45:20,22.843,3.683,45.08,101.35,38.85,4.639,405.68,41.87,-73.92,1,0.0412,1,Excessive power consumption,Critical
2026-03-15 00:45:30,21.681,3.972,36.93,101.08,36.48,5.384,478.63,36.44,-77.63,1,0.0518,1,Excessive power consumption,Critical
2026-03-15 00:45:40,22.792,3.736,38.92,101.5,34.24,4.763,436.4,39.07,-77.1,1,0.0468,1,Excessive power consumption,Critical
2026-03-15 00:45:50,22.643,4.482,37.26,101.85,34.86,5.251,441.87,38.02,-70.96,1,0.0428,1,Excessive power consumption,Critical
2026-03-15 00:46:00,22.4,4.436,41.62,101.08,33.38,3.702,424.82,40.55,-70.01,1,0.064,1,Excessive power consumption,Critical
2026-03-15 00:46:10,22.227,4.267,34.57,101.6,31.21,4.392,439.98,36.16,-74.25,1,0.0471,1,Excessive power consumption,Critical
2026-03-15 00:46:20,23.317,4.172,40.6,101.38,30.75,4.824,462.51,38.76,-70.96,1,0.0413,1,Excessive power consumption,Critical
2026-03-15 00:46:30,22.306,4.034,44.04,101.15,28.9,3.853,454.19,41.19,-76.14,1,0.0446,1,Excessive power consumption,Critical
2026-03-15 00:46:40,22.521,4.244,41.08,101.3,28.17,3.717,469.31,37.31,-71.11,1,0.0569,1,Excessive power consumption,Critical
2026-03-15 00:46:50,22.961,4.71,44.43,101.82,27.47,3.715,397.3,39.4,-73.62,1,0.0557,1,Excessive power consumption,Critical
2026-03-15 00:47:00,23.485,4.568,39.55,101.23,27.2,3.23,390.82,38.81,-76.22,1,0.0446,1,Excessive power consumption,Critical
2026-03-15 00:47:10,22.596,4.454,42.4,101.82,22.43,3.13,390.27,40.09,-74.74,1,0.0463,1,Excessive power consumption,Critical
2026-03-15 00:47:20,22.49,4.686,38.35,101.25,25.1,2.934,443.41,38.78,-70.57,1,0.0408,1,Excessive power consumption,Critical
2026-03-15 00:47:30,20.937,4.642,36.85,100.74,18.83,2.648,409.53,38.48,-76.02,1,0.0859,1,Excessive power consumption,Critical
2026-03-15 00:47:40,21.565,4.655,37.5,101.24,19.65,3.116,455.39,37.41,-72.21,1,0.0459,1,Excessive power consumption,Critical
2026-03-15 00:47:50,21.878,4.851,35.32,100.7,19.22,2.669,388.4,40.61,-67.94,1,0.0798,1,Excessive power consumption,Critical
2026-03-15 00:48:00,22.732,4.783,34.73,101.17,17.58,2.422,426.54,34.26,-72.41,1,0.0652,1,Excessive power consumption,Critical
2026-03-15 00:48:10,21.853,4.914,37.19,101.16,15.26,2.45,389.66,38.72,-75.34,1,0.0461,1,Excessive power consumption,Critical
2026-03-15 00:48:20,27.122,4.785,24.3,102.03,14.57,1.914,217.55,38.52,-71.34,1,0.0578,0,Normal,Normal
2026-03-15 00:48:30,27.063,4.723,22.09,101.94,13.09,1.582,198.36,36.83,-68.27,1,0.0496,0,Normal,Normal
2026-03-15 00:48:40,26.672,4.69,23.11,101.33,11.9,1.497,206.24,38.06,-73.99,1,0.0964,0,Normal,Normal
2026-03-15 00:48:50,27.261,4.698,27.54,101.78,12.61,1.571,181.63,42.2,-66.34,1,0.0553,0,Normal,Normal
2026-03-15 00:49:00,27.117,4.5,22.18,101.14,11.07,1.07,201.5,35.21,-67.41,1,0.051,0,Normal,Normal
2026-03-15 00:49:10,26.331,4.707,23.22,100.73,8.91,1.144,192.55,36.88,-68.45,1,0.0552,0,Normal,Normal
2026-03-15 00:49:20,26.987,4.731,22.46,101.51,9.99,1.025,194.34,34.72,-67.58,1,0.0437,0,Normal,Normal
2026-03-15 00:49:30,26.65,4.868,23.46,101.44,8.5,1.844,200.69,37.1,-68.74,1,0.0455,0,Normal,Normal
2026-03-15 00:49:40,27.189,5.413,22.33,100.92,8.39,0.033,193.46,36.71,-67.93,1,0.0587,0,Normal,Normal
2026-03-15 00:49:50,26.404,5.008,23.1,100.94,7.5,0.851,181.98,37.83,-68.54,1,0.0413,0,Normal,Normal
2026-03-15 00:50:00,26.709,5.13,22.3,101.68,5.14,1.435,206.69,36.77,-65.92,1,0.0454,0,Normal,Normal
2026-03-15 00:50:10,26.903,5.159,24.88,100.63,4.9,0.798,182.46,36.77,-64.52,1,0.0545,0,Normal,Normal
2026-03-15 00:50:20,26.789,5.507,23.33,101.52,5.96,0.949,186.97,36.66,-70.69,1,0.12,0,Normal,Normal
2026-03-15 00:50:30,26.98,4.984,21.62,101.17,5.33,0.657,194.37,34.83,-70.16,1,0.079,0,Normal,Normal
2026-03-15 00:50:40,26.274,5.088,24.3,101.52,4.14,0.33,194.14,36.73,-69.06,1,0.0668,0,Normal,Normal
2026-03-15 00:50:50,27.203,5.132,21.52,101.7,3.92,0.0,196.18,34.51,-69.55,1,0.0504,0,Normal,Normal
2026-03-15 00:51:00,26.844,5.456,20.52,100.95,4.95,0.535,193.56,34.52,-64.17,1,0.0645,0,Normal,Normal
2026-03-15 00:51:10,27.073,5.52,22.78,100.84,2.39,0.148,201.45,38.47,-71.91,1,0.0523,0,Normal,Normal
2026-03-15 00:51:20,26.907,5.313,25.55,101.89,3.46,0.1,195.97,38.41,-65.64,1,0.0492,0,Normal,Normal
2026-03-15 00:51:30,26.62,5.513,19.86,101.28,2.3,0.17,182.37,32.51,-62.96,1,0.0438,0,Normal,Normal
2026-03-15 00:51:40,26.217,5.258,20.52,101.43,2.04,0.923,170.89,33.8,-68.71,1,0.0852,0,Normal,Normal
2026-03-15 00:51:50,26.413,5.179,23.56,101.66,3.4,1.124,192.73,37.96,-62.43,1,0.0537,0,Normal,Normal
2026-03-15 00:52:00,27.038,5.524,21.38,100.92,2.88,0.332,203.11,36.84,-63.24,1,0.0569,0,Normal,Normal
2026-03-15 00:52:10,26.956,5.358,23.17,101.66,2.69,0.069,181.23,37.06,-67.63,1,0.0423,0,Normal,Normal
2026-03-15 00:52:20,26.334,5.058,20.9,101.56,3.12,0.0,182.73,33.17,-64.0,1,0.0485,0,Normal,Normal
2026-03-15 00:52:30,23.527,5.497,22.28,101.89,1.43,0.355,299.4,34.8,-68.82,1,0.0901,1,Excessive power consumption,Warning
2026-03-15 00:52:40,24.441,5.2,24.6,101.88,2.09,0.797,295.85,38.82,-69.53,1,0.0613,1,Excessive power consumption,Warning
2026-03-15 00:52:50,24.254,5.174,20.1,101.33,0.79,0.07,281.36,35.29,-67.51,1,0.0722,1,Excessive power consumption,Warning
2026-03-15 00:53:00,23.858,5.484,23.34,101.6,1.44,0.0,331.45,39.51,-61.96,1,0.0476,1,Excessive power consumption,Warning
2026-03-15 00:53:10,23.429,5.242,22.73,101.32,0.8,0.364,308.33,35.31,-67.29,1,0.041,1,Excessive power consumption,Warning
2026-03-15 00:53:20,24.51,5.365,19.38,101.36,0.98,0.462,312.98,33.55,-65.69,1,0.0465,1,Excessive power consumption,Warning
2026-03-15 00:53:30,23.93,5.436,22.36,100.85,1.5,0.0,307.15,35.13,-68.74,1,0.0471,1,Excessive power consumption,Warning
2026-03-15 00:53:40,24.45,5.077,21.54,101.21,0.0,0.159,294.85,34.47,-63.04,1,0.0454,1,Excessive power consumption,Warning
2026-03-15 00:53:50,23.432,5.372,21.48,100.58,3.16,0.246,296.34,34.3,-63.07,1,0.0512,1,Excessive power consumption,Warning
2026-03-15 00:54:00,24.035,5.615,21.76,101.25,0.0,0.055,274.63,35.36,-67.6,1,0.0432,1,Excessive power consumption,Warning
2026-03-15 00:54:10,24.713,5.041,20.63,101.83,0.0,0.0,288.66,33.58,-72.37,1,0.0816,1,Excessive power consumption,Warning
2026-03-15 00:54:20,24.287,5.394,21.17,101.61,1.88,0.423,301.56,38.15,-66.44,1,0.0757,1,Excessive power consumption,Warning
2026-03-15 00:54:30,23.217,5.076,21.34,101.34,1.4,0.0,315.69,34.79,-63.97,1,0.0445,1,Excessive power consumption,Warning
2026-03-15 00:54:40,24.093,5.54,22.0,101.22,1.16,0.0,307.32,37.19,-65.28,1,0.0558,1,Excessive power consumption,Warning
2026-03-15 00:54:50,23.336,5.539,18.5,101.08,1.13,0.0,317.49,31.71,-64.95,1,0.0504,1,Excessive power consumption,Warning
2026-03-15 00:55:00,23.227,5.198,22.63,100.93,0.33,0.488,277.52,39.31,-64.1,1,0.0443,1,Excessive power consumption,Warning
2026-03-15 00:55:10,23.607,5.841,18.87,101.63,0.0,0.259,319.29,33.28,-66.65,1,0.0741,1,Excessive power consumption,Warning
2026-03-15 00:55:20,23.088,5.566,21.65,100.69,0.38,0.07,273.0,36.66,-68.85,1,0.0439,1,Excessive power consumption,Warning
2026-03-15 00:55:30,24.44,5.467,20.54,100.68,0.0,0.0,290.71,33.83,-62.84,1,0.0547,1,Excessive power consumption,Warning
2026-03-15 00:55:40,23.714,5.454,18.4,101.66,1.41,0.0,326.27,33.58,-67.69,1,0.0461,1,Excessive power consumption,Warning
2026-03-15 00:55:50,22.507,5.538,21.02,101.38,0.05,0.0,304.24,35.43,-68.62,1,0.0662,1,Excessive power consumption,Warning
2026-03-15 00:56:00,23.248,5.043,18.72,101.32,0.0,0.0,302.96,32.27,-63.51,1,0.0545,1,Excessive power consumption,Warning
2026-03-15 00:56:10,23.297,5.342,21.65,101.38,0.0,0.0,287.57,34.35,-68.32,1,0.0668,1,Excessive power consumption,Warning
2026-03-15 00:56:20,23.576,5.389,18.89,102.1,0.67,0.0,306.34,32.6,-67.46,1,0.0464,1,Excessive power consumption,Warning
2026-03-15 00:56:30,23.247,5.194,17.62,101.32,0.0,0.0,284.82,31.23,-60.26,1,0.0402,1,Excessive power consumption,Warning
2026-03-15 00:56:40,23.238,5.411,22.07,101.42,0.0,0.234,289.61,37.11,-60.25,1,0.0438,1,Excessive power consumption,Warning
2026-03-15 00:56:50,26.407,5.603,19.95,102.12,0.43,0.005,174.71,33.67,-61.46,1,0.0653,0,Normal,Normal
2026-03-15 00:57:00,26.159,5.19,20.88,101.27,0.42,0.295,188.09,32.58,-62.78,1,0.0457,0,Normal,Normal
2026-03-15 00:57:10,26.188,5.282,18.21,101.99,0.0,0.488,193.86,32.99,-61.61,1,0.0458,0,Normal,Normal
2026-03-15 00:57:20,26.125,5.091,16.56,100.46,0.0,0.385,191.08,32.11,-59.23,1,0.049,0,Normal,Normal
2026-03-15 00:57:30,25.998,4.849,21.82,100.84,0.38,0.178,201.23,33.82,-61.87,1,0.0448,0,Normal,Normal
2026-03-15 00:57:40,26.162,5.491,19.2,101.03,0.0,0.017,200.33,35.37,-64.44,1,0.0647,0,Normal,Normal
2026-03-15 00:57:50,25.213,5.29,19.85,101.53,0.0,0.0,192.12,35.53,-62.62,1,0.0458,0,Normal,Normal
2026-03-15 00:58:00,25.957,5.309,20.01,102.01,0.0,0.27,170.92,33.25,-66.69,1,0.0539,0,Normal,Normal
2026-03-15 00:58:10,25.596,5.05,18.43,101.06,0.0,0.598,195.43,31.09,-64.92,1,0.049,0,Normal,Normal
2026-03-15 00:58:20,26.245,5.251,19.18,101.69,0.44,0.129,183.88,34.44,-64.85,1,0.0451,0,Normal,Normal
2026-03-15 00:58:30,25.838,5.572,21.14,102.19,1.84,0.68,197.1,33.5,-65.9,1,0.0446,0,Normal,Normal
2026-03-15 00:58:40,25.878,5.298,18.61,101.93,1.09,0.0,192.55,31.81,-66.51,1,0.0505,0,Normal,Normal
2026-03-15 00:58:50,25.404,5.305,19.98,101.14,0.0,0.0,195.29,32.4,-61.78,1,0.0436,0,Normal,Normal
2026-03-15 00:59:00,26.147,5.35,15.49,101.65,0.03,0.307,194.05,29.49,-68.59,1,0.0464,0,Normal,Normal
2026-03-15 00:59:10,26.017,4.989,20.07,101.44,0.0,0.099,209.16,35.83,-65.37,1,0.0406,0,Normal,Normal
2026-03-15 00:59:20,25.983,5.454,16.01,101.04,0.03,0.466,194.2,30.46,-69.78,1,0.0634,0,Normal,Normal
2026-03-15 00:59:30,25.56,4.985,19.71,101.47,0.0,0.001,179.79,34.94,-72.04,1,0.0407,0,Normal,Normal
2026-03-15 00:59:40,25.56,5.064,18.7,101.11,0.43,0.0,198.6,32.27,-62.53,1,0.0709,0,Normal,Normal
2026-03-15 00:59:50,25.847,5.036,17.88,101.35,0.0,0.0,186.59,31.99,-62.37,1,0.0407,0,Normal,Normal
2026-03-15 01:00:00,25.56,5.255,17.78,100.75,0.66,0.0,200.79,30.31,-67.8,1,0.0683,0,Normal,Normal
2026-03-15 01:00:10,25.887,5.211,17.46,100.59,1.87,0.0,202.37,31.34,-66.31,1,0.0555,0,Normal,Normal
2026-03-15 01:00:20,25.097,5.298,16.52,101.19,0.0,0.345,195.0,29.62,-67.45,1,0.0506,0,Normal,Normal
2026-03-15 01:00:30,25.588,5.073,17.35,101.43,0.51,0.31,179.8,31.16,-67.57,1,0.0423,0,Normal,Normal
2026-03-15 01:00:40,26.262,5.55,20.88,100.85,0.86,0.131,186.34,34.61,-68.31,1,0.0445,0,Normal,Normal
2026-03-15 01:00:50,25.845,5.507,19.44,101.51,0.0,0.0,200.75,33.06,-65.6,1,0.0576,0,Normal,Normal
2026-03-15 01:01:00,25.752,5.256,16.09,101.32,0.3,0.0,206.01,32.62,-68.26,1,0.0508,0,Normal,Normal
2026-03-15 01:01:10,26.288,5.179,17.71,101.56,0.04,0.0,190.51,33.83,-66.02,1,0.0508,0,Normal,Normal
2026-03-15 01:01:20,24.982,5.154,17.36,101.68,0.14,0.415,187.82,33.06,-62.41,1,0.0421,0,Normal,Normal
2026-03-15 01:01:30,25.428,5.222,16.92,101.84,0.0,0.0,180.58,33.07,-66.4,1,0.0497,0,Normal,Normal
2026-03-15 01:01:40,25.543,4.949,15.54,101.54,0.05,0.0,180.68,31.25,-67.35,1,0.0534,0,Normal,Normal
2026-03-15 01:01:50,25.912,5.059,17.63,101.18,0.62,0.013,191.88,31.6,-69.6,1,0.042,0,Normal,Normal
2026-03-15 01:02:00,25.908,5.514,18.14,101.38,1.76,0.0,195.62,31.99,-68.1,1,0.0949,0,Normal,Normal
2026-03-15 01:02:10,25.377,5.375,15.54,102.23,1.17,0.522,178.12,29.82,-73.23,1,0.0666,0,Normal,Normal
2026-03-15 01:02:20,25.928,5.708,19.64,101.69,2.6,0.0,196.65,33.38,-63.78,1,0.0457,0,Normal,Normal
2026-03-15 01:02:30,25.5,5.225,54.44,101.33,0.0,0.0,249.11,62.15,-71.45,1,0.0524,1,Temperature spike,Critical
2026-03-15 01:02:40,25.976,5.209,61.62,101.24,1.06,0.0,222.1,64.38,-74.51,1,0.0523,1,Temperature spike,Critical
2026-03-15 01:02:50,25.295,5.197,49.41,101.06,0.24,0.0,250.14,65.97,-69.25,1,0.0417,1,Temperature spike,Critical
2026-03-15 01:03:00,25.561,5.22,52.41,100.83,2.64,0.0,240.88,59.57,-68.06,1,0.0486,1,Temperature spike,Critical
2026-03-15 01:03:10,25.444,5.134,59.44,101.98,0.0,0.0,233.94,70.4,-65.34,1,0.0435,1,Temperature spike,Critical
2026-03-15 01:03:20,25.901,5.367,57.3,101.49,0.0,0.418,246.76,64.43,-68.77,1,0.0461,1,Temperature spike,Critical
2026-03-15 01:03:30,25.421,5.307,52.56,100.79,0.0,0.235,226.21,74.43,-66.92,1,0.0832,1,Temperature spike,Critical
2026-03-15 01:03:40,25.558,5.172,55.29,101.25,0.0,0.0,253.2,67.17,-67.11,1,0.052,1,Temperature spike,Critical
2026-03-15 01:03:50,25.717,5.612,56.53,101.81,0.0,0.479,223.93,72.35,-67.61,1,0.041,1,Temperature spike,Critical
2026-03-15 01:04:00,25.723,5.774,62.69,101.12,0.0,0.234,239.25,57.99,-73.71,1,0.0567,1,Temperature spike,Critical
2026-03-15 01:04:10,25.82,5.591,59.27,100.97,0.19,0.0,219.68,68.02,-68.98,1,0.12,1,Temperature spike,Critical
2026-03-15 01:04:20,25.612,5.439,63.64,101.44,0.42,0.0,238.12,72.91,-74.88,1,0.0428,1,Temperature spike,Critical
2026-03-15 01:04:30,25.418,5.49,64.2,101.56,2.26,0.288,242.22,73.39,-64.95,1,0.0572,1,Temperature spike,Critical
2026-03-15 01:04:40,25.434,5.764,58.82,101.12,1.15,0.14,249.35,57.36,-69.05,1,0.0661,1,Temperature spike,Critical
2026-03-15 01:04:50,25.542,5.49,51.86,101.06,0.0,0.061,235.44,58.54,-73.24,1,0.0679,1,Temperature spike,Critical
2026-03-15 01:05:00,25.605,5.153,63.48,101.48,0.0,0.0,244.36,69.02,-70.45,1,0.0584,1,Temperature spike,Critical
2026-03-15 01:05:10,25.482,5.398,50.69,100.85,0.6,0.214,211.8,56.84,-74.83,1,0.0761,1,Temperature spike,Critical
2026-03-15 01:05:20,25.529,5.456,52.16,101.08,0.0,0.0,209.43,58.1,-76.68,1,0.0405,1,Temperature spike,Critical
2026-03-15 01:05:30,25.064,5.051,51.95,101.25,2.21,0.0,242.51,63.09,-69.61,1,0.041,1,Temperature spike,Critical
2026-03-15 01:05:40,25.717,5.228,49.03,101.6,1.43,0.508,223.23,65.04,-75.41,1,0.0422,1,Temperature spike,Critical
2026-03-15 01:05:50,25.568,5.575,49.46,101.13,0.0,0.0,259.67,64.43,-73.24,1,0.0407,1,Temperature spike,Critical
2026-03-15 01:06:00,25.812,4.844,55.61,101.53,0.0,0.0,217.7,56.95,-72.3,1,0.0419,1,Temperature spike,Critical
2026-03-15 01:06:10,25.509,4.987,59.31,101.77,1.63,0.0,240.32,64.35,-73.7,1,0.0655,1,Temperature spike,Critical
2026-03-15 01:06:20,24.985,5.256,53.86,101.1,0.0,0.349,241.3,58.35,-76.46,1,0.074,1,Temperature spike,Critical
2026-03-15 01:06:30,25.397,5.388,50.03,102.59,1.5,0.091,245.96,66.19,-73.43,1,0.0461,1,Temperature spike,Critical
2026-03-15 01:06:40,25.443,4.96,59.59,101.87,0.0,0.0,225.83,59.59,-73.39,1,0.0873,1,Temperature spike,Critical
2026-03-15 01:06:50,25.725,5.268,55.64,101.41,0.0,0.0,225.11,60.33,-71.46,1,0.0481,1,Temperature spike,Critical
2026-03-15 01:07:00,24.88,5.588,59.28,101.23,0.02,0.171,236.14,65.54,-66.97,1,0.0428,1,Temperature spike,Critical
2026-03-15 01:07:10,25.513,5.317,13.81,101.08,0.07,0.0,185.5,27.05,-80.46,1,0.0572,0,Normal,Normal
2026-03-15 01:07:20,25.654,5.534,13.94,101.96,0.0,0.108,186.71,27.81,-77.16,1,0.0482,0,Normal,Normal
2026-03-15 01:07:30,25.302,5.152,13.41,101.38,0.76,0.0,190.69,28.23,-74.33,1,0.0403,0,Normal,Normal
2026-03-15 01:07:40,25.523,5.097,13.24,100.72,0.0,0.0,192.64,26.8,-72.2,1,0.0909,0,Normal,Normal
2026-03-15 01:07:50,25.312,5.512,12.91,100.62,0.0,0.0,199.96,26.46,-74.43,1,0.0537,0,Normal,Normal
2026-03-15 01:08:00,25.282,5.392,16.25,101.34,0.15,0.0,194.26,33.21,-72.33,1,0.0543,0,Normal,Normal
2026-03-15 01:08:10,25.38,5.003,15.11,101.35,0.63,0.0,182.14,26.52,-80.37,1,0.1008,0,Normal,Normal
2026-03-15 01:08:20,25.29,5.099,15.9,100.93,0.86,0.084,183.72,28.35,-77.11,1,0.0669,0,Normal,Normal
2026-03-15 01:08:30,25.71,5.691,16.14,100.69,0.0,0.0,192.49,28.83,-72.01,1,0.0468,0,Normal,Normal
2026-03-15 01:08:40,25.286,5.068,10.38,100.51,0.0,0.0,191.15,26.52,-79.2,1,0.0406,0,Normal,Normal
2026-03-15 01:08:50,25.238,5.533,14.36,101.0,1.54,0.0,183.26,27.58,-85.55,1,0.0438,0,Normal,Normal
2026-03-15 01:09:00,26.041,5.18,12.9,101.15,0.41,0.528,198.43,27.19,-79.53,1,0.0465,0,Normal,Normal
2026-03-15 01:09:10,25.802,5.299,15.4,101.58,0.0,0.0,172.02,28.83,-75.99,1,0.0884,0,Normal,Normal
2026-03-15 01:09:20,24.958,5.373,12.56,101.25,1.87,0.058,192.69,27.28,-77.74,1,0.0729,0,Normal,Normal
2026-03-15 01:09:30,25.29,4.774,12.03,101.73,0.15,0.525,177.63,26.01,-81.61,1,0.0403,0,Normal,Normal
2026-03-15 01:09:40,25.596,4.934,11.4,101.54,1.43,0.0,197.05,25.71,-80.14,1,0.1054,0,Normal,Normal
2026-03-15 01:09:50,25.624,5.321,13.05,101.51,0.09,0.139,187.89,28.59,-82.19,1,0.0445,0,Normal,Normal
2026-03-15 01:10:00,25.083,5.118,14.82,101.69,2.48,0.0,195.99,29.35,-82.06,1,0.0624,0,Normal,Normal
2026-03-15 01:10:10,25.882,5.549,13.78,100.75,2.12,0.0,186.88,26.9,-81.27,1,0.0419,0,Normal,Normal
2026-03-15 01:10:20,25.787,4.898,11.54,101.09,0.0,0.0,200.61,25.91,-78.54,1,0.0437,0,Normal,Normal
2026-03-15 01:10:30,25.688,5.441,16.52,102.26,1.18,0.0,175.08,33.42,-86.23,1,0.0506,0,Normal,Normal
2026-03-15 01:10:40,25.956,4.955,14.21,100.54,0.79,0.954,197.04,28.89,-75.18,1,0.0582,0,Normal,Normal
2026-03-15 01:10:50,25.69,5.211,14.36,101.18,1.66,0.297,185.15,28.54,-79.8,1,0.0464,0,Normal,Normal
2026-03-15 01:11:00,25.694,5.033,15.07,101.49,0.0,0.387,193.01,27.43,-83.01,1,0.071,0,Normal,Normal
2026-03-15 01:11:10,26.032,5.775,10.63,100.55,0.84,0.174,193.35,25.5,-82.82,1,0.0822,0,Normal,Normal
2026-03-15 01:11:20,25.902,4.965,11.68,101.0,1.28,0.0,178.87,26.73,-82.0,1,0.042,0,Normal,Normal
2026-03-15 01:11:30,25.325,5.269,14.24,102.1,0.0,0.14,197.99,28.61,-80.28,1,0.059,0,Normal,Normal
2026-03-15 01:11:40,25.774,4.868,11.74,101.37,0.0,0.378,193.16,25.88,-80.04,1,0.0421,0,Normal,Normal
2026-03-15 01:11:50,25.392,5.699,12.5,101.07,0.0,0.0,190.95,29.9,-81.27,1,0.0463,0,Normal,Normal
2026-03-15 01:12:00,25.749,5.4,12.76,101.38,0.0,0.34,193.09,27.78,-83.14,1,0.0657,0,Normal,Normal
2026-03-15 01:12:10,25.748,5.334,10.91,101.07,0.88,0.249,191.01,26.4,-81.1,1,0.0462,0,Normal,Normal
2026-03-15 01:12:20,25.198,5.668,12.25,101.99,1.82,0.651,196.69,26.33,-87.47,1,0.0757,0,Normal,Normal
2026-03-15 01:12:30,25.584,5.336,14.12,100.9,0.11,0.0,186.24,27.96,-85.07,1,0.048,0,Normal,Normal
2026-03-15 01:12:40,25.708,5.354,13.8,101.09,1.97,0.0,196.7,28.56,-83.63,1,0.0456,0,Normal,Normal
2026-03-15 01:12:50,25.506,5.332,14.34,100.7,0.0,0.0,194.59,28.18,-85.8,1,0.1078,0,Normal,Normal
2026-03-15 01:13:00,25.74,5.44,14.15,101.18,0.0,0.505,188.64,28.09,-82.6,1,0.0487,0,Normal,Normal
2026-03-15 01:13:10,25.896,5.176,13.21,101.23,0.0,0.0,204.79,27.76,-86.13,1,0.0603,0,Normal,Normal
2026-03-15 01:13:20,25.654,5.246,13.06,101.78,0.48,0.0,193.63,26.44,-77.13,1,0.0537,0,Normal,Normal
2026-03-15 01:13:30,25.74,5.502,12.91,100.89,0.0,0.034,191.58,27.18,-86.8,1,0.0434,0,Normal,Normal
2026-03-15 01:13:40,26.098,5.368,11.56,101.49,0.0,0.0,194.61,25.65,-78.05,1,0.0504,0,Normal,Normal
2026-03-15 01:13:50,25.834,5.27,10.92,101.33,0.0,0.006,189.18,26.08,-88.75,1,0.0412,0,Normal,Normal
2026-03-15 01:14:00,25.763,4.949,11.4,100.54,0.0,0.334,199.63,24.67,-76.86,1,0.0585,0,Normal,Normal
2026-03-15 01:14:10,25.425,5.673,11.92,101.01,0.83,0.0,189.85,23.52,-81.27,1,0.051,0,Normal,Normal
2026-03-15 01:14:20,25.925,5.134,11.39,100.99,0.47,0.0,196.58,25.02,-80.78,1,0.042,0,Normal,Normal
2026-03-15 01:14:30,25.833,5.546,12.97,101.97,0.0,0.72,181.48,27.45,-87.39,1,0.0618,0,Normal,Normal
2026-03-15 01:14:40,26.13,5.343,12.63,101.52,0.0,0.0,175.66,27.78,-84.39,1,0.0645,0,Normal,Normal
2026-03-15 01:14:50,25.77,4.975,12.76,101.36,0.0,0.0,193.25,25.93,-84.31,1,0.0599,0,Normal,Normal
2026-03-15 01:15:00,25.223,5.612,12.8,99.58,0.0,0.391,186.96,27.45,-83.96,1,0.046,0,Normal,Normal
2026-03-15 01:15:10,25.27,5.362,14.04,100.54,1.19,0.0,188.49,29.4,-79.96,1,0.0593,0,Normal,Normal
2026-03-15 01:15:20,26.012,5.632,12.21,101.59,0.0,0.0,171.3,27.12,-81.81,1,0.0529,0,Normal,Normal
2026-03-15 01:15:30,25.633,5.253,13.72,101.61,0.65,0.175,203.64,26.77,-84.49,1,0.0518,0,Normal,Normal
2026-03-15 01:15:40,25.947,5.474,12.96,101.0,0.0,0.386,190.87,26.14,-81.09,1,0.0557,0,Normal,Normal
2026-03-15 01:15:50,25.863,4.857,13.86,101.31,0.0,0.0,200.71,28.38,-80.63,1,0.0549,0,Normal,Normal
2026-03-15 01:16:00,25.792,5.173,14.57,101.28,0.0,0.539,178.9,30.52,-85.98,1,0.0641,0,Normal,Normal
2026-03-15 01:16:10,25.826,4.98,12.99,101.37,0.0,0.0,190.83,27.01,-86.15,1,0.104,0,Normal,Normal
2026-03-15 01:16:20,25.609,5.204,12.27,101.15,0.0,0.274,193.31,26.07,-77.95,1,0.0594,0,Normal,Normal
2026-03-15 01:16:30,25.877,5.415,12.24,101.63,0.0,0.0,191.12,24.6,-85.23,1,0.0487,0,Normal,Normal
2026-03-15 01:16:40,25.72,5.146,11.38,101.74,2.43,0.49,191.92,24.94,-86.51,1,0.0493,0,Normal,Normal
2026-03-15 01:16:50,25.798,5.513,11.32,100.92,0.12,0.06,178.94,24.46,-85.11,1,0.0404,0,Normal,Normal
2026-03-15 01:17:00,25.827,5.083,13.41,100.82,0.0,0.0,192.6,27.45,-81.48,1,0.0426,0,Normal,Normal
2026-03-15 01:17:10,25.87,5.518,10.6,100.98,0.34,0.244,183.32,22.79,-82.6,1,0.0439,0,Normal,Normal
2026-03-15 01:17:20,26.23,5.624,14.46,101.32,0.0,0.325,185.13,28.07,-85.18,1,0.1096,0,Normal,Normal
2026-03-15 01:17:30,25.929,5.55,11.8,101.44,0.0,0.238,190.21,24.59,-83.01,1,0.0616,0,Normal,Normal
2026-03-15 01:17:40,26.29,5.21,16.32,101.62,0.85,0.0,187.26,31.44,-84.13,1,0.0423,0,Normal,Normal
2026-03-15 01:17:50,26.46,4.764,10.98,101.69,1.03,0.0,187.73,23.95,-85.34,1,0.0503,0,Normal,Normal
2026-03-15 01:18:00,26.27,5.441,12.39,101.44,0.0,0.016,199.08,25.7,-85.85,1,0.0436,0,Normal,Normal
2026-03-15 01:18:10,26.19,5.264,11.48,101.39,0.0,0.004,188.85,25.82,-84.52,1,0.0453,0,Normal,Normal
2026-03-15 01:18:20,26.143,5.05,10.81,101.96,0.0,0.283,186.93,24.27,-86.23,1,0.0539,0,Normal,Normal
2026-03-15 01:18:30,26.321,5.155,13.6,101.3,0.0,0.0,189.13,30.43,-84.78,1,0.0537,0,Normal,Normal
2026-03-15 01:18:40,26.104,5.652,10.34,101.54,0.0,0.141,181.24,25.46,-85.15,1,0.0708,0,Normal,Normal
2026-03-15 01:18:50,26.389,5.009,10.99,101.43,1.83,0.0,191.44,25.01,-89.35,1,0.0427,0,Normal,Normal
2026-03-15 01:19:00,26.295,5.409,12.88,101.23,2.18,0.0,195.92,27.32,-86.58,1,0.0503,0,Normal,Normal
2026-03-15 01:19:10,26.02,5.346,13.12,101.23,0.0,0.0,192.68,24.29,-85.76,1,0.0537,0,Normal,Normal
2026-03-15 01:19:20,26.413,5.202,9.92,101.83,0.94,0.0,190.47,25.4,-79.39,1,0.08,0,Normal,Normal
2026-03-15 01:19:30,26.189,5.451,12.88,101.26,0.64,0.0,195.01,27.5,-85.43,1,0.0509,0,Normal,Normal
2026-03-15 01:19:40,26.147,5.697,12.21,101.16,3.98,0.0,185.78,26.12,-84.1,1,0.0462,0,Normal,Normal
2026-03-15 01:19:50,26.054,5.214,10.65,101.01,1.66,0.0,190.54,25.33,-78.43,1,0.0452,0,Normal,Normal
2026-03-15 01:20:00,26.264,5.226,10.85,101.47,0.19,0.233,201.44,25.67,-89.59,1,0.0437,0,Normal,Normal
2026-03-15 01:20:10,26.531,5.441,8.99,101.1,0.0,0.0,187.92,22.49,-89.41,1,0.0892,0,Normal,Normal
2026-03-15 01:20:20,26.517,5.514,14.62,101.43,0.0,0.0,195.16,29.08,-87.09,1,0.0539,0,Normal,Normal
2026-03-15 01:20:30,26.375,5.251,13.58,101.37,0.7,0.601,195.39,28.84,-85.7,1,0.0454,0,Normal,Normal
2026-03-15 01:20:40,26.467,5.205,10.14,101.13,0.0,0.415,184.3,24.68,-85.34,1,0.0605,0,Normal,Normal
2026-03-15 01:20:50,21.772,4.725,30.77,100.74,0.0,0.389,387.68,26.98,-86.11,1,0.0451,1,Excessive power consumption,Critical
2026-03-15 01:21:00,22.348,5.083,22.69,100.89,0.0,0.0,415.08,25.59,-88.21,1,0.0505,1,Excessive power consumption,Critical
2026-03-15 01:21:10,22.173,4.991,25.46,100.95,0.0,0.279,411.29,29.14,-81.51,1,0.0404,1,Excessive power consumption,Critical
2026-03-15 01:21:20,20.373,5.444,26.85,100.9,2.74,0.015,434.54,26.33,-85.72,1,0.0681,1,Excessive power consumption,Critical
2026-03-15 01:21:30,20.122,5.209,28.44,101.48,1.85,0.038,400.59,24.21,-80.72,1,0.087,1,Excessive power consumption,Critical
2026-03-15 01:21:40,21.491,5.197,29.25,102.15,0.86,0.261,418.92,26.44,-87.23,1,0.0701,1,Excessive power consumption,Critical
2026-03-15 01:21:50,20.687,5.262,27.41,101.1,2.73,0.0,378.75,25.74,-78.21,1,0.0428,1,Excessive power consumption,Critical
2026-03-15 01:22:00,21.257,5.043,32.13,101.15,1.14,0.665,445.88,29.7,-88.99,1,0.0662,1,Excessive power consumption,Critical
2026-03-15 01:22:10,20.783,5.645,27.97,101.07,0.12,0.101,383.58,27.61,-83.93,1,0.0464,1,Excessive power consumption,Critical
2026-03-15 01:22:20,21.623,5.577,28.02,101.64,3.1,0.389,395.55,25.97,-86.77,1,0.0813,1,Excessive power consumption,Critical
2026-03-15 01:22:30,21.821,5.652,28.14,101.47,2.05,0.7,413.33,26.17,-83.55,1,0.0453,1,Excessive power consumption,Critical
2026-03-15 01:22:40,22.448,5.413,27.47,101.29,0.31,0.571,385.38,23.02,-86.48,1,0.0414,1,Excessive power consumption,Critical
2026-03-15 01:22:50,22.455,5.228,22.23,100.81,1.48,0.0,387.58,25.93,-89.85,1,0.0688,1,Excessive power consumption,Critical
2026-03-15 01:23:00,22.303,5.633,25.58,100.91,0.84,0.412,405.2,27.3,-85.63,1,0.0419,1,Excessive power consumption,Critical
2026-03-15 01:23:10,22.485,5.052,31.85,101.37,0.43,0.58,374.52,27.36,-78.37,1,0.0517,1,Excessive power consumption,Critical
2026-03-15 01:23:20,21.469,4.996,29.97,101.39,3.41,0.624,366.19,28.38,-86.02,1,0.0471,1,Excessive power consumption,Critical
2026-03-15 01:23:30,21.119,5.054,26.96,101.29,4.83,0.0,428.87,24.92,-81.35,1,0.0612,1,Excessive power consumption,Critical
2026-03-15 01:23:40,22.205,5.325,21.86,101.57,1.13,0.15,381.13,23.99,-82.72,1,0.0607,1,Excessive power consumption,Critical
2026-03-15 01:23:50,21.35,4.993,27.96,100.81,3.77,0.768,396.72,28.56,-83.95,1,0.0625,1,Excessive power consumption,Critical
2026-03-15 01:24:00,21.57,5.133,31.81,101.42,2.64,0.197,392.68,28.18,-76.3,1,0.041,1,Excessive power consumption,Critical
2026-03-15 01:24:10,22.924,4.758,32.19,101.4,3.19,0.406,450.83,28.94,-83.22,1,0.0693,1,Excessive power consumption,Critical
2026-03-15 01:24:20,22.738,5.264,29.19,100.92,3.45,1.116,356.39,29.38,-81.6,1,0.0494,1,Excessive power consumption,Critical
2026-03-15 01:24:30,21.52,4.748,28.56,101.06,3.56,0.605,431.06,28.53,-81.69,1,0.0437,1,Excessive power consumption,Critical
2026-03-15 01:24:40,23.042,4.877,25.55,101.58,5.12,0.431,382.09,27.63,-77.05,1,0.0453,1,Excessive power consumption,Critical
2026-03-15 01:24:50,21.253,5.395,29.48,100.84,4.58,0.448,434.23,24.87,-86.1,1,0.075,1,Excessive power consumption,Critical
2026-03-15 01:25:00,22.393,5.365,33.32,102.29,6.46,0.947,417.41,27.98,-74.7,1,0.0401,1,Excessive power consumption,Critical
2026-03-15 01:25:10,20.13,5.141,27.32,101.52,6.69,0.447,365.92,29.91,-76.69,1,0.0643,1,Excessive power consumption,Critical
2026-03-15 01:25:20,23.867,5.091,28.24,101.28,7.12,0.917,380.25,27.97,-79.87,1,0.0786,1,Excessive power consumption,Critical
2026-03-15 01:25:30,21.992,4.862,26.2,101.2,7.04,1.217,356.58,27.63,-79.02,1,0.0443,1,Excessive power consumption,Critical
2026-03-15 01:25:40,21.36,4.773,26.0,101.62,8.21,1.661,434.29,24.91,-81.37,1,0.0659,1,Excessive power consumption,Critical
2026-03-15 01:25:50,26.555,4.844,12.83,101.14,10.65,1.553,189.92,25.83,-80.04,1,0.0426,0,Normal,Normal
2026-03-15 01:26:00,27.248,4.523,13.34,101.15,11.24,1.19,204.48,27.96,-79.04,1,0.0402,0,Normal,Normal
2026-03-15 01:26:10,27.528,4.928,14.55,101.88,10.42,1.982,209.75,26.61,-82.83,1,0.0539,0,Normal,Normal
2026-03-15 01:26:20,26.976,4.839,11.2,101.11,12.73,1.603,183.64,25.86,-75.34,1,0.0556,0,Normal,Normal
2026-03-15 01:26:30,26.713,4.553,10.9,101.35,14.59,1.421,214.82,24.03,-79.02,1,0.0424,0,Normal,Normal
2026-03-15 01:26:40,26.997,5.136,13.83,101.0,12.81,1.946,206.99,26.59,-79.06,1,0.0508,0,Normal,Normal
2026-03-15 01:26:50,26.393,4.852,15.4,101.4,16.66,2.671,203.73,28.53,-81.88,1,0.0473,0,Normal,Normal
2026-03-15 01:27:00,27.073,4.827,15.83,101.53,16.44,2.392,197.98,31.66,-75.56,1,0.0412,0,Normal,Normal
2026-03-15 01:27:10,27.353,4.484,11.51,101.97,19.2,2.512,204.83,25.91,-78.99,1,0.0506,0,Normal,Normal
2026-03-15 01:27:20,27.119,4.556,12.79,100.93,18.92,3.259,211.64,25.7,-80.21,1,0.0532,0,Normal,Normal
2026-03-15 01:27:30,27.067,4.663,11.23,100.72,19.01,2.367,226.32,26.16,-81.68,1,0.0437,0,Normal,Normal
2026-03-15 01:27:40,27.334,4.493,12.67,101.19,20.59,2.602,223.97,27.67,-78.69,1,0.0602,0,Normal,Normal
2026-03-15 01:27:50,27.38,4.804,15.24,101.05,23.98,2.673,195.21,28.78,-81.49,1,0.0411,0,Normal,Normal
2026-03-15 01:28:00,26.724,4.3,13.59,101.29,25.61,3.556,206.78,28.74,-76.72,1,0.052,0,Normal,Normal
2026-03-15 01:28:10,27.271,4.174,13.11,101.51,25.59,3.67,210.07,28.31,-75.21,1,0.0454,0,Normal,Normal
2026-03-15 01:28:20,27.999,4.407,14.54,102.21,28.8,4.336,221.19,29.56,-78.49,1,0.0486,0,Normal,Normal
2026-03-15 01:28:30,26.89,3.883,12.59,101.12,27.37,4.062,210.74,25.78,-76.37,1,0.0736,0,Normal,Normal
2026-03-15 01:28:40,27.288,4.381,16.23,100.42,30.59,4.011,206.32,28.82,-73.19,1,0.0566,0,Normal,Normal
2026-03-15 01:28:50,27.92,3.778,13.91,101.2,30.47,4.324,213.71,25.88,-77.14,1,0.0424,0,Normal,Normal
2026-03-15 01:29:00,27.692,4.217,13.36,101.44,32.36,4.529,211.08,26.57,-76.71,1,0.0726,0,Normal,Normal
2026-03-15 01:29:10,27.23,3.851,14.9,100.91,34.36,4.061,222.91,28.46,-76.14,1,0.047,0,Normal,Normal
2026-03-15 01:29:20,27.469,4.091,15.5,101.39,34.38,5.745,234.92,29.15,-77.25,1,0.0463,0,Normal,Normal
2026-03-15 01:29:30,27.43,4.159,16.54,101.35,36.0,5.12,223.87,30.49,-76.75,1,0.0504,0,Normal,Normal
2026-03-15 01:29:40,27.229,3.934,13.9,101.4,38.66,5.145,224.92,29.98,-77.77,1,0.0434,0,Normal,Normal
2026-03-15 01:29:50,27.454,3.561,15.91,101.62,37.69,5.413,227.87,29.5,-73.94,1,0.0768,0,Normal,Normal
2026-03-15 01:30:00,27.416,3.604,14.49,101.27,40.25,5.563,222.25,28.44,-75.21,1,0.0495,0,Normal,Normal
2026-03-15 01:30:10,27.557,3.616,13.49,101.52,38.69,5.374,216.01,25.31,-72.97,1,0.0475,0,Normal,Normal
2026-03-15 01:30:20,27.322,3.297,13.31,100.58,41.42,5.302,217.34,29.98,-71.47,1,0.0428,0,Normal,Normal
2026-03-15 01:30:30,27.187,4.027,12.9,100.92,43.2,5.826,229.01,25.32,-77.45,1,0.0643,0,Normal,Normal
2026-03-15 01:30:40,27.581,3.749,13.5,101.16,39.13,5.836,223.01,26.65,-76.58,1,0.0858,0,Normal,Normal
2026-03-15 01:30:50,28.131,3.416,16.36,100.9,41.72,5.496,213.26,31.19,-71.76,1,0.0706,0,Normal,Normal
2026-03-15 01:31:00,27.664,4.044,15.81,101.3,43.89,6.347,231.97,30.11,-74.37,1,0.0426,0,Normal,Normal
2026-03-15 01:31:10,27.563,3.487,12.96,101.16,43.44,6.018,215.66,28.93,-73.14,1,0.0609,0,Normal,Normal
2026-03-15 01:31:20,27.912,3.708,12.27,101.12,44.56,6.229,213.15,27.14,-72.9,1,0.0434,0,Normal,Normal
2026-03-15 01:31:30,27.662,3.425,13.3,101.65,43.78,6.514,215.44,27.2,-75.76,1,0.0406,0,Normal,Normal
2026-03-15 01:31:40,28.293,3.113,13.87,101.33,44.97,6.083,225.16,29.13,-71.18,1,0.0499,0,Normal,Normal
2026-03-15 01:31:50,27.754,3.264,14.66,100.87,45.0,6.23,230.73,30.05,-71.72,1,0.0566,0,Normal,Normal
2026-03-15 01:32:00,27.988,3.482,16.94,101.06,46.88,6.442,225.2,30.15,-75.27,1,0.042,0,Normal,Normal
2026-03-15 01:32:10,27.575,3.809,14.44,101.6,46.04,5.94,218.9,29.59,-72.52,1,0.054,0,Normal,Normal
2026-03-15 01:32:20,27.975,3.663,17.86,101.38,46.38,6.245,217.06,31.59,-72.13,1,0.0678,0,Normal,Normal
2026-03-15 01:32:30,27.93,3.603,12.89,101.78,45.69,6.298,229.85,26.77,-69.34,1,0.0435,0,Normal,Normal
2026-03-15 01:32:40,27.853,3.058,14.96,101.64,45.79,5.945,223.07,29.14,-67.84,1,0.0484,0,Normal,Normal
2026-03-15 01:32:50,27.743,3.872,16.74,101.14,46.03,7.114,226.67,30.29,-71.17,1,0.0504,0,Normal,Normal
2026-03-15 01:33:00,27.724,3.605,16.91,101.87,47.17,5.831,222.93,30.39,-75.97,1,0.0667,0,Normal,Normal
2026-03-15 01:33:10,28.023,3.514,15.22,101.91,46.33,5.888,226.55,30.4,-68.54,1,0.0621,0,Normal,Normal
2026-03-15 01:33:20,28.15,3.822,17.3,100.59,47.3,6.819,227.36,29.47,-63.92,1,0.062,0,Normal,Normal
2026-03-15 01:33:30,27.946,3.847,17.1,101.31,49.56,6.623,243.72,29.82,-68.15,1,0.057,0,Normal,Normal
2026-03-15 01:33:40,28.093,3.82,14.94,101.08,48.21,6.028,227.61,29.75,-70.92,1,0.0544,0,Normal,Normal
2026-03-15 01:33:50,28.017,3.466,16.51,101.2,46.86,6.611,221.35,30.43,-68.7,1,0.0507,0,Normal,Normal
2026-03-15 01:34:00,28.081,3.274,17.18,100.97,48.77,6.923,225.92,32.37,-67.3,1,0.0469,0,Normal,Normal
2026-03-15 01:34:10,28.013,3.77,15.29,100.92,46.91,6.408,216.96,29.72,-69.17,1,0.0508,0,Normal,Normal
2026-03-15 01:34:20,28.101,3.179,18.83,101.66,45.02,7.337,216.94,31.23,-65.37,1,0.0688,0,Normal,Normal
2026-03-15 01:34:30,28.927,4.005,15.12,100.83,46.31,5.831,234.65,29.19,-72.52,1,0.0527,0,Normal,Normal
2026-03-15 01:34:40,28.234,3.523,16.67,101.34,45.32,6.684,227.12,31.31,-70.15,1,0.1036,0,Normal,Normal
2026-03-15 01:34:50,28.356,3.249,14.66,100.76,47.19,6.856,233.67,28.94,-67.37,1,0.0423,0,Normal,Normal
2026-03-15 01:35:00,28.315,3.205,16.77,101.81,47.67,6.765,211.75,30.21,-66.48,1,0.0487,0,Normal,Normal
2026-03-15 01:35:10,28.127,3.192,15.1,101.31,49.7,6.386,216.97,28.77,-70.04,1,0.0434,0,Normal,Normal
2026-03-15 01:35:20,28.616,3.546,16.35,101.6,48.11,6.36,227.18,29.68,-69.58,1,0.0468,0,Normal,Normal
2026-03-15 01:35:30,28.162,3.508,14.49,101.38,47.49,6.621,218.22,26.9,-70.05,1,0.0634,0,Normal,Normal
2026-03-15 01:35:40,28.587,3.199,18.16,101.2,48.77,6.755,213.44,30.4,-70.12,1,0.0661,0,Normal,Normal
2026-03-15 01:35:50,28.192,3.419,17.58,101.33,45.14,6.683,216.22,32.05,-66.17,1,0.0405,0,Normal,Normal
2026-03-15 01:36:00,28.025,3.165,18.76,101.9,48.1,6.839,222.3,31.72,-67.68,1,0.086,0,Normal,Normal
2026-03-15 01:36:10,28.444,3.653,16.7,100.94,48.76,6.121,228.18,31.39,-63.52,1,0.0708,0,Normal,Normal
2026-03-15 01:36:20,28.024,3.492,19.01,100.28,46.08,6.4,238.61,32.29,-70.55,1,0.0753,0,Normal,Normal
2026-03-15 01:36:30,28.537,3.41,17.45,100.99,49.24,6.153,216.48,29.88,-67.59,1,0.0471,0,Normal,Normal
2026-03-15 01:36:40,28.039,3.182,17.65,100.82,48.29,6.349,216.91,31.16,-64.77,1,0.0503,0,Normal,Normal
2026-03-15 01:36:50,28.323,3.429,20.74,101.69,47.39,6.841,213.31,37.26,-65.81,1,0.0428,0,Normal,Normal
2026-03-15 01:37:00,28.009,3.4,16.93,101.23,48.66,6.525,229.51,30.82,-70.0,1,0.0476,0,Normal,Normal
2026-03-15 01:37:10,29.307,3.583,19.59,101.63,50.64,7.4,225.93,34.37,-63.13,1,0.042,0,Normal,Normal
2026-03-15 01:37:20,27.984,3.545,18.56,101.31,48.14,6.557,217.22,32.76,-66.17,1,0.0698,0,Normal,Normal
2026-03-15 01:37:30,28.503,3.701,17.07,101.3,48.23,6.511,218.3,29.39,-60.59,1,0.0531,0,Normal,Normal
2026-03-15 01:37:40,28.863,3.381,16.05,101.37,47.38,6.528,223.96,31.78,-66.62,1,0.0422,0,Normal,Normal
2026-03-15 01:37:50,28.851,3.037,16.56,101.89,46.92,6.269,224.42,30.26,-62.64,1,0.0717,0,Normal,Normal
2026-03-15 01:38:00,28.815,3.75,19.9,101.37,48.94,6.473,216.64,32.32,-67.09,1,0.0413,0,Normal,Normal
2026-03-15 01:38:10,28.484,3.268,20.89,101.74,46.92,6.888,226.38,34.28,-66.62,1,0.0792,0,Normal,Normal
2026-03-15 01:38:20,29.004,3.225,18.52,101.72,48.04,6.534,213.96,32.27,-64.34,1,0.0417,0,Normal,Normal
2026-03-15 01:38:30,28.892,3.491,18.69,101.23,47.39,6.217,225.36,33.59,-70.83,1,0.059,0,Normal,Normal
2026-03-15 01:38:40,28.701,3.577,19.73,101.27,48.54,6.171,223.55,32.91,-71.7,1,0.0555,0,Normal,Normal
2026-03-15 01:38:50,28.729,3.369,18.77,101.15,48.37,6.338,228.18,35.91,-67.59,1,0.0629,0,Normal,Normal
2026-03-15 01:39:00,28.584,3.366,20.4,101.81,49.22,6.522,234.67,33.27,-69.39,1,0.0525,0,Normal,Normal
2026-03-15 01:39:10,28.421,3.403,19.28,100.92,47.36,6.914,222.01,34.01,-72.19,1,0.0465,0,Normal,Normal
2026-03-15 01:39:20,29.084,3.855,19.14,101.01,47.65,6.027,224.99,30.77,-63.13,1,0.0448,0,Normal,Normal
2026-03-15 01:39:30,29.125,3.5,17.98,101.19,46.8,6.385,209.14,31.83,-67.67,1,0.0836,0,Normal,Normal
2026-03-15 01:39:40,28.484,3.259,17.7,100.84,47.45,6.548,240.76,32.14,-66.27,1,0.0487,0,Normal,Normal
2026-03-15 01:39:50,28.722,3.261,14.47,101.06,48.43,5.856,210.1,27.13,-64.78,1,0.0677,0,Normal,Normal
2026-03-15 01:40:00,28.743,3.438,21.15,101.75,48.89,6.206,224.32,36.95,-63.64,1,0.0593,0,Normal,Normal
2026-03-15 01:40:10,28.794,3.56,19.18,101.56,46.88,6.26,204.6,33.7,-64.27,1,0.056,0,Normal,Normal
2026-03-15 01:40:20,28.84,3.622,18.89,101.13,49.03,6.219,218.38,32.51,-64.48,1,0.0929,0,Normal,Normal
2026-03-15 01:40:30,29.122,3.532,16.65,101.62,49.61,6.565,238.87,31.16,-63.65,1,0.0525,0,Normal,Normal
2026-03-15 01:40:40,28.631,3.29,18.71,102.13,48.48,6.442,234.15,32.0,-66.53,1,0.0598,0,Normal,Normal
2026-03-15 01:40:50,28.619,3.394,18.61,101.43,50.24,6.304,232.87,34.11,-67.16,1,0.0684,0,Normal,Normal
2026-03-15 01:41:00,29.26,3.684,18.67,101.87,47.06,6.648,223.45,33.89,-71.96,1,0.0407,0,Normal,Normal
2026-03-15 01:41:10,28.767,3.214,20.45,101.64,46.5,7.102,238.2,34.9,-63.09,1,0.12,0,Normal,Normal
2026-03-15 01:41:20,28.544,3.384,20.23,101.18,45.86,7.073,227.05,34.96,-67.06,1,0.0446,0,Normal,Normal
2026-03-15 01:41:30,28.793,3.65,18.1,101.38,49.79,5.826,230.51,30.33,-59.06,1,0.0582,0,Normal,Normal
2026-03-15 01:41:40,28.856,3.719,18.29,101.51,48.78,6.701,246.17,34.05,-62.8,1,0.0861,0,Normal,Normal
2026-03-15 01:41:50,29.437,3.452,18.38,101.0,47.93,6.437,233.72,32.26,-62.18,1,0.0616,0,Normal,Normal
2026-03-15 01:42:00,29.264,3.397,23.13,100.26,48.33,6.553,224.47,38.36,-62.94,1,0.0439,0,Normal,Normal
2026-03-15 01:42:10,29.346,3.17,22.75,100.97,46.64,6.36,229.08,37.65,-63.49,1,0.0467,0,Normal,Normal
2026-03-15 01:42:20,29.263,3.632,19.33,100.44,50.93,6.54,236.23,34.54,-63.69,1,0.048,0,Normal,Normal
2026-03-15 01:42:30,29.316,3.83,17.73,101.0,48.15,6.552,229.98,30.48,-63.44,1,0.0532,0,Normal,Normal
2026-03-15 01:42:40,28.841,4.141,20.98,100.62,48.13,6.297,231.26,33.88,-64.67,1,0.0539,0,Normal,Normal
2026-03-15 01:42:50,29.002,3.597,20.95,101.65,48.87,6.186,235.3,37.65,-67.09,1,0.0633,0,Normal,Normal
2026-03-15 01:43:00,28.779,3.487,21.45,100.83,48.57,6.342,245.24,33.63,-68.83,1,0.0695,0,Normal,Normal
2026-03-15 01:43:10,29.027,3.27,22.18,101.52,48.26,6.581,217.52,34.86,-64.09,1,0.0414,0,Normal,Normal
2026-03-15 01:43:20,29.309,3.03,21.84,101.61,47.05,6.709,230.61,35.89,-61.55,1,0.0448,0,Normal,Normal
2026-03-15 01:43:30,29.158,3.544,19.58,101.58,48.56,6.798,228.67,33.63,-65.87,1,0.0463,0,Normal,Normal
2026-03-15 01:43:40,29.525,4.088,21.78,100.55,50.26,6.327,221.91,35.14,-65.11,1,0.0402,0,Normal,Normal
2026-03-15 01:43:50,28.803,3.818,22.72,101.75,49.61,6.599,219.82,37.46,-69.6,1,0.0481,0,Normal,Normal
2026-03-15 01:44:00,29.308,3.779,20.44,101.47,49.91,6.837,238.21,35.52,-67.09,1,0.0467,0,Normal,Normal
2026-03-15 01:44:10,28.796,3.561,22.07,101.62,47.38,6.908,216.82,36.05,-69.5,1,0.0512,0,Normal,Normal
2026-03-15 01:44:20,29.212,3.59,20.88,102.03,46.81,6.479,213.73,34.56,-69.39,1,0.0416,0,Normal,Normal
2026-03-15 01:44:30,29.418,2.894,24.79,101.62,47.85,6.422,220.49,38.77,-65.72,1,0.048,0,Normal,Normal
2026-03-15 01:44:40,29.144,3.691,19.9,100.83,48.06,6.567,210.74,33.3,-66.29,1,0.0536,0,Normal,Normal
2026-03-15 01:44:50,29.386,3.355,23.71,101.56,49.31,6.097,218.23,35.68,-63.86,1,0.0644,0,Normal,Normal
2026-03-15 01:45:00,28.944,3.325,19.56,100.7,45.97,6.432,216.58,33.93,-64.04,1,0.0618,0,Normal,Normal
2026-03-15 01:45:10,28.744,3.419,24.85,101.27,49.83,6.76,225.69,39.77,-69.08,1,0.0478,0,Normal,Normal
2026-03-15 01:45:20,29.422,3.411,20.54,101.1,47.81,6.724,236.56,34.35,-72.39,1,0.0474,0,Normal,Normal
2026-03-15 01:45:30,29.789,3.321,22.62,101.3,47.49,6.405,220.28,33.91,-69.56,1,0.0406,0,Normal,Normal
2026-03-15 01:45:40,28.978,3.504,19.98,100.7,46.78,6.576,231.92,33.3,-68.97,1,0.0413,0,Normal,Normal
2026-03-15 01:45:50,29.654,3.36,20.49,100.74,46.01,6.211,231.01,35.58,-65.32,1,0.0709,0,Normal,Normal
2026-03-15 01:46:00,29.311,3.525,23.95,101.12,48.99,6.746,207.24,36.23,-65.28,1,0.0646,0,Normal,Normal
2026-03-15 01:46:10,28.907,3.128,24.23,101.21,48.09,6.473,220.58,39.07,-67.4,1,0.0403,0,Normal,Normal
2026-03-15 01:46:20,28.978,3.447,23.14,101.13,46.45,6.403,221.99,36.6,-65.19,1,0.0721,0,Normal,Normal
2026-03-15 01:46:30,29.332,3.226,23.98,101.88,46.44,6.373,228.05,37.96,-59.88,1,0.0543,0,Normal,Normal
2026-03-15 01:46:40,29.215,3.34,24.52,101.47,47.6,6.478,229.56,37.7,-68.08,1,0.0643,0,Normal,Normal
2026-03-15 01:46:50,28.952,3.536,22.01,101.46,50.0,6.343,227.65,34.65,-68.59,1,0.0505,0,Normal,Normal
2026-03-15 01:47:00,28.846,3.099,21.03,101.15,47.69,6.73,217.84,36.75,-70.58,1,0.0424,0,Normal,Normal
2026-03-15 01:47:10,29.109,3.294,23.19,100.74,46.2,6.362,219.93,38.17,-67.27,1,0.0466,0,Normal,Normal
2026-03-15 01:47:20,29.429,3.642,22.43,101.3,47.7,7.057,212.97,37.2,-64.98,1,0.049,0,Normal,Normal
2026-03-15 01:47:30,29.377,3.147,23.96,102.02,47.67,7.013,225.53,39.05,-70.07,1,0.061,0,Normal,Normal
2026-03-15 01:47:40,29.237,3.944,24.29,101.39,44.76,6.188,222.06,38.89,-69.93,1,0.0651,0,Normal,Normal
2026-03-15 01:47:50,29.455,3.801,22.53,101.75,47.93,6.524,229.26,37.66,-70.5,1,0.0603,0,Normal,Normal
2026-03-15 01:48:00,29.714,3.376,24.69,101.8,47.72,6.272,230.57,37.89,-72.57,1,0.0497,0,Normal,Normal
2026-03-15 01:48:10,29.527,3.303,24.7,101.52,48.83,6.386,222.33,40.35,-68.91,1,0.0563,0,Normal,Normal
2026-03-15 01:48:20,29.38,3.551,24.88,101.39,50.22,7.201,227.26,40.43,-69.0,1,0.0453,0,Normal,Normal
2026-03-15 01:48:30,29.701,3.138,23.27,100.9,49.35,6.392,223.27,37.72,-69.82,1,0.1061,0,Normal,Normal
2026-03-15 01:48:40,29.141,2.999,25.13,101.22,47.68,6.626,216.09,38.78,-64.38,1,0.0428,0,Normal,Normal
2026-03-15 01:48:50,29.367,3.385,24.82,101.16,46.67,6.689,218.6,37.35,-68.9,1,0.0593,0,Normal,Normal
2026-03-15 01:49:00,29.38,3.467,25.08,101.43,51.09,6.15,206.85,39.35,-73.65,1,0.0425,0,Normal,Normal
2026-03-15 01:49:10,29.075,3.524,26.72,100.73,48.07,6.201,221.83,42.74,-68.62,1,0.0449,0,Normal,Normal
2026-03-15 01:49:20,29.325,3.346,24.77,101.09,48.02,6.078,220.25,37.38,-71.74,1,0.0607,0,Normal,Normal
2026-03-15 01:49:30,28.834,3.819,23.45,101.46,47.97,6.19,216.24,38.67,-71.92,1,0.0596,0,Normal,Normal
2026-03-15 01:49:40,30.035,3.126,22.77,101.02,48.24,5.502,231.55,36.2,-71.67,1,0.042,0,Normal,Normal
2026-03-15 01:49:50,29.184,3.215,26.2,100.93,47.83,6.691,229.21,39.74,-72.22,1,0.057,0,Normal,Normal
2026-03-15 01:50:00,29.945,3.622,25.12,100.98,47.31,7.219,229.43,37.71,-70.77,1,0.0434,0,Normal,Normal
2026-03-15 01:50:10,29.485,3.21,27.17,101.19,47.34,6.552,230.53,40.27,-65.45,1,0.0942,0,Normal,Normal
2026-03-15 01:50:20,29.647,3.2,21.7,100.35,47.96,6.004,224.99,36.47,-73.13,1,0.0539,0,Normal,Normal
2026-03-15 01:50:30,29.334,3.531,26.18,101.0,47.35,6.275,224.9,41.11,-71.98,1,0.0401,0,Normal,Normal
2026-03-15 01:50:40,29.546,3.237,24.5,101.68,47.14,6.339,231.64,38.78,-71.77,1,0.0435,0,Normal,Normal
2026-03-15 01:50:50,29.682,3.467,24.43,101.43,48.13,6.144,230.34,37.83,-74.23,1,0.0439,0,Normal,Normal
2026-03-15 01:51:00,29.688,3.325,23.89,101.47,47.69,6.801,233.22,36.56,-74.13,1,0.0443,0,Normal,Normal
2026-03-15 01:51:10,29.724,3.285,26.46,100.57,49.8,6.784,224.65,40.53,-70.17,1,0.0522,0,Normal,Normal
2026-03-15 01:51:20,29.383,2.974,26.1,101.13,44.82,6.096,217.11,39.66,-74.91,1,0.0435,0,Normal,Normal
2026-03-15 01:51:30,29.351,3.535,23.53,101.25,49.31,6.754,226.9,37.79,-76.27,1,0.048,0,Normal,Normal
2026-03-15 01:51:40,29.018,3.188,25.57,101.49,49.49,7.034,220.37,39.18,-68.49,1,0.0429,0,Normal,Normal
2026-03-15 01:51:50,29.655,3.458,26.45,101.74,45.51,7.166,230.23,40.09,-77.69,1,0.0565,0,Normal,Normal
2026-03-15 01:52:00,29.823,3.372,25.72,101.68,47.59,7.503,227.3,39.91,-71.65,1,0.0526,0,Normal,Normal
2026-03-15 01:52:10,29.984,3.448,27.19,101.07,47.55,6.184,225.41,41.61,-75.14,1,0.0549,0,Normal,Normal
2026-03-15 01:52:20,29.591,3.463,25.16,101.08,46.31,7.488,221.86,40.62,-78.41,1,0.0914,0,Normal,Normal
2026-03-15 01:52:30,29.27,3.548,22.28,101.86,47.07,6.376,233.01,35.87,-76.13,1,0.0476,0,Normal,Normal
2026-03-15 01:52:40,28.991,3.318,26.0,101.16,46.67,6.293,232.39,40.66,-75.91,1,0.0436,0,Normal,Normal
2026-03-15 01:52:50,29.812,3.811,26.06,100.87,50.1,6.614,220.52,42.22,-80.36,1,0.12,0,Normal,Normal
2026-03-15 01:53:00,28.96,3.038,26.32,101.22,49.12,6.296,215.17,41.0,-74.41,1,0.0409,0,Normal,Normal
2026-03-15 01:53:10,29.396,3.443,27.57,101.84,49.53,6.64,226.44,42.97,-74.95,1,0.0649,0,Normal,Normal
2026-03-15 01:53:20,29.429,3.709,23.05,100.94,48.87,6.038,234.49,36.3,-77.21,1,0.0427,0,Normal,Normal
2026-03-15 01:53:30,29.474,3.619,25.68,101.13,46.64,6.416,214.91,38.82,-74.97,1,0.0564,0,Normal,Normal
2026-03-15 01:53:40,29.504,3.256,24.71,100.95,47.37,6.95,228.76,38.52,-76.01,1,0.0496,0,Normal,Normal
2026-03-15 01:53:50,29.533,3.298,24.35,101.68,48.59,6.48,218.43,38.28,-72.97,1,0.0674,0,Normal,Normal
2026-03-15 01:54:00,28.764,3.248,26.11,101.42,46.53,6.549,216.86,41.39,-80.31,1,0.0597,0,Normal,Normal
2026-03-15 01:54:10,29.491,3.65,27.33,101.67,48.86,6.666,232.45,40.45,-78.18,1,0.0428,0,Normal,Normal
2026-03-15 01:54:20,28.815,3.315,26.78,101.93,47.71,6.91,230.2,40.68,-74.53,1,0.0564,0,Normal,Normal
2026-03-15 01:54:30,29.7,3.564,25.36,100.7,47.55,5.921,223.78,40.65,-76.13,1,0.0437,0,Normal,Normal
2026-03-15 01:54:40,29.311,3.566,26.23,101.0,48.85,6.705,231.32,40.49,-84.88,1,0.0428,0,Normal,Normal
2026-03-15 01:54:50,28.826,4.092,27.89,101.13,48.53,6.406,230.47,41.88,-83.21,1,0.0413,0,Normal,Normal
2026-03-15 01:55:00,29.225,3.578,27.58,101.33,47.57,6.558,213.11,41.86,-78.42,1,0.0418,0,Normal,Normal
2026-03-15 01:55:10,29.294,3.297,25.78,101.5,49.39,6.871,225.67,38.42,-73.72,1,0.0583,0,Normal,Normal
2026-03-15 01:55:20,29.818,3.135,25.73,101.1,46.7,6.082,236.3,38.36,-80.15,1,0.1127,0,Normal,Normal
2026-03-15 01:55:30,29.515,3.431,24.13,101.02,48.74,6.145,228.79,36.23,-77.12,1,0.0569,0,Normal,Normal
2026-03-15 01:55:40,29.555,3.47,26.12,101.68,48.71,5.823,204.07,40.36,-79.03,1,0.0585,0,Normal,Normal
2026-03-15 01:55:50,29.8,2.947,24.21,101.52,47.63,6.308,216.43,39.31,-77.75,1,0.0629,0,Normal,Normal
2026-03-15 01:56:00,29.412,3.322,29.96,101.43,48.39,6.966,232.97,44.88,-76.48,1,0.073,0,Normal,Normal
2026-03-15 01:56:10,29.661,3.574,25.62,100.44,46.5,6.458,220.54,40.99,-77.07,1,0.0447,0,Normal,Normal
2026-03-15 01:56:20,29.634,3.367,28.61,101.78,49.11,6.031,233.97,44.36,-77.37,1,0.0539,0,Normal,Normal
2026-03-15 01:56:30,29.037,3.742,29.72,101.37,47.78,6.33,241.37,43.9,-82.14,1,0.0437,0,Normal,Normal
2026-03-15 01:56:40,29.858,3.11,27.37,101.24,47.37,5.979,223.1,41.29,-80.95,1,0.0512,0,Normal,Normal
2026-03-15 01:56:50,28.983,3.669,26.94,100.97,49.26,6.106,220.06,42.71,-79.13,1,0.0435,0,Normal,Normal
2026-03-15 01:57:00,29.677,3.729,25.14,101.05,47.15,6.636,216.95,38.3,-79.43,1,0.041,0,Normal,Normal
2026-03-15 01:57:10,28.94,3.739,26.41,100.94,46.31,6.089,231.07,39.0,-79.28,1,0.0414,0,Normal,Normal
2026-03-15 01:57:20,29.568,3.109,29.62,100.5,46.13,6.889,220.18,43.21,-86.55,1,0.0961,0,Normal,Normal
2026-03-15 01:57:30,29.938,3.579,27.78,100.97,48.73,6.475,221.78,41.23,-77.84,1,0.0401,0,Normal,Normal
2026-03-15 01:57:40,29.307,3.333,27.33,100.66,46.46,6.53,216.13,41.39,-86.71,1,0.0576,0,Normal,Normal
2026-03-15 01:57:50,29.286,3.149,29.3,101.28,50.1,6.402,221.54,42.28,-84.03,1,0.0727,0,Normal,Normal
2026-03-15 01:58:00,29.537,3.397,28.41,100.84,45.5,6.77,219.35,42.85,-81.36,1,0.0475,0,Normal,Normal
2026-03-15 01:58:10,29.247,3.274,27.18,101.59,50.03,6.774,209.14,40.5,-82.2,1,0.0585,0,Normal,Normal
2026-03-15 01:58:20,29.882,3.73,27.76,100.63,48.25,6.617,218.29,43.23,-78.02,1,0.0464,0,Normal,Normal
2026-03-15 01:58:30,29.385,3.628,26.32,101.78,47.88,6.698,230.97,38.88,-85.94,1,0.0513,0,Normal,Normal
2026-03-15 01:58:40,29.221,3.212,26.66,101.63,47.34,6.426,235.79,40.49,-83.68,1,0.0812,0,Normal,Normal
2026-03-15 01:58:50,29.146,3.319,27.22,100.87,48.48,6.69,224.15,40.82,-88.64,1,0.0406,0,Normal,Normal
2026-03-15 01:59:00,29.018,3.405,28.4,101.26,47.95,6.382,225.27,42.68,-82.49,1,0.0447,0,Normal,Normal
2026-03-15 01:59:10,29.099,3.482,25.72,100.96,49.32,6.501,227.29,40.83,-83.65,1,0.0417,0,Normal,Normal
2026-03-15 01:59:20,29.171,3.752,27.74,101.53,48.14,6.404,240.7,42.06,-86.88,1,0.0503,0,Normal,Normal
2026-03-15 01:59:30,29.12,3.673,27.07,102.02,48.18,6.34,216.92,40.91,-79.36,1,0.0621,0,Normal,Normal
2026-03-15 01:59:40,29.057,3.513,26.33,101.77,47.56,6.259,214.9,41.16,-80.18,1,0.0963,0,Normal,Normal
2026-03-15 01:59:50,29.873,3.435,27.13,101.02,47.93,6.663,224.59,42.14,-83.33,1,0.0425,0,Normal,Normal
2026-03-15 02:00:00,28.923,3.057,24.25,101.35,48.37,6.958,228.15,38.57,-80.24,1,0.0407,0,Normal,Normal
2026-03-15 02:00:10,29.264,3.823,26.61,101.91,45.95,6.91,224.73,41.08,-84.05,1,0.0422,0,Normal,Normal
2026-03-15 02:00:20,29.386,3.388,26.12,101.51,46.38,6.06,214.08,40.9,-81.74,1,0.092,0,Normal,Normal
2026-03-15 02:00:30,29.385,3.889,27.38,101.7,48.89,6.951,232.08,39.4,-81.4,1,0.0458,0,Normal,Normal
2026-03-15 02:00:40,29.166,3.549,24.4,101.56,48.2,6.388,223.89,37.97,-87.29,1,0.0447,0,Normal,Normal
2026-03-15 02:00:50,29.099,4.006,28.12,101.33,47.78,6.71,229.43,42.57,-82.88,1,0.0599,0,Normal,Normal
2026-03-15 02:01:00,29.294,3.652,29.22,101.27,48.02,6.182,237.42,42.87,-83.77,1,0.0419,0,Normal,Normal
2026-03-15 02:01:10,29.225,3.142,27.69,100.82,48.41,6.549,213.29,41.35,-87.43,1,0.0464,0,Normal,Normal
2026-03-15 02:01:20,29.054,3.347,28.63,100.99,47.35,6.609,211.25,43.08,-88.27,1,0.0423,0,Normal,Normal
2026-03-15 02:01:30,28.649,3.458,27.13,100.94,47.06,5.98,229.52,41.61,-83.02,1,0.0949,0,Normal,Normal
2026-03-15 02:01:40,28.964,3.282,25.58,101.16,48.23,6.712,208.72,40.14,-85.43,1,0.045,0,Normal,Normal
2026-03-15 02:01:50,28.746,3.406,27.93,101.34,46.82,6.971,221.8,40.98,-89.04,1,0.0447,0,Normal,Normal
2026-03-15 02:02:00,25.322,5.908,28.96,101.26,48.49,6.438,220.43,41.26,-82.96,1,0.0551,1,Battery voltage drop,Warning
2026-03-15 02:02:10,25.456,5.005,25.96,101.39,45.95,6.975,227.88,40.93,-81.95,1,0.0403,1,Battery voltage drop,Warning
2026-03-15 02:02:20,24.884,6.086,27.26,101.57,49.23,6.433,219.67,40.37,-88.32,1,0.0559,1,Battery voltage drop,Warning
2026-03-15 02:02:30,25.991,4.819,27.6,101.13,48.56,6.797,228.93,40.63,-84.85,1,0.0491,1,Battery voltage drop,Warning
2026-03-15 02:02:40,25.207,6.784,32.25,101.6,48.3,5.723,216.46,45.17,-80.33,1,0.0431,1,Battery voltage drop,Warning
2026-03-15 02:02:50,25.357,5.034,28.32,101.76,49.17,7.346,215.06,43.7,-87.65,1,0.05,1,Battery voltage drop,Warning
2026-03-15 02:03:00,25.017,5.517,25.13,101.47,49.99,7.023,225.15,39.39,-79.82,1,0.12,1,Battery voltage drop,Warning
2026-03-15 02:03:10,25.125,5.27,24.76,101.08,49.21,6.399,225.84,39.18,-85.94,1,0.0674,1,Battery voltage drop,Warning
2026-03-15 02:03:20,25.141,5.411,29.09,101.68,45.78,5.809,227.36,43.92,-85.19,1,0.0948,1,Battery voltage drop,Warning
2026-03-15 02:03:30,23.725,5.887,31.73,101.49,46.46,6.6,236.83,45.68,-89.18,1,0.0791,1,Battery voltage drop,Warning
2026-03-15 02:03:40,23.48,5.53,27.58,101.55,47.24,5.993,235.24,42.79,-89.07,1,0.0658,1,Battery voltage drop,Warning
2026-03-15 02:03:50,25.415,5.343,27.49,101.91,48.02,6.654,228.61,40.05,-86.97,1,0.0461,1,Battery voltage drop,Warning
2026-03-15 02:04:00,23.753,4.936,28.64,101.58,48.61,6.643,231.47,41.34,-82.34,1,0.0596,1,Battery voltage drop,Warning
2026-03-15 02:04:10,24.819,6.346,26.8,101.93,47.12,6.169,227.09,39.43,-77.96,1,0.0475,1,Battery voltage drop,Warning
2026-03-15 02:04:20,24.478,5.33,24.18,101.24,48.21,6.891,234.43,38.68,-77.15,1,0.0484,1,Battery voltage drop,Warning
2026-03-15 02:04:30,24.131,6.104,29.54,101.13,47.08,6.78,227.9,44.15,-85.31,1,0.071,1,Battery voltage drop,Warning
2026-03-15 02:04:40,24.741,5.416,27.06,101.76,47.25,6.84,220.57,40.5,-85.99,1,0.0434,1,Battery voltage drop,Warning
2026-03-15 02:04:50,25.094,5.793,29.55,100.91,46.3,6.501,218.97,43.27,-87.84,1,0.0453,1,Battery voltage drop,Warning
2026-03-15 02:05:00,24.301,5.261,26.83,102.06,46.87,6.002,234.2,42.35,-81.5,1,0.08,1,Battery voltage drop,Warning
2026-03-15 02:05:10,24.242,5.953,28.14,101.82,46.36,6.84,223.52,41.31,-86.98,1,0.058,1,Battery voltage drop,Warning
2026-03-15 02:05:20,23.437,5.192,29.23,101.34,46.81,6.403,240.32,43.59,-85.47,1,0.041,1,Battery voltage drop,Warning
2026-03-15 02:05:30,24.087,6.218,29.55,101.78,49.24,6.011,216.15,42.72,-83.21,1,0.0419,1,Battery voltage drop,Warning
2026-03-15 02:05:40,23.421,5.775,28.28,101.56,46.84,6.97,234.99,43.59,-83.29,1,0.053,1,Battery voltage drop,Warning
2026-03-15 02:05:50,24.519,5.295,28.19,100.78,51.13,7.231,221.57,42.94,-86.41,1,0.064,1,Battery voltage drop,Warning
2026-03-15 02:06:00,24.013,5.573,28.83,100.97,48.56,6.482,228.24,41.15,-84.8,1,0.0636,1,Battery voltage drop,Warning
2026-03-15 02:06:10,28.925,3.809,28.58,101.41,48.19,7.251,214.56,42.27,-86.19,1,0.0483,0,Normal,Normal
2026-03-15 02:06:20,28.32,2.677,25.93,101.36,46.93,6.527,210.27,37.44,-86.85,1,0.0445,0,Normal,Normal
2026-03-15 02:06:30,28.736,3.791,25.94,101.82,48.8,6.361,236.81,41.03,-87.35,1,0.0632,0,Normal,Normal
2026-03-15 02:06:40,28.347,3.483,24.67,101.42,47.27,6.273,221.46,41.13,-88.6,1,0.0833,0,Normal,Normal
2026-03-15 02:06:50,28.426,3.325,28.97,100.79,48.1,7.066,232.85,40.35,-83.0,1,0.0488,0,Normal,Normal
2026-03-15 02:07:00,27.469,3.25,27.2,101.08,51.02,6.22,219.71,39.49,-84.71,1,0.0422,0,Normal,Normal
2026-03-15 02:07:10,29.168,3.265,29.0,101.6,47.83,6.749,232.85,43.2,-87.29,1,0.0541,0,Normal,Normal
2026-03-15 02:07:20,28.685,3.332,28.36,100.57,49.31,6.295,221.52,42.33,-87.46,1,0.0411,0,Normal,Normal
2026-03-15 02:07:30,28.27,3.221,26.22,100.74,47.08,6.329,215.26,39.73,-87.39,1,0.0542,0,Normal,Normal
2026-03-15 02:07:40,28.142,3.164,27.52,101.15,47.88,6.85,230.11,39.44,-85.38,1,0.0428,0,Normal,Normal
2026-03-15 02:07:50,28.311,3.243,26.99,101.67,50.04,6.355,232.49,41.38,-80.04,1,0.0509,0,Normal,Normal
2026-03-15 02:08:00,28.654,3.585,26.74,101.21,47.15,6.345,230.05,41.8,-85.33,1,0.0547,0,Normal,Normal
2026-03-15 02:08:10,27.851,3.517,29.0,101.48,50.07,6.882,223.76,46.41,-81.49,1,0.0489,0,Normal,Normal
2026-03-15 02:08:20,28.355,3.643,31.36,101.3,48.73,7.043,210.92,46.93,-78.34,1,0.0663,0,Normal,Normal
2026-03-15 02:08:30,28.908,3.488,29.24,101.24,47.19,6.708,216.35,41.68,-82.37,1,0.047,0,Normal,Normal
2026-03-15 02:08:40,28.016,3.179,27.49,101.04,48.61,6.251,219.28,41.48,-85.03,1,0.0425,0,Normal,Normal
2026-03-15 02:08:50,28.359,3.63,29.39,101.64,49.0,6.299,222.81,44.1,-82.85,1,0.0494,0,Normal,Normal
2026-03-15 02:09:00,28.974,3.256,30.04,100.8,48.56,6.503,233.91,43.21,-82.56,1,0.0897,0,Normal,Normal
2026-03-15 02:09:10,28.482,3.669,25.35,101.21,45.91,6.585,223.91,40.28,-77.09,1,0.0718,0,Normal,Normal
2026-03-15 02:09:20,28.309,3.217,29.24,101.76,46.9,6.124,207.98,44.08,-87.31,1,0.0456,0,Normal,Normal
2026-03-15 02:09:30,28.401,3.338,28.52,100.99,47.45,6.719,204.09,44.0,-78.6,1,0.0442,0,Normal,Normal
2026-03-15 02:09:40,28.107,3.42,29.11,100.68,47.63,6.492,219.24,44.07,-87.01,1,0.0499,0,Normal,Normal
2026-03-15 02:09:50,28.596,3.68,28.51,100.45,48.43,5.857,220.67,42.85,-79.17,1,0.056,0,Normal,Normal
2026-03-15 02:10:00,22.636,3.557,45.52,101.57,47.87,6.128,404.04,40.14,-82.66,1,0.0792,1,Excessive power consumption,Critical
2026-03-15 02:10:10,21.944,3.52,43.09,101.59,46.01,6.271,437.01,42.71,-75.77,1,0.0543,1,Excessive power consumption,Critical
2026-03-15 02:10:20,21.662,3.988,42.28,101.16,48.02,6.416,470.16,41.94,-79.04,1,0.0671,1,Excessive power consumption,Critical
2026-03-15 02:10:30,21.354,3.059,38.75,100.79,48.25,7.096,461.82,39.99,-79.16,1,0.0579,1,Excessive power consumption,Critical
2026-03-15 02:10:40,23.55,3.261,39.29,101.24,48.13,6.51,493.7,41.48,-83.51,1,0.0416,1,Excessive power consumption,Critical
2026-03-15 02:10:50,23.403,3.252,46.06,101.77,48.7,6.124,440.01,43.85,-75.08,1,0.0734,1,Excessive power consumption,Critical
2026-03-15 02:11:00,22.627,3.082,45.08,100.79,48.33,6.486,452.52,42.78,-71.85,1,0.0433,1,Excessive power consumption,Critical
2026-03-15 02:11:10,22.541,3.348,40.79,101.72,47.8,6.275,446.52,40.06,-74.07,1,0.0469,1,Excessive power consumption,Critical
2026-03-15 02:11:20,23.891,3.703,46.06,100.62,47.08,6.5,486.65,40.78,-82.91,1,0.0675,1,Excessive power consumption,Critical
2026-03-15 02:11:30,21.623,3.387,42.66,100.85,45.07,6.577,412.87,39.35,-80.26,1,0.0981,1,Excessive power consumption,Critical
2026-03-15 02:11:40,21.668,3.456,40.82,101.34,47.47,6.782,469.93,39.95,-83.05,1,0.0456,1,Excessive power consumption,Critical
2026-03-15 02:11:50,22.589,3.113,43.15,101.68,47.08,6.334,384.67,35.94,-81.11,1,0.0472,1,Excessive power consumption,Critical
2026-03-15 02:12:00,22.583,3.35,47.77,101.89,47.02,6.897,470.24,41.23,-78.22,1,0.05,1,Excessive power consumption,Critical
2026-03-15 02:12:10,22.377,3.439,42.31,101.7,45.01,6.621,407.73,40.18,-76.66,1,0.0503,1,Excessive power consumption,Critical
2026-03-15 02:12:20,21.655,3.722,37.3,101.92,45.08,6.032,394.55,36.41,-77.04,1,0.0608,1,Excessive power consumption,Critical
2026-03-15 02:12:30,21.216,3.149,44.0,101.37,47.45,7.028,446.71,41.24,-83.58,1,0.0655,1,Excessive power consumption,Critical
2026-03-15 02:12:40,22.255,3.462,42.75,101.05,45.93,6.34,431.36,41.87,-78.31,1,0.1107,1,Excessive power consumption,Critical
2026-03-15 02:12:50,22.396,3.857,39.43,101.77,46.56,5.901,409.62,37.88,-76.43,1,0.0645,1,Excessive power consumption,Critical
2026-03-15 02:13:00,21.901,3.483,41.12,101.85,45.51,6.737,459.69,40.67,-74.91,1,0.0453,1,Excessive power consumption,Critical
2026-03-15 02:13:10,22.932,3.077,38.24,101.67,45.22,6.846,444.78,40.8,-76.25,1,0.0467,1,Excessive power consumption,Critical
2026-03-15 02:13:20,23.604,3.937,42.7,101.55,45.99,6.064,468.21,38.25,-75.84,1,0.0544,1,Excessive power consumption,Critical
2026-03-15 02:13:30,23.881,3.815,41.62,101.86,43.89,5.851,479.15,43.1,-77.79,1,0.0574,1,Excessive power consumption,Critical
2026-03-15 02:13:40,23.071,3.863,42.41,101.44,44.23,5.913,394.4,40.54,-76.04,1,0.0414,1,Excessive power consumption,Critical
2026-03-15 02:13:50,22.464,3.226,42.72,101.29,43.13,6.165,457.78,42.46,-68.87,1,0.0463,1,Excessive power consumption,Critical
2026-03-15 02:14:00,22.137,4.058,43.29,101.59,42.68,6.297,440.57,40.76,-72.77,1,0.0434,1,Excessive power consumption,Critical
2026-03-15 02:14:10,21.908,3.506,39.05,101.49,42.31,5.979,412.85,40.58,-75.07,1,0.0506,1,Excessive power consumption,Critical
2026-03-15 02:14:20,23.124,3.594,39.09,101.65,42.37,5.737,472.22,36.06,-73.74,1,0.0428,1,Excessive power consumption,Critical
2026-03-15 02:14:30,22.906,3.569,43.1,101.25,40.9,6.14,495.43,37.76,-75.47,1,0.053,1,Excessive power consumption,Critical
2026-03-15 02:14:40,22.406,4.007,37.07,101.66,42.3,5.414,382.7,40.73,-75.25,1,0.0494,1,Excessive power consumption,Critical
2026-03-15 02:14:50,23.307,3.753,40.9,101.64,38.97,5.784,443.61,38.57,-72.38,1,0.0478,1,Excessive power consumption,Critical
2026-03-15 02:15:00,27.781,3.949,28.7,101.39,39.02,5.213,210.61,43.35,-76.8,1,0.0557,0,Normal,Normal
2026-03-15 02:15:10,27.335,3.88,25.76,101.0,37.85,5.348,211.83,40.38,-75.16,1,0.0481,0,Normal,Normal
2026-03-15 02:15:20,27.691,3.872,24.39,101.8,39.19,5.032,205.94,38.11,-78.65,1,0.0476,0,Normal,Normal
2026-03-15 02:15:30,27.712,3.696,23.77,100.82,36.7,4.918,218.37,37.48,-71.97,1,0.0558,0,Normal,Normal
2026-03-15 02:15:40,27.516,4.425,26.78,100.92,36.65,4.664,217.46,39.61,-70.86,1,0.0409,0,Normal,Normal
2026-03-15 02:15:50,27.884,3.648,24.35,101.37,32.53,5.117,217.72,37.51,-72.03,1,0.0485,0,Normal,Normal
2026-03-15 02:16:00,27.095,4.16,25.82,100.3,33.46,4.232,214.08,39.75,-74.31,1,0.0433,0,Normal,Normal
2026-03-15 02:16:10,27.191,8.257,23.45,101.92,33.0,4.065,279.65,37.69,-73.51,1,0.0406,1,Current surge,Warning
2026-03-15 02:16:20,27.378,9.297,25.21,101.31,30.76,4.895,260.01,40.06,-72.71,1,0.0405,1,Current surge,Warning
2026-03-15 02:16:30,27.555,7.787,24.08,101.92,30.64,4.319,290.51,38.81,-69.64,1,0.0428,1,Current surge,Warning
2026-03-15 02:16:40,27.322,9.036,24.49,102.02,27.41,2.961,298.53,40.36,-69.58,1,0.0485,1,Current surge,Warning
2026-03-15 02:16:50,27.63,9.239,23.69,101.24,28.36,3.414,272.7,36.53,-76.77,1,0.0525,1,Current surge,Warning
2026-03-15 02:17:00,27.023,8.24,26.35,101.84,28.06,2.792,276.71,40.07,-74.88,1,0.0638,1,Current surge,Warning
2026-03-15 02:17:10,26.856,8.378,24.0,100.88,23.48,2.906,285.12,36.94,-70.72,1,0.054,1,Current surge,Warning
2026-03-15 02:17:20,27.268,8.317,24.45,101.47,22.01,1.954,307.21,39.98,-75.81,1,0.051,1,Current surge,Warning
2026-03-15 02:17:30,27.13,8.334,24.45,101.11,22.92,2.82,290.79,37.84,-68.82,1,0.0406,1,Current surge,Warning
2026-03-15 02:17:40,27.293,9.042,26.93,101.58,21.73,2.286,264.47,42.32,-72.19,1,0.0453,1,Current surge,Warning
2026-03-15 02:17:50,27.099,9.182,25.77,101.65,17.89,2.528,288.8,41.51,-69.02,1,0.0577,1,Current surge,Warning
2026-03-15 02:18:00,26.982,8.342,25.54,101.24,16.73,1.766,269.83,40.04,-70.83,1,0.0447,1,Current surge,Warning
2026-03-15 02:18:10,27.039,9.538,21.91,101.52,15.67,2.196,269.64,36.26,-71.02,1,0.0535,1,Current surge,Warning
2026-03-15 02:18:20,27.047,7.622,23.22,101.68,13.2,1.861,263.73,37.26,-73.77,1,0.0539,1,Current surge,Warning
2026-03-15 02:18:30,26.925,9.314,25.9,101.38,12.58,2.379,253.68,39.52,-71.95,1,0.0455,1,Current surge,Warning
2026-03-15 02:18:40,26.933,4.383,22.28,102.32,11.4,2.202,189.86,35.76,-70.45,1,0.0527,0,Normal,Normal
2026-03-15 02:18:50,26.85,4.479,24.09,101.25,10.67,1.845,204.55,37.91,-70.34,1,0.0418,0,Normal,Normal
2026-03-15 02:19:00,27.206,4.857,22.28,101.96,10.6,1.326,199.31,38.47,-67.53,1,0.0595,0,Normal,Normal
2026-03-15 02:19:10,26.985,4.998,22.35,101.76,10.02,2.014,202.35,35.1,-71.43,1,0.0403,0,Normal,Normal
2026-03-15 02:19:20,27.581,5.072,26.24,100.56,10.77,0.662,182.81,40.48,-69.4,1,0.0405,0,Normal,Normal
2026-03-15 02:19:30,26.93,4.979,24.71,101.9,6.93,0.61,210.59,39.56,-64.61,1,0.0706,0,Normal,Normal
2026-03-15 02:19:40,26.695,5.462,25.02,101.73,8.59,0.974,197.42,38.68,-66.47,1,0.053,0,Normal,Normal
2026-03-15 02:19:50,27.639,5.063,24.64,101.35,6.49,1.703,180.46,39.14,-68.44,1,0.0427,0,Normal,Normal
2026-03-15 02:20:00,26.94,5.329,23.17,101.45,6.08,0.76,202.37,35.37,-72.95,1,0.0538,0,Normal,Normal
2026-03-15 02:20:10,27.091,5.288,22.26,101.5,6.39,0.691,191.08,37.85,-72.52,1,0.0469,0,Normal,Normal
2026-03-15 02:20:20,26.95,4.787,22.61,101.85,3.72,0.181,193.94,37.97,-66.31,1,0.0447,0,Normal,Normal
2026-03-15 02:20:30,26.938,5.085,22.84,101.13,5.05,0.953,189.53,36.72,-65.83,1,0.065,0,Normal,Normal
2026-03-15 02:20:40,26.89,5.675,25.7,101.93,4.36,0.898,192.25,38.65,-73.72,1,0.0497,0,Normal,Normal
2026-03-15 02:20:50,26.377,5.032,20.95,100.87,4.37,0.787,192.37,35.9,-65.63,1,0.0452,0,Normal,Normal
2026-03-15 02:21:00,26.797,5.003,22.04,100.6,3.77,0.243,179.13,34.66,-69.25,1,0.0832,0,Normal,Normal
2026-03-15 02:21:10,26.268,5.226,21.41,101.54,6.05,0.172,199.19,34.2,-68.63,1,0.0427,0,Normal,Normal
2026-03-15 02:21:20,26.592,5.078,24.28,101.8,2.04,0.0,192.95,38.21,-64.6,1,0.0423,0,Normal,Normal
2026-03-15 02:21:30,26.406,5.006,25.39,101.23,1.91,0.374,195.42,41.21,-64.92,1,0.0415,0,Normal,Normal
2026-03-15 02:21:40,26.71,5.093,22.98,100.39,1.55,0.0,198.21,37.75,-67.27,1,0.042,0,Normal,Normal
2026-03-15 02:21:50,26.682,5.58,23.01,100.7,1.42,0.0,192.49,36.24,-64.78,1,0.0444,0,Normal,Normal
2026-03-15 02:22:00,26.705,5.195,22.48,101.47,1.12,0.108,194.03,34.46,-67.8,1,0.058,0,Normal,Normal
2026-03-15 02:22:10,26.627,4.904,22.91,101.3,3.14,0.061,179.49,36.96,-68.95,1,0.0567,0,Normal,Normal
2026-03-15 02:22:20,26.338,4.864,23.32,101.81,3.26,0.022,184.49,37.62,-62.68,1,0.0616,0,Normal,Normal
2026-03-15 02:22:30,26.422,5.799,22.71,101.33,0.72,0.354,191.71,36.62,-62.36,1,0.0529,0,Normal,Normal
2026-03-15 02:22:40,26.756,5.196,43.85,101.0,0.28,0.2,192.42,54.97,-68.16,1,0.0502,1,Temperature spike,Warning
2026-03-15 02:22:50,26.78,5.365,44.95,101.42,1.72,0.056,194.05,55.65,-67.72,1,0.0485,1,Temperature spike,Warning
2026-03-15 02:23:00,26.096,5.068,43.4,101.71,0.39,0.206,202.01,49.16,-63.34,1,0.0711,1,Temperature spike,Warning
2026-03-15 02:23:10,25.961,5.344,45.55,101.84,1.71,0.0,189.94,55.98,-67.99,1,0.0463,1,Temperature spike,Warning
2026-03-15 02:23:20,26.183,5.632,41.75,101.26,1.11,0.154,193.54,55.04,-63.42,1,0.0733,1,Temperature spike,Warning
2026-03-15 02:23:30,26.695,5.107,49.85,101.33,0.0,0.16,191.05,52.97,-68.8,1,0.0448,1,Temperature spike,Warning
2026-03-15 02:23:40,26.727,5.388,39.47,101.61,2.57,0.0,188.53,53.15,-66.5,1,0.0426,1,Temperature spike,Warning
2026-03-15 02:23:50,26.066,4.924,43.01,101.0,2.81,0.437,188.79,50.03,-62.63,1,0.0444,1,Temperature spike,Warning
2026-03-15 02:24:00,26.417,5.783,46.18,101.59,0.0,0.0,184.16,50.63,-68.4,1,0.0504,1,Temperature spike,Warning
2026-03-15 02:24:10,26.856,5.347,45.01,101.21,0.08,0.105,189.46,53.93,-67.18,1,0.079,1,Temperature spike,Warning
2026-03-15 02:24:20,26.412,5.178,48.51,101.27,0.84,0.475,188.61,54.38,-64.23,1,0.0429,1,Temperature spike,Warning
2026-03-15 02:24:30,26.695,5.209,40.99,101.3,0.85,0.385,189.12,49.91,-70.69,1,0.053,1,Temperature spike,Warning
2026-03-15 02:24:40,26.55,5.157,45.37,101.35,1.2,0.068,176.37,52.47,-65.02,1,0.0437,1,Temperature spike,Warning
2026-03-15 02:24:50,25.959,5.171,45.31,102.07,2.79,0.0,189.48,56.37,-61.71,1,0.057,1,Temperature spike,Warning
2026-03-15 02:25:00,26.157,4.675,46.86,101.11,0.13,0.378,183.24,56.43,-62.56,1,0.0494,1,Temperature spike,Warning
2026-03-15 02:25:10,26.207,5.264,45.28,101.13,0.0,0.279,189.74,53.36,-65.26,1,0.0598,1,Temperature spike,Warning
2026-03-15 02:25:20,26.21,5.254,43.59,101.88,0.0,0.0,181.45,51.87,-65.02,1,0.0691,1,Temperature spike,Warning
2026-03-15 02:25:30,26.437,5.412,40.09,101.48,0.0,0.0,190.59,51.83,-60.58,1,0.0461,1,Temperature spike,Warning
2026-03-15 02:25:40,26.267,5.16,44.29,101.61,0.2,0.0,187.8,51.63,-60.92,1,0.0818,1,Temperature spike,Warning
2026-03-15 02:25:50,25.247,5.099,45.87,100.89,2.38,0.084,185.15,58.38,-65.3,1,0.0495,1,Temperature spike,Warning
2026-03-15 02:26:00,25.717,5.29,39.99,101.4,0.0,0.0,192.46,49.18,-66.89,1,0.0814,1,Temperature spike,Warning
2026-03-15 02:26:10,25.438,4.89,43.64,101.62,0.46,0.423,193.14,53.48,-62.43,1,0.0439,1,Temperature spike,Warning
2026-03-15 02:26:20,26.13,5.329,40.94,101.03,0.16,0.149,189.73,51.7,-61.61,1,0.0741,1,Temperature spike,Warning
2026-03-15 02:26:30,26.133,4.829,44.64,101.55,1.59,0.489,194.67,49.33,-60.87,1,0.0461,1,Temperature spike,Warning
2026-03-15 02:26:40,26.13,5.575,22.76,101.22,3.18,0.0,186.8,35.79,-63.27,1,0.0608,0,Normal,Normal
2026-03-15 02:26:50,25.742,5.466,19.91,101.04,0.0,0.417,193.3,35.14,-66.1,1,0.0917,0,Normal,Normal
2026-03-15 02:27:00,26.216,5.064,19.74,101.71,0.0,0.0,189.75,32.38,-70.06,1,0.0765,0,Normal,Normal
2026-03-15 02:27:10,26.213,5.461,19.52,101.76,1.37,0.288,182.09,34.19,-59.27,1,0.0493,0,Normal,Normal
2026-03-15 02:27:20,25.606,5.324,18.8,101.35,0.93,0.0,183.67,32.37,-60.31,1,0.0463,0,Normal,Normal
2026-03-15 02:27:30,25.528,5.044,19.77,101.48,2.32,0.096,199.4,32.66,-67.45,1,0.0542,0,Normal,Normal
2026-03-15 02:27:40,25.953,4.791,20.37,101.83,0.79,0.0,202.68,36.04,-64.62,1,0.0584,0,Normal,Normal
2026-03-15 02:27:50,26.476,5.376,18.62,101.14,0.0,0.0,195.77,31.91,-65.91,1,0.0517,0,Normal,Normal
2026-03-15 02:28:00,26.434,5.098,15.29,101.44,0.79,0.165,185.39,28.3,-65.1,1,0.0683,0,Normal,Normal
2026-03-15 02:28:10,26.079,5.571,19.63,101.15,1.41,0.0,201.48,33.54,-66.56,1,0.0409,0,Normal,Normal
2026-03-15 02:28:20,25.677,5.301,22.04,100.89,1.06,0.0,194.95,35.43,-63.35,1,0.0537,0,Normal,Normal
2026-03-15 02:28:30,26.148,5.123,18.18,101.14,0.67,0.305,192.73,34.84,-68.89,1,0.0512,0,Normal,Normal
2026-03-15 02:28:40,25.733,5.747,16.45,100.85,1.34,0.0,204.78,31.72,-66.75,1,0.0406,0,Normal,Normal
2026-03-15 02:28:50,25.625,5.442,19.58,101.47,1.46,0.0,183.16,32.87,-63.02,1,0.0402,0,Normal,Normal
2026-03-15 02:29:00,25.199,4.384,21.09,100.99,1.71,0.022,196.22,34.52,-71.65,1,0.054,0,Normal,Normal
2026-03-15 02:29:10,25.86,5.177,19.18,100.74,0.83,0.93,183.52,30.75,-64.89,1,0.0419,0,Normal,Normal
2026-03-15 02:29:20,25.627,4.952,20.88,101.6,0.0,0.41,185.18,35.04,-67.56,1,0.0619,0,Normal,Normal
2026-03-15 02:29:30,25.833,5.098,19.39,101.57,0.22,0.413,210.85,32.49,-61.17,1,0.0847,0,Normal,Normal
2026-03-15 02:29:40,25.102,5.262,19.17,101.17,1.49,0.158,194.05,33.28,-65.13,1,0.0429,0,Normal,Normal
2026-03-15 02:29:50,25.831,5.387,17.24,101.58,0.0,0.064,204.82,28.88,-68.59,1,0.064,0,Normal,Normal
2026-03-15 02:30:00,25.039,5.364,18.36,100.98,0.48,0.0,194.38,32.33,-61.98,1,0.0534,0,Normal,Normal
2026-03-15 02:30:10,26.083,5.568,17.8,101.15,0.0,0.0,193.25,33.83,-66.39,1,0.0489,0,Normal,Normal
2026-03-15 02:30:20,25.902,5.458,17.65,101.46,0.07,0.0,185.02,31.72,-66.19,1,0.0558,0,Normal,Normal
2026-03-15 02:30:30,25.651,5.443,17.28,101.71,1.57,0.0,197.84,30.35,-64.05,1,0.0643,0,Normal,Normal
2026-03-15 02:30:40,25.892,5.349,17.91,101.15,0.26,0.0,190.22,31.89,-68.66,1,0.0929,0,Normal,Normal
2026-03-15 02:30:50,25.419,5.621,15.54,101.06,0.08,0.0,190.66,29.46,-62.64,1,0.0562,0,Normal,Normal
2026-03-15 02:31:00,25.724,5.22,18.61,101.69,0.0,0.0,187.93,35.24,-65.39,1,0.0606,0,Normal,Normal
2026-03-15 02:31:10,25.931,5.226,15.99,101.55,0.92,0.29,189.21,29.59,-69.19,1,0.054,0,Normal,Normal
2026-03-15 02:31:20,24.754,4.823,16.84,101.36,0.8,0.391,190.22,29.4,-68.71,1,0.0525,0,Normal,Normal
2026-03-15 02:31:30,25.539,5.563,17.63,101.77,2.62,0.148,191.0,31.65,-71.34,1,0.041,0,Normal,Normal
2026-03-15 02:31:40,25.657,5.28,15.66,102.08,0.0,0.0,189.61,29.89,-66.8,1,0.0425,0,Normal,Normal
2026-03-15 02:31:50,25.596,6.033,14.01,101.45,0.28,0.0,177.56,28.69,-68.42,1,0.0472,0,Normal,Normal
2026-03-15 02:32:00,26.083,5.198,16.3,101.06,0.32,0.0,194.35,31.21,-67.12,1,0.0557,0,Normal,Normal
2026-03-15 02:32:10,25.3,5.321,14.64,101.5,1.91,0.0,189.03,30.99,-73.33,1,0.0412,0,Normal,Normal
2026-03-15 02:32:20,25.442,5.436,17.77,100.97,0.0,0.0,163.48,31.06,-69.97,1,0.0518,0,Normal,Normal
2026-03-15 02:32:30,25.046,5.024,14.89,101.8,0.35,0.0,177.31,28.06,-71.52,1,0.0402,0,Normal,Normal
2026-03-15 02:32:40,26.066,5.389,18.76,101.02,0.75,0.0,186.22,30.54,-67.27,1,0.0618,0,Normal,Normal
2026-03-15 02:32:50,25.531,5.308,16.44,101.22,0.24,0.121,200.24,31.24,-70.74,1,0.0565,0,Normal,Normal
2026-03-15 02:33:00,25.466,5.223,16.46,100.96,0.0,0.0,194.87,29.39,-67.71,1,0.051,0,Normal,Normal
2026-03-15 02:33:10,25.575,5.593,13.31,101.37,0.25,0.006,184.51,28.38,-70.91,1,0.0527,0,Normal,Normal
2026-03-15 02:33:20,25.775,5.074,16.42,101.39,1.3,0.401,188.49,29.83,-64.63,1,0.0805,0,Normal,Normal
2026-03-15 02:33:30,25.682,5.368,16.0,101.6,0.0,0.0,198.85,32.07,-69.55,1,0.0756,0,Normal,Normal
2026-03-15 02:33:40,26.366,5.663,14.09,101.35,0.17,0.148,185.08,26.37,-67.15,1,0.0636,0,Normal,Normal
2026-03-15 02:33:50,25.701,5.123,16.09,101.32,0.0,0.0,181.32,31.32,-70.44,1,0.0461,0,Normal,Normal
2026-03-15 02:34:00,25.42,5.225,15.28,101.07,1.45,0.0,197.05,30.37,-67.54,1,0.0417,0,Normal,Normal
2026-03-15 02:34:10,25.386,5.886,15.48,101.19,0.0,0.312,198.94,30.11,-72.83,1,0.0458,0,Normal,Normal
2026-03-15 02:34:20,25.431,5.418,15.76,100.74,0.0,0.309,185.17,28.42,-70.85,1,0.0609,0,Normal,Normal
2026-03-15 02:34:30,25.093,5.173,14.94,101.86,0.46,0.0,193.91,29.57,-72.33,1,0.0542,0,Normal,Normal
2026-03-15 02:34:40,25.551,5.5,15.93,101.26,1.89,0.0,189.68,30.09,-65.54,1,0.0583,0,Normal,Normal
2026-03-15 02:34:50,25.77,5.158,15.36,101.96,0.0,0.1,185.28,27.16,-74.93,1,0.0417,0,Normal,Normal
2026-03-15 02:35:00,25.346,4.908,16.12,101.25,0.0,0.0,199.36,31.99,-65.37,1,0.0426,0,Normal,Normal
2026-03-15 02:35:10,25.284,5.643,14.54,100.54,2.27,0.206,184.7,28.13,-75.92,1,0.0564,0,Normal,Normal
2026-03-15 02:35:20,25.978,5.024,13.66,101.12,0.0,0.1,196.06,29.44,-69.81,1,0.047,0,Normal,Normal
2026-03-15 02:35:30,25.092,5.913,14.12,101.3,0.0,0.643,190.55,28.04,-74.11,1,0.0469,0,Normal,Normal
2026-03-15 02:35:40,24.896,5.177,17.28,101.33,0.54,0.0,188.63,32.45,-71.7,1,0.0475,0,Normal,Normal
2026-03-15 02:35:50,25.168,5.833,16.47,101.57,0.0,0.0,185.57,29.44,-73.21,1,0.0638,0,Normal,Normal
2026-03-15 02:36:00,25.049,4.957,16.79,101.37,0.0,0.0,182.11,31.04,-75.41,1,0.058,0,Normal,Normal
2026-03-15 02:36:10,25.625,5.556,16.82,101.17,0.86,0.213,188.01,30.99,-72.91,1,0.0417,0,Normal,Normal
2026-03-15 02:36:20,25.398,5.425,14.12,100.93,0.3,0.0,185.91,27.73,-74.63,1,0.0463,0,Normal,Normal
2026-03-15 02:36:30,25.439,5.509,15.2,101.14,0.0,0.123,190.75,28.15,-71.89,1,0.0568,0,Normal,Normal
2026-03-15 02:36:40,25.849,5.542,14.8,101.54,0.0,0.0,180.43,25.12,-76.86,1,0.096,0,Normal,Normal
2026-03-15 02:36:50,25.295,5.175,15.6,101.64,1.06,0.0,188.79,28.59,-72.65,1,0.0765,0,Normal,Normal
2026-03-15 02:37:00,25.734,4.972,14.11,101.03,0.79,0.0,193.25,28.95,-71.71,1,0.0443,0,Normal,Normal
2026-03-15 02:37:10,25.954,5.287,14.62,101.7,0.0,0.0,184.62,26.94,-74.86,1,0.041,0,Normal,Normal
2026-03-15 02:37:20,25.363,5.355,14.52,101.53,2.23,0.381,195.93,27.09,-78.74,1,0.0528,0,Normal,Normal
2026-03-15 02:37:30,25.721,5.182,15.14,100.95,0.0,0.0,196.8,27.42,-69.8,1,0.0478,0,Normal,Normal
2026-03-15 02:37:40,25.428,5.369,15.26,101.4,0.0,0.221,180.35,29.51,-73.83,1,0.043,0,Normal,Normal
2026-03-15 02:37:50,25.778,5.382,14.35,101.45,0.0,0.584,183.94,27.28,-77.63,1,0.0558,0,Normal,Normal
2026-03-15 02:38:00,25.03,5.072,14.34,100.87,0.0,0.094,179.28,29.8,-74.22,1,0.0426,0,Normal,Normal
2026-03-15 02:38:10,25.009,5.398,14.42,100.76,0.3,0.0,193.39,29.31,-80.96,1,0.0465,0,Normal,Normal
2026-03-15 02:38:20,25.386,5.233,16.49,101.49,0.0,0.165,191.03,30.73,-72.63,1,0.0637,0,Normal,Normal
2026-03-15 02:38:30,25.238,5.125,11.37,101.12,0.43,0.0,177.2,25.73,-70.02,1,0.0573,0,Normal,Normal
2026-03-15 02:38:40,25.352,5.496,12.45,101.9,0.0,0.0,184.79,25.53,-74.15,1,0.054,0,Normal,Normal
2026-03-15 02:38:50,25.443,5.105,14.85,101.99,1.74,0.0,192.47,27.94,-79.86,1,0.0801,0,Normal,Normal
2026-03-15 02:39:00,25.727,5.185,14.19,101.49,0.0,0.326,190.91,29.04,-83.05,1,0.042,0,Normal,Normal
2026-03-15 02:39:10,25.391,5.318,14.12,101.68,1.35,0.0,199.69,29.21,-73.21,1,0.0576,0,Normal,Normal
2026-03-15 02:39:20,25.269,5.643,14.67,100.89,0.42,0.065,180.79,29.51,-77.97,1,0.0419,0,Normal,Normal
2026-03-15 02:39:30,25.414,5.348,13.93,100.77,0.56,0.0,189.94,27.37,-78.93,1,0.0422,0,Normal,Normal
2026-03-15 02:39:40,25.292,5.432,12.72,101.24,0.69,0.154,181.99,26.25,-74.48,1,0.0506,0,Normal,Normal
2026-03-15 02:39:50,25.246,5.225,14.44,100.79,0.55,0.0,190.89,27.33,-79.97,1,0.0404,0,Normal,Normal
2026-03-15 02:40:00,25.046,5.28,13.48,101.42,0.78,0.0,188.56,28.4,-76.13,1,0.0504,0,Normal,Normal
2026-03-15 02:40:10,25.555,5.287,12.72,100.99,1.61,0.309,192.18,24.37,-78.57,1,0.0401,0,Normal,Normal
2026-03-15 02:40:20,25.368,5.373,14.38,101.38,0.25,0.278,186.74,25.73,-78.11,1,0.0538,0,Normal,Normal
2026-03-15 02:40:30,25.834,5.226,14.27,101.23,0.86,0.0,196.11,25.86,-74.18,1,0.0456,0,Normal,Normal
2026-03-15 02:40:40,25.114,5.635,13.56,101.55,0.0,0.0,184.29,24.99,-80.75,1,0.0413,0,Normal,Normal
2026-03-15 02:40:50,25.391,5.206,15.77,101.43,1.74,1.049,181.89,31.4,-81.23,1,0.0628,0,Normal,Normal
2026-03-15 02:41:00,26.103,4.873,15.13,101.14,0.0,0.613,191.81,30.08,-80.3,1,0.0474,0,Normal,Normal
2026-03-15 02:41:10,25.283,5.985,14.6,100.75,2.17,0.255,204.84,27.16,-83.51,1,0.0488,0,Normal,Normal
2026-03-15 02:41:20,25.5,5.218,16.9,101.37,0.0,0.0,177.84,30.77,-77.29,1,0.047,0,Normal,Normal
2026-03-15 02:41:30,25.213,5.628,12.78,100.6,0.0,0.0,180.85,28.54,-77.89,1,0.0413,0,Normal,Normal
2026-03-15 02:41:40,25.179,5.651,12.26,101.8,0.17,0.0,191.86,26.86,-80.52,1,0.0492,0,Normal,Normal
2026-03-15 02:41:50,26.055,5.536,14.21,101.51,0.0,0.444,199.03,30.74,-83.46,1,0.0564,0,Normal,Normal
2026-03-15 02:42:00,25.649,5.25,12.49,101.64,1.02,0.094,192.46,26.36,-89.11,1,0.0751,0,Normal,Normal
2026-03-15 02:42:10,25.645,5.371,12.85,100.91,0.0,0.0,185.15,26.06,-83.57,1,0.0616,0,Normal,Normal
2026-03-15 02:42:20,25.104,4.981,11.31,101.44,0.0,0.0,193.37,24.01,-81.94,1,0.0412,0,Normal,Normal
2026-03-15 02:42:30,25.728,5.797,13.66,101.03,0.0,0.395,194.14,27.69,-87.13,1,0.0427,0,Normal,Normal
2026-03-15 02:42:40,25.976,5.086,10.5,101.36,0.0,0.563,184.57,25.63,-74.12,1,0.0407,0,Normal,Normal
2026-03-15 02:42:50,25.982,5.236,12.53,100.9,0.0,0.538,196.61,26.65,-80.53,1,0.0419,0,Normal,Normal
2026-03-15 02:43:00,25.846,5.324,12.61,101.27,0.0,0.268,189.74,26.18,-80.31,1,0.0498,0,Normal,Normal
2026-03-15 02:43:10,25.316,5.272,11.95,100.75,0.93,0.0,176.02,27.45,-82.56,1,0.0437,0,Normal,Normal
2026-03-15 02:43:20,25.758,5.135,9.93,101.24,0.97,0.0,188.94,24.56,-80.06,1,0.0557,0,Normal,Normal
2026-03-15 02:43:30,25.873,5.648,9.88,100.64,0.53,0.107,185.46,23.75,-83.33,1,0.0405,0,Normal,Normal
2026-03-15 02:43:40,25.144,5.537,11.38,102.0,0.0,0.003,200.46,24.46,-83.07,1,0.0692,0,Normal,Normal
2026-03-15 02:43:50,25.356,5.38,13.28,101.36,0.0,0.052,179.39,26.97,-78.52,1,0.057,0,Normal,Normal
2026-03-15 02:44:00,25.969,5.199,12.87,101.3,0.02,0.023,186.15,27.44,-79.59,1,0.0921,0,Normal,Normal
2026-03-15 02:44:10,25.976,5.565,12.38,101.57,0.0,0.0,192.08,25.44,-83.05,1,0.0858,0,Normal,Normal
2026-03-15 02:44:20,25.259,5.183,11.05,100.78,1.83,0.199,209.37,23.57,-77.09,1,0.0577,0,Normal,Normal
2026-03-15 02:44:30,25.973,5.691,12.86,100.99,1.08,0.226,205.66,26.29,-83.54,1,0.0426,0,Normal,Normal
2026-03-15 02:44:40,25.774,5.327,9.62,101.51,0.0,0.243,189.66,23.57,-84.94,1,0.0438,0,Normal,Normal
2026-03-15 02:44:50,25.991,5.606,8.7,101.36,0.07,0.336,192.82,24.34,-83.16,1,0.0449,0,Normal,Normal
2026-03-15 02:45:00,25.578,5.27,11.91,101.01,0.29,0.216,194.84,24.52,-82.76,1,0.0483,0,Normal,Normal
2026-03-15 02:45:10,25.973,5.316,11.43,101.56,0.0,0.0,181.93,25.7,-87.35,1,0.0527,0,Normal,Normal
2026-03-15 02:45:20,26.045,5.605,13.75,101.42,0.0,0.0,190.11,27.41,-82.42,1,0.0572,0,Normal,Normal
2026-03-15 02:45:30,25.699,5.847,12.44,101.5,0.0,0.038,200.88,26.17,-77.64,1,0.0412,0,Normal,Normal
2026-03-15 02:45:40,25.822,5.688,14.66,101.46,0.0,0.044,191.17,30.51,-81.24,1,0.0541,0,Normal,Normal
2026-03-15 02:45:50,25.634,5.517,11.34,101.03,0.0,0.356,205.64,25.44,-82.19,1,0.0409,0,Normal,Normal
2026-03-15 02:46:00,26.337,5.445,12.88,101.27,2.21,0.233,186.47,25.78,-82.83,1,0.0663,0,Normal,Normal
2026-03-15 02:46:10,25.819,5.171,11.75,100.56,0.83,0.735,189.33,26.82,-87.35,1,0.0406,0,Normal,Normal
2026-03-15 02:46:20,25.592,5.371,34.7,101.1,0.0,0.781,189.4,51.09,-87.43,1,0.0474,1,Temperature spike,Warning
2026-03-15 02:46:30,25.667,5.069,34.76,101.2,0.75,0.037,179.64,43.37,-84.02,1,0.0482,1,Temperature spike,Warning
2026-03-15 02:46:40,25.934,5.391,34.84,101.55,1.75,0.0,198.9,42.33,-85.86,1,0.0527,1,Temperature spike,Warning
2026-03-15 02:46:50,26.136,5.407,35.57,101.5,1.19,0.443,187.39,45.49,-88.98,1,0.0415,1,Temperature spike,Warning
2026-03-15 02:47:00,25.523,4.807,39.06,101.0,0.15,0.0,192.12,39.78,-85.75,1,0.0806,1,Temperature spike,Warning
2026-03-15 02:47:10,26.493,5.306,37.45,100.99,0.0,0.0,185.28,44.59,-83.4,1,0.0472,1,Temperature spike,Warning
2026-03-15 02:47:20,26.046,5.4,41.93,101.82,0.93,0.0,203.87,44.47,-83.06,1,0.0476,1,Temperature spike,Warning
2026-03-15 02:47:30,26.108,5.275,30.62,101.18,0.57,0.0,199.93,36.72,-87.35,1,0.0442,1,Temperature spike,Warning
2026-03-15 02:47:40,25.954,5.385,32.57,101.35,1.18,0.229,190.55,42.86,-85.02,1,0.0628,1,Temperature spike,Warning
2026-03-15 02:47:50,26.004,4.96,31.6,101.61,0.88,0.0,180.29,43.73,-83.67,1,0.0401,1,Temperature spike,Warning
2026-03-15 02:48:00,25.969,5.101,35.75,101.27,1.39,0.0,196.04,41.29,-88.75,1,0.0417,1,Temperature spike,Warning
2026-03-15 02:48:10,26.335,5.554,33.21,101.24,0.0,0.139,198.76,41.64,-87.28,1,0.0495,1,Temperature spike,Warning
2026-03-15 02:48:20,26.043,5.295,34.8,101.17,1.73,0.238,182.69,42.71,-85.02,1,0.0918,1,Temperature spike,Warning
2026-03-15 02:48:30,26.291,5.379,33.26,101.1,0.4,0.246,188.97,38.12,-87.72,1,0.0405,1,Temperature spike,Warning
2026-03-15 02:48:40,25.947,5.157,30.18,101.36,2.67,0.0,190.74,47.78,-85.98,1,0.041,1,Temperature spike,Warning
2026-03-15 02:48:50,26.153,5.298,38.36,100.57,0.0,0.0,198.83,45.8,-77.51,1,0.0588,1,Temperature spike,Warning
2026-03-15 02:49:00,25.87,4.717,34.5,101.16,2.29,0.0,188.94,43.43,-89.52,1,0.0599,1,Temperature spike,Warning
2026-03-15 02:49:10,26.492,5.503,32.62,101.52,0.46,0.114,197.86,42.61,-80.71,1,0.0741,1,Temperature spike,Warning
2026-03-15 02:49:20,25.894,5.743,38.48,101.47,0.0,0.553,183.99,42.78,-83.94,1,0.0529,1,Temperature spike,Warning
2026-03-15 02:49:30,26.064,5.024,40.23,101.86,0.0,0.0,181.75,49.78,-88.62,1,0.0478,1,Temperature spike,Warning
2026-03-15 02:49:40,26.085,5.054,36.14,101.63,0.0,0.0,204.86,48.82,-82.88,1,0.049,1,Temperature spike,Warning
2026-03-15 02:49:50,26.091,5.398,41.83,101.46,0.83,0.0,179.73,40.72,-84.76,1,0.0485,1,Temperature spike,Warning
2026-03-15 02:50:00,26.431,5.656,35.08,101.31,0.97,0.0,184.24,45.68,-81.23,1,0.0945,1,Temperature spike,Warning
2026-03-15 02:50:10,26.137,5.285,30.0,101.12,0.0,0.39,196.55,39.04,-82.82,1,0.0472,1,Temperature spike,Warning
2026-03-15 02:50:20,26.669,4.977,13.08,101.5,0.38,0.246,186.06,28.91,-84.17,1,0.0415,0,Normal,Normal
2026-03-15 02:50:30,26.023,5.231,11.72,101.43,3.02,0.218,185.87,24.73,-85.62,1,0.0451,0,Normal,Normal
2026-03-15 02:50:40,26.338,5.024,10.46,101.15,2.57,0.389,188.78,24.96,-81.14,1,0.0883,0,Normal,Normal
2026-03-15 02:50:50,26.073,5.112,9.33,100.95,1.07,0.0,173.15,22.32,-85.76,1,0.0484,0,Normal,Normal
2026-03-15 02:51:00,26.451,5.202,13.2,101.28,0.64,0.0,199.4,27.42,-88.71,1,0.0457,0,Normal,Normal
2026-03-15 02:51:10,26.339,5.043,13.09,101.76,0.8,0.853,191.88,26.65,-90.12,1,0.0456,0,Normal,Normal
2026-03-15 02:51:20,26.316,5.079,12.49,101.34,1.45,0.011,184.03,26.03,-88.06,1,0.0401,0,Normal,Normal
2026-03-15 02:51:30,26.738,5.289,11.4,101.31,0.0,0.364,176.84,23.02,-81.86,1,0.055,0,Normal,Normal
2026-03-15 02:51:40,26.205,5.321,10.5,101.47,0.56,0.12,179.71,24.99,-85.27,1,0.0593,0,Normal,Normal
2026-03-15 02:51:50,26.596,4.908,12.11,101.49,0.0,0.0,177.94,24.81,-86.4,1,0.0465,0,Normal,Normal
2026-03-15 02:52:00,26.209,5.36,10.23,101.4,1.53,0.0,192.58,22.89,-85.29,1,0.0709,0,Normal,Normal
2026-03-15 02:52:10,26.494,5.161,11.1,101.28,1.93,0.0,192.74,23.23,-81.4,1,0.0604,0,Normal,Normal
2026-03-15 02:52:20,26.121,5.432,14.14,101.1,0.7,0.542,195.83,26.87,-81.87,1,0.0538,0,Normal,Normal
2026-03-15 02:52:30,26.301,5.442,9.5,101.7,3.3,0.466,196.89,24.1,-83.17,1,0.0583,0,Normal,Normal
2026-03-15 02:52:40,26.496,5.106,13.31,101.13,0.08,0.53,196.16,27.85,-85.34,1,0.062,0,Normal,Normal
2026-03-15 02:52:50,27.085,5.389,14.56,101.93,0.0,0.0,203.55,29.36,-84.59,1,0.0512,0,Normal,Normal
2026-03-15 02:53:00,26.591,5.02,13.57,101.36,2.16,0.821,200.94,26.34,-83.69,1,0.0476,0,Normal,Normal
2026-03-15 02:53:10,27.078,5.553,12.97,101.32,3.34,0.0,199.19,27.23,-85.84,1,0.042,0,Normal,Normal
2026-03-15 02:53:20,26.668,5.014,11.71,101.6,4.32,0.386,193.57,24.97,-83.35,1,0.0478,0,Normal,Normal
2026-03-15 02:53:30,26.507,5.293,11.47,101.04,1.99,0.341,197.62,26.61,-85.72,1,0.052,0,Normal,Normal
2026-03-15 02:53:40,27.106,5.148,9.09,101.53,4.1,0.319,188.76,23.61,-81.64,1,0.0843,0,Normal,Normal
2026-03-15 02:53:50,21.448,4.93,29.99,101.35,3.05,0.888,367.37,25.77,-81.15,1,0.0425,1,Excessive power consumption,Critical
2026-03-15 02:54:00,22.021,5.397,31.58,101.46,3.21,0.216,425.2,27.18,-79.08,1,0.0612,1,Excessive power consumption,Critical
2026-03-15 02:54:10,21.57,5.005,30.43,101.03,4.84,0.039,404.43,26.13,-81.49,1,0.0441,1,Excessive power consumption,Critical
2026-03-15 02:54:20,22.438,4.719,31.71,101.02,4.95,0.571,417.4,24.91,-81.43,1,0.0872,1,Excessive power consumption,Critical
2026-03-15 02:54:30,19.675,4.407,31.84,100.57,2.7,0.482,373.02,24.72,-84.45,1,0.0536,1,Excessive power consumption,Critical
2026-03-15 02:54:40,21.857,4.891,24.14,101.12,6.83,1.868,419.5,24.1,-81.92,1,0.0485,1,Excessive power consumption,Critical
2026-03-15 02:54:50,20.949,5.435,34.59,101.1,7.23,0.992,352.04,31.11,-84.67,1,0.0464,1,Excessive power consumption,Critical
2026-03-15 02:55:00,23.282,5.384,26.07,101.03,5.39,0.688,409.85,26.63,-86.54,1,0.0434,1,Excessive power consumption,Critical
2026-03-15 02:55:10,21.571,4.867,32.77,101.25,7.22,0.544,441.53,30.39,-82.04,1,0.0588,1,Excessive power consumption,Critical
2026-03-15 02:55:20,21.173,4.928,28.49,101.33,8.0,0.345,435.47,25.39,-82.58,1,0.0552,1,Excessive power consumption,Critical
2026-03-15 02:55:30,21.202,4.879,32.03,101.5,8.44,0.742,458.51,26.23,-79.04,1,0.0731,1,Excessive power consumption,Critical
2026-03-15 02:55:40,22.047,4.633,31.39,101.53,8.25,1.246,368.38,26.63,-83.57,1,0.0536,1,Excessive power consumption,Critical
2026-03-15 02:55:50,23.521,4.698,32.72,101.56,8.94,1.819,428.47,29.07,-72.05,1,0.0428,1,Excessive power consumption,Critical
2026-03-15 02:56:00,22.43,5.146,30.87,101.58,10.61,1.833,389.96,27.36,-81.74,1,0.0572,1,Excessive power consumption,Critical
2026-03-15 02:56:10,22.363,4.991,23.59,101.41,13.0,1.65,380.43,26.33,-80.31,1,0.0717,1,Excessive power consumption,Critical
2026-03-15 02:56:20,22.119,4.895,31.66,101.32,13.26,1.594,393.61,26.1,-81.6,1,0.1098,1,Excessive power consumption,Critical
2026-03-15 02:56:30,23.128,4.453,24.36,101.67,13.24,1.947,373.88,27.7,-77.36,1,0.0573,1,Excessive power consumption,Critical
2026-03-15 02:56:40,22.772,4.769,31.81,101.58,15.74,1.825,434.44,30.96,-80.13,1,0.0451,1,Excessive power consumption,Critical
2026-03-15 02:56:50,22.091,4.124,28.91,100.71,12.59,2.769,429.8,27.46,-82.22,1,0.0525,1,Excessive power consumption,Critical
2026-03-15 02:57:00,21.472,4.864,30.85,101.23,18.62,2.268,387.89,29.77,-84.57,1,0.0509,1,Excessive power consumption,Critical
2026-03-15 02:57:10,22.861,4.67,32.27,100.58,16.43,2.477,431.57,30.31,-77.13,1,0.0508,1,Excessive power consumption,Critical
2026-03-15 02:57:20,21.498,4.22,27.41,100.57,19.4,1.91,375.48,27.92,-76.69,1,0.0412,1,Excessive power consumption,Critical
2026-03-15 02:57:30,21.839,4.91,27.35,101.1,19.83,2.799,390.35,24.19,-77.39,1,0.0432,1,Excessive power consumption,Critical
2026-03-15 02:57:40,22.527,4.006,27.48,101.25,20.99,3.345,376.08,25.96,-78.85,1,0.0511,1,Excessive power consumption,Critical
2026-03-15 02:57:50,21.799,4.536,29.07,101.13,25.31,2.865,437.02,27.23,-78.94,1,0.064,1,Excessive power consumption,Critical
2026-03-15 02:58:00,22.397,4.49,28.99,100.59,24.74,3.163,370.77,28.15,-75.42,1,0.043,1,Excessive power consumption,Critical
2026-03-15 02:58:10,22.168,3.99,23.73,101.61,27.09,3.889,394.09,27.35,-77.84,1,0.0427,1,Excessive power consumption,Critical
2026-03-15 02:58:20,22.042,4.239,26.88,101.02,27.97,3.279,393.08,28.42,-73.93,1,0.0614,1,Excessive power consumption,Critical
2026-03-15 02:58:30,22.214,3.79,30.18,101.5,29.94,4.347,445.91,22.36,-77.38,1,0.0576,1,Excessive power consumption,Critical
2026-03-15 02:58:40,22.486,3.438,33.79,101.03,30.76,3.966,422.94,28.04,-77.26,1,0.05,1,Excessive power consumption,Critical
2026-03-15 02:58:50,27.734,3.836,15.55,101.1,30.39,4.188,207.93,29.11,-75.51,1,0.0408,0,Normal,Normal
2026-03-15 02:59:00,27.097,3.903,11.3,101.47,34.34,4.095,207.76,25.11,-72.22,1,0.0496,0,Normal,Normal
2026-03-15 02:59:10,27.328,4.175,14.58,101.16,33.72,4.778,219.81,27.95,-72.63,1,0.067,0,Normal,Normal
2026-03-15 02:59:20,27.412,3.989,16.1,101.37,33.55,5.657,209.04,30.9,-76.07,1,0.0402,0,Normal,Normal
2026-03-15 02:59:30,27.695,3.956,16.67,101.41,35.95,5.212,217.8,29.7,-76.82,1,0.0416,0,Normal,Normal
2026-03-15 02:59:40,27.936,3.642,13.46,100.73,39.25,4.769,218.1,28.55,-79.09,1,0.0649,0,Normal,Normal
2026-03-15 02:59:50,26.971,3.728,15.45,101.49,39.4,5.595,217.99,30.19,-73.16,1,0.0512,0,Normal,Normal
2026-03-15 03:00:00,27.405,3.596,16.49,100.92,38.83,5.203,213.47,32.12,-80.35,1,0.0563,0,Normal,Normal
2026-03-15 03:00:10,27.443,3.492,15.01,100.86,39.63,5.904,233.07,31.09,-69.65,1,0.0605,0,Normal,Normal
2026-03-15 03:00:20,27.126,3.622,16.4,101.01,40.4,5.806,222.93,32.49,-72.01,1,0.0454,0,Normal,Normal
2026-03-15 03:00:30,27.424,3.763,14.49,101.63,43.96,4.586,216.13,27.07,-76.54,1,0.0453,0,Normal,Normal
2026-03-15 03:00:40,27.721,3.578,15.2,100.66,42.56,5.35,223.35,29.62,-70.38,1,0.0446,0,Normal,Normal
2026-03-15 03:00:50,27.533,3.619,13.75,101.56,43.19,6.11,235.78,26.89,-72.19,1,0.0427,0,Normal,Normal
2026-03-15 03:01:00,27.176,3.854,14.5,101.44,44.44,5.903,222.22,32.44,-72.21,1,0.0455,0,Normal,Normal
2026-03-15 03:01:10,28.525,3.537,15.47,101.33,43.97,5.557,234.12,30.21,-74.18,1,0.0858,0,Normal,Normal
2026-03-15 03:01:20,27.766,3.312,13.85,101.4,43.8,5.752,212.98,29.55,-71.49,1,0.0413,0,Normal,Normal
2026-03-15 03:01:30,27.743,3.772,14.63,101.18,44.27,5.36,215.64,29.15,-77.17,1,0.0441,0,Normal,Normal
2026-03-15 03:01:40,27.403,3.684,16.18,101.57,44.78,6.044,205.59,27.02,-72.51,1,0.0457,0,Normal,Normal
2026-03-15 03:01:50,27.833,3.688,18.19,101.13,45.14,6.893,238.75,31.25,-74.51,1,0.0425,0,Normal,Normal
2026-03-15 03:02:00,27.729,3.751,12.11,100.65,46.35,6.44,209.55,25.29,-73.11,1,0.0412,0,Normal,Normal
2026-03-15 03:02:10,27.235,3.699,18.23,101.27,45.8,6.96,224.74,31.76,-74.09,1,0.0426,0,Normal,Normal
2026-03-15 03:02:20,27.503,3.583,14.95,101.62,46.85,6.534,237.42,29.38,-73.71,1,0.0513,0,Normal,Normal
2026-03-15 03:02:30,28.086,4.166,16.86,101.5,46.09,6.614,231.45,31.46,-67.71,1,0.0536,0,Normal,Normal
2026-03-15 03:02:40,28.453,3.24,17.23,102.03,46.47,6.971,226.83,28.08,-75.66,1,0.0436,0,Normal,Normal
2026-03-15 03:02:50,28.003,3.408,17.91,101.2,44.15,6.435,234.2,31.63,-69.92,1,0.0505,0,Normal,Normal
2026-03-15 03:03:00,28.247,3.791,14.55,101.24,47.8,6.258,218.7,27.97,-119.13,0,0.0401,1,Communication signal drop,Critical
2026-03-15 03:03:10,27.892,3.579,15.38,101.21,47.25,6.703,228.29,31.04,-112.92,0,0.0538,1,Communication signal drop,Critical
2026-03-15 03:03:20,27.935,3.729,15.72,100.99,48.15,6.867,223.34,30.43,-110.17,0,0.04,1,Communication signal drop,Critical
2026-03-15 03:03:30,28.311,3.577,15.34,101.11,43.59,6.205,223.25,29.12,-115.29,0,0.0554,1,Communication signal drop,Critical
2026-03-15 03:03:40,28.505,3.875,17.94,100.88,49.67,6.134,225.91,32.21,-105.22,0,0.0499,1,Communication signal drop,Critical
2026-03-15 03:03:50,28.419,3.276,15.93,100.38,47.08,6.447,233.86,27.9,-115.26,0,0.0417,1,Communication signal drop,Critical
2026-03-15 03:04:00,27.731,3.861,13.69,101.07,48.66,6.7,237.04,28.49,-104.64,0,0.0414,1,Communication signal drop,Critical
2026-03-15 03:04:10,28.054,3.815,15.25,101.31,46.15,6.698,222.43,28.78,-110.22,0,0.0401,1,Communication signal drop,Critical
2026-03-15 03:04:20,28.179,3.218,13.92,101.55,48.2,5.929,215.9,26.95,-108.35,0,0.052,1,Communication signal drop,Critical
2026-03-15 03:04:30,28.04,3.676,16.03,101.07,46.25,7.104,218.09,31.6,-112.11,0,0.0646,1,Communication signal drop,Critical
2026-03-15 03:04:40,28.256,3.505,17.46,101.07,46.82,6.217,240.27,31.79,-111.71,0,0.0691,1,Communication signal drop,Critical
2026-03-15 03:04:50,28.408,3.363,15.55,101.71,49.91,6.355,236.56,28.75,-121.11,0,0.0526,1,Communication signal drop,Critical
2026-03-15 03:05:00,28.485,3.041,16.01,100.77,47.42,6.137,216.02,29.29,-110.14,0,0.0727,1,Communication signal drop,Critical
2026-03-15 03:05:10,28.712,3.259,16.29,101.23,47.95,7.402,238.06,30.73,-115.39,0,0.0697,1,Communication signal drop,Critical
2026-03-15 03:05:20,28.129,3.688,17.0,101.68,48.76,6.547,219.1,31.35,-113.43,0,0.058,1,Communication signal drop,Critical
2026-03-15 03:05:30,27.84,3.713,17.65,101.02,48.34,6.168,230.13,31.68,-119.13,0,0.0468,1,Communication signal drop,Critical
2026-03-15 03:05:40,28.378,3.456,18.17,100.69,47.95,6.772,219.14,30.73,-105.91,0,0.0663,1,Communication signal drop,Critical
2026-03-15 03:05:50,28.857,3.712,20.43,101.98,48.23,6.742,242.15,33.16,-103.72,0,0.0475,1,Communication signal drop,Critical
2026-03-15 03:06:00,28.17,3.743,17.32,101.62,50.7,6.41,220.31,30.42,-115.82,0,0.0477,1,Communication signal drop,Critical
2026-03-15 03:06:10,28.541,3.545,18.32,101.63,47.77,6.772,216.48,32.09,-120.14,0,0.057,1,Communication signal drop,Critical
2026-03-15 03:06:20,28.564,3.325,14.93,101.26,48.09,6.191,221.24,28.88,-110.83,0,0.0794,1,Communication signal drop,Critical
2026-03-15 03:06:30,28.434,3.615,16.83,101.56,49.13,6.309,245.92,30.63,-105.5,0,0.0504,1,Communication signal drop,Critical
2026-03-15 03:06:40,28.4,3.626,17.08,100.3,49.21,5.78,227.0,30.94,-106.85,0,0.0429,1,Communication signal drop,Critical
2026-03-15 03:06:50,28.141,3.673,16.05,101.13,49.32,6.022,216.7,32.3,-105.9,0,0.0423,1,Communication signal drop,Critical
2026-03-15 03:07:00,27.754,3.72,16.86,101.68,48.67,7.119,218.62,31.88,-105.71,0,0.0454,1,Communication signal drop,Critical
2026-03-15 03:07:10,28.126,3.163,17.59,100.74,46.54,7.063,210.95,33.01,-69.99,1,0.0492,0,Normal,Normal
2026-03-15 03:07:20,28.363,3.376,17.08,101.17,49.88,6.512,229.26,31.64,-60.09,1,0.0453,0,Normal,Normal
2026-03-15 03:07:30,28.829,3.028,21.83,101.43,46.55,7.072,214.94,35.92,-73.4,1,0.0587,0,Normal,Normal
2026-03-15 03:07:40,28.489,3.689,18.79,100.99,48.3,6.435,233.8,33.28,-68.87,1,0.0517,0,Normal,Normal
2026-03-15 03:07:50,28.384,3.449,68.45,101.3,47.04,6.407,261.23,65.54,-63.62,1,0.0478,1,Temperature spike,Critical
2026-03-15 03:08:00,28.293,3.61,66.37,101.45,47.87,6.513,277.07,67.01,-63.75,1,0.0436,1,Temperature spike,Critical
2026-03-15 03:08:10,28.777,3.133,63.68,101.42,48.35,6.45,263.73,69.79,-68.09,1,0.0539,1,Temperature spike,Critical
2026-03-15 03:08:20,29.007,3.852,52.48,101.14,48.34,6.419,267.24,71.42,-68.17,1,0.0568,1,Temperature spike,Critical
2026-03-15 03:08:30,28.937,3.203,56.89,100.97,48.47,6.895,281.92,72.83,-66.37,1,0.063,1,Temperature spike,Critical
2026-03-15 03:08:40,28.819,3.695,59.05,101.46,49.9,6.548,276.09,58.63,-65.9,1,0.1104,1,Temperature spike,Critical
2026-03-15 03:08:50,28.214,3.531,52.7,101.44,48.51,6.745,256.35,70.79,-66.97,1,0.0439,1,Temperature spike,Critical
2026-03-15 03:09:00,28.57,3.454,53.21,101.42,47.68,6.857,258.91,58.86,-60.52,1,0.0402,1,Temperature spike,Critical
2026-03-15 03:09:10,29.279,3.433,58.38,101.35,49.13,6.632,266.45,70.06,-67.47,1,0.0504,1,Temperature spike,Critical
2026-03-15 03:09:20,29.049,3.341,66.32,101.44,49.4,6.157,275.69,70.34,-60.96,1,0.0787,1,Temperature spike,Critical
2026-03-15 03:09:30,28.27,3.825,59.02,101.65,46.5,6.023,257.82,63.35,-64.08,1,0.0443,1,Temperature spike,Critical
2026-03-15 03:09:40,28.733,3.504,63.62,101.42,48.7,6.549,257.82,71.44,-62.19,1,0.0612,1,Temperature spike,Critical
2026-03-15 03:09:50,28.877,3.183,62.87,101.34,48.82,6.437,279.97,68.49,-69.68,1,0.0458,1,Temperature spike,Critical
2026-03-15 03:10:00,28.557,3.405,65.34,101.09,47.63,6.528,260.45,70.69,-62.07,1,0.0474,1,Temperature spike,Critical
2026-03-15 03:10:10,28.111,3.533,60.15,101.85,49.64,6.492,245.06,71.76,-62.14,1,0.0843,1,Temperature spike,Critical
2026-03-15 03:10:20,28.851,3.725,52.58,100.85,47.81,7.402,264.77,71.39,-67.08,1,0.0493,1,Temperature spike,Critical
2026-03-15 03:10:30,28.602,3.349,56.49,101.22,48.14,6.033,269.54,71.89,-62.51,1,0.0594,1,Temperature spike,Critical
2026-03-15 03:10:40,28.62,3.366,57.05,101.1,47.78,5.802,263.63,71.29,-69.47,1,0.052,1,Temperature spike,Critical
2026-03-15 03:10:50,28.766,3.506,64.08,100.57,48.01,6.615,249.57,67.1,-66.44,1,0.0617,1,Temperature spike,Critical
2026-03-15 03:11:00,28.849,3.719,61.33,101.44,46.67,6.367,246.35,62.59,-61.5,1,0.0457,1,Temperature spike,Critical
2026-03-15 03:11:10,28.903,3.158,62.29,101.22,46.26,6.609,282.74,67.75,-65.55,1,0.0714,1,Temperature spike,Critical
2026-03-15 03:11:20,28.657,3.627,57.14,101.31,49.9,6.703,281.06,68.73,-65.79,1,0.0519,1,Temperature spike,Critical
2026-03-15 03:11:30,28.873,3.384,54.01,101.23,46.98,6.948,262.11,62.75,-60.79,1,0.0455,1,Temperature spike,Critical
2026-03-15 03:11:40,28.428,3.419,58.05,101.6,46.8,5.971,251.41,65.41,-70.88,1,0.0406,1,Temperature spike,Critical
2026-03-15 03:11:50,29.064,4.001,64.18,101.65,45.41,6.304,267.33,70.12,-65.57,1,0.0402,1,Temperature spike,Critical
2026-03-15 03:12:00,28.129,3.451,65.85,100.86,47.23,6.649,285.56,75.83,-65.25,1,0.0465,1,Temperature spike,Critical
2026-03-15 03:12:10,28.915,3.689,59.92,102.01,46.41,6.769,264.8,68.98,-67.47,1,0.0436,1,Temperature spike,Critical
2026-03-15 03:12:20,29.293,3.68,59.69,101.2,49.96,7.267,257.01,75.99,-60.99,1,0.0408,1,Temperature spike,Critical
2026-03-15 03:12:30,28.714,3.205,19.37,101.54,49.21,6.834,226.78,32.78,-67.88,1,0.0521,0,Normal,Normal
2026-03-15 03:12:40,29.262,3.039,22.93,101.37,47.17,6.479,224.72,35.57,-67.89,1,0.1074,0,Normal,Normal
2026-03-15 03:12:50,29.408,3.705,20.78,101.34,50.7,6.188,212.2,34.44,-72.66,1,0.0482,0,Normal,Normal
2026-03-15 03:13:00,28.084,3.229,19.75,101.52,49.17,6.302,213.49,34.22,-61.96,1,0.052,0,Normal,Normal
2026-03-15 03:13:10,29.045,3.084,21.46,101.83,47.61,6.292,216.46,35.61,-66.34,1,0.0437,0,Normal,Normal
2026-03-15 03:13:20,28.242,3.757,22.7,101.61,45.0,6.729,210.83,38.48,-66.4,1,0.0434,0,Normal,Normal
2026-03-15 03:13:30,29.083,3.245,18.92,101.2,50.75,6.59,221.33,34.06,-66.13,1,0.046,0,Normal,Normal
2026-03-15 03:13:40,29.129,3.307,22.4,101.27,46.33,6.036,234.55,37.88,-61.98,1,0.067,0,Normal,Normal
2026-03-15 03:13:50,28.4,3.994,21.42,101.07,46.02,6.347,219.67,32.98,-60.8,1,0.0885,0,Normal,Normal
2026-03-15 03:14:00,29.736,3.085,22.39,101.59,49.22,6.807,233.66,38.29,-70.93,1,0.0602,0,Normal,Normal
2026-03-15 03:14:10,29.257,3.186,21.63,101.54,50.93,6.623,225.24,35.95,-67.21,1,0.0403,0,Normal,Normal
2026-03-15 03:14:20,28.929,3.385,20.85,101.16,49.66,6.699,223.53,35.34,-69.32,1,0.0487,0,Normal,Normal
2026-03-15 03:14:30,29.636,3.44,20.13,101.83,48.67,6.634,211.67,35.21,-66.68,1,0.0482,0,Normal,Normal
2026-03-15 03:14:40,28.67,3.277,22.9,101.73,48.71,7.069,234.36,36.92,-66.39,1,0.081,0,Normal,Normal
2026-03-15 03:14:50,28.852,3.21,22.98,102.03,49.02,6.582,225.93,35.7,-71.38,1,0.0605,0,Normal,Normal
2026-03-15 03:15:00,28.542,3.878,23.06,100.98,48.91,6.365,212.2,38.8,-65.23,1,0.0588,0,Normal,Normal
2026-03-15 03:15:10,29.784,3.566,22.8,101.26,48.34,6.179,228.05,35.88,-67.81,1,0.0525,0,Normal,Normal
2026-03-15 03:15:20,29.355,3.646,23.67,101.22,48.12,6.587,220.3,36.48,-64.24,1,0.0556,0,Normal,Normal
2026-03-15 03:15:30,29.464,3.466,24.45,102.34,47.92,5.646,225.49,38.17,-66.62,1,0.058,0,Normal,Normal
2026-03-15 03:15:40,29.367,3.572,19.61,101.3,47.09,6.435,226.92,33.15,-71.99,1,0.0521,0,Normal,Normal
2026-03-15 03:15:50,29.459,3.733,19.0,101.81,47.66,6.428,234.72,33.01,-65.13,1,0.0679,0,Normal,Normal
2026-03-15 03:16:00,29.321,3.251,25.18,101.71,45.97,6.022,215.98,39.06,-71.14,1,0.0406,0,Normal,Normal
2026-03-15 03:16:10,29.389,3.566,20.68,101.27,47.88,6.175,229.57,36.3,-70.96,1,0.0826,0,Normal,Normal
2026-03-15 03:16:20,29.35,3.674,21.15,101.32,46.81,6.783,235.63,35.7,-68.37,1,0.0623,0,Normal,Normal
2026-03-15 03:16:30,29.145,3.886,22.44,101.51,46.67,6.581,245.16,35.41,-68.42,1,0.0513,0,Normal,Normal
2026-03-15 03:16:40,29.322,3.987,20.47,101.8,48.21,6.535,233.4,33.61,-72.99,1,0.0695,0,Normal,Normal
2026-03-15 03:16:50,29.428,3.518,22.47,101.23,49.67,6.607,227.89,36.0,-68.33,1,0.0664,0,Normal,Normal
2026-03-15 03:17:00,29.388,3.785,21.7,101.1,49.1,6.532,227.2,35.24,-68.32,1,0.0482,0,Normal,Normal
2026-03-15 03:17:10,28.92,2.832,22.86,101.67,46.11,6.935,237.42,36.24,-68.61,1,0.0675,0,Normal,Normal
2026-03-15 03:17:20,28.968,3.888,23.72,100.84,46.81,6.543,222.71,36.39,-73.46,1,0.0431,0,Normal,Normal
2026-03-15 03:17:30,29.704,3.319,22.87,101.4,49.13,5.99,231.37,37.21,-68.14,1,0.0495,0,Normal,Normal
2026-03-15 03:17:40,29.295,3.44,22.87,101.72,46.82,7.07,242.55,36.33,-66.89,1,0.044,0,Normal,Normal
2026-03-15 03:17:50,29.57,3.61,23.94,101.47,47.73,6.63,224.12,36.79,-72.98,1,0.042,0,Normal,Normal
2026-03-15 03:18:00,29.074,3.462,25.2,101.07,48.66,6.294,208.89,39.78,-72.35,1,0.0738,0,Normal,Normal
2026-03-15 03:18:10,28.967,3.549,26.12,100.9,46.84,6.061,218.11,41.14,-66.95,1,0.0469,0,Normal,Normal
2026-03-15 03:18:20,29.163,3.897,23.47,101.77,48.13,6.638,227.35,37.17,-64.76,1,0.0573,0,Normal,Normal
2026-03-15 03:18:30,29.356,3.404,26.62,101.23,46.4,6.459,218.3,42.75,-70.2,1,0.0471,0,Normal,Normal
2026-03-15 03:18:40,29.229,3.228,25.27,100.94,47.28,7.051,222.22,41.93,-71.25,1,0.0518,0,Normal,Normal
2026-03-15 03:18:50,29.823,3.953,22.19,101.76,48.38,6.379,222.64,36.79,-69.51,1,0.0464,0,Normal,Normal
2026-03-15 03:19:00,29.494,3.632,22.23,101.62,46.09,6.207,229.49,35.67,-66.24,1,0.0604,0,Normal,Normal
2026-03-15 03:19:10,30.001,3.981,23.33,100.88,48.53,6.813,217.43,37.66,-73.06,1,0.0632,0,Normal,Normal
2026-03-15 03:19:20,29.573,3.716,26.45,102.31,47.98,6.824,220.33,38.98,-72.17,1,0.0484,0,Normal,Normal
2026-03-15 03:19:30,28.733,3.169,23.61,101.08,48.66,6.559,236.26,36.56,-72.46,1,0.0695,0,Normal,Normal
2026-03-15 03:19:40,29.778,3.661,21.6,101.61,48.27,6.737,221.14,33.58,-75.4,1,0.0466,0,Normal,Normal
2026-03-15 03:19:50,29.013,3.254,24.17,102.09,49.64,6.487,230.81,37.41,-68.8,1,0.0616,0,Normal,Normal
2026-03-15 03:20:00,29.539,3.502,21.62,101.66,48.15,6.582,225.11,34.14,-70.8,1,0.0558,0,Normal,Normal
2026-03-15 03:20:10,29.241,3.481,23.08,101.4,47.48,6.908,224.81,37.83,-77.85,1,0.0491,0,Normal,Normal
2026-03-15 03:20:20,30.12,3.096,23.86,100.73,48.15,6.719,230.9,36.96,-72.05,1,0.073,0,Normal,Normal
2026-03-15 03:20:30,29.912,3.297,25.04,102.12,48.65,6.441,210.1,39.37,-67.26,1,0.0527,0,Normal,Normal
2026-03-15 03:20:40,29.261,4.051,26.42,101.65,48.06,6.973,228.55,41.32,-71.64,1,0.0675,0,Normal,Normal
2026-03-15 03:20:50,29.448,3.56,26.0,100.73,48.05,5.672,229.42,41.41,-67.88,1,0.0598,0,Normal,Normal
2026-03-15 03:21:00,29.562,3.456,23.27,101.92,47.16,7.218,231.79,36.84,-74.6,1,0.0514,0,Normal,Normal
2026-03-15 03:21:10,29.75,3.953,24.55,101.32,47.2,5.903,222.0,38.92,-70.25,1,0.0459,0,Normal,Normal
2026-03-15 03:21:20,29.502,3.401,25.29,101.19,46.32,6.28,225.0,39.7,-69.43,1,0.0853,0,Normal,Normal
2026-03-15 03:21:30,29.188,3.477,24.86,101.07,50.1,6.486,205.38,40.38,-73.83,1,0.0409,0,Normal,Normal
2026-03-15 03:21:40,29.281,3.748,24.91,101.37,46.51,6.449,219.64,39.85,-75.07,1,0.0737,0,Normal,Normal
2026-03-15 03:21:50,29.496,3.4,22.8,101.62,47.17,6.852,226.4,38.37,-70.77,1,0.0506,0,Normal,Normal
2026-03-15 03:22:00,29.869,3.313,23.73,101.1,47.14,6.13,236.76,35.73,-72.68,1,0.0607,0,Normal,Normal
2026-03-15 03:22:10,29.628,2.937,24.92,101.35,49.07,6.591,239.77,38.12,-71.67,1,0.0461,0,Normal,Normal
2026-03-15 03:22:20,29.268,3.266,20.95,102.65,47.65,6.298,222.26,36.19,-73.53,1,0.0473,0,Normal,Normal
2026-03-15 03:22:30,29.695,3.264,26.62,101.49,49.5,6.603,231.99,41.31,-75.24,1,0.0432,0,Normal,Normal
2026-03-15 03:22:40,29.384,3.54,23.66,101.69,47.19,6.477,223.82,37.51,-75.5,1,0.0863,0,Normal,Normal
2026-03-15 03:22:50,29.767,3.347,26.82,100.92,48.33,6.532,212.07,40.25,-76.53,1,0.0407,0,Normal,Normal
2026-03-15 03:23:00,30.257,4.04,26.75,100.76,47.0,6.307,229.84,41.7,-74.5,1,0.0473,0,Normal,Normal
2026-03-15 03:23:10,29.39,3.236,25.1,101.89,50.57,6.321,239.65,36.72,-76.46,1,0.0461,0,Normal,Normal
2026-03-15 03:23:20,29.737,3.85,27.48,101.77,46.57,6.6,221.95,42.43,-75.4,1,0.0652,0,Normal,Normal
2026-03-15 03:23:30,29.272,3.555,27.15,101.99,48.37,6.83,217.74,41.26,-78.77,1,0.0504,0,Normal,Normal
2026-03-15 03:23:40,29.46,3.702,25.63,101.27,48.76,6.291,225.54,39.05,-79.18,1,0.0428,0,Normal,Normal
2026-03-15 03:23:50,29.5,3.687,25.53,101.8,48.5,6.196,224.02,40.13,-75.1,1,0.0507,0,Normal,Normal
2026-03-15 03:24:00,29.431,2.945,27.86,100.28,47.78,6.715,245.88,41.4,-75.91,1,0.044,0,Normal,Normal
2026-03-15 03:24:10,30.225,3.497,26.62,101.52,47.84,6.489,233.05,40.66,-78.6,1,0.0403,0,Normal,Normal
2026-03-15 03:24:20,29.392,3.434,27.9,101.71,48.05,6.791,226.03,41.84,-73.4,1,0.0518,0,Normal,Normal
2026-03-15 03:24:30,29.657,3.217,22.81,101.02,47.82,6.183,201.84,37.7,-80.22,1,0.0467,0,Normal,Normal
2026-03-15 03:24:40,28.898,3.615,26.59,101.72,49.16,5.877,223.85,40.78,-76.67,1,0.0441,0,Normal,Normal
2026-03-15 03:24:50,29.603,3.929,24.13,101.23,50.65,6.313,239.82,35.84,-76.83,1,0.0428,0,Normal,Normal
2026-03-15 03:25:00,29.812,2.832,26.51,101.27,47.33,6.232,225.64,38.84,-78.26,1,0.0491,0,Normal,Normal
2026-03-15 03:25:10,29.307,3.366,27.68,101.2,46.36,6.472,231.57,40.38,-74.84,1,0.0706,0,Normal,Normal
2026-03-15 03:25:20,28.708,3.189,29.27,101.93,47.89,6.277,228.14,43.81,-73.97,1,0.0613,0,Normal,Normal
2026-03-15 03:25:30,29.445,3.518,25.3,101.12,51.1,6.759,221.11,39.97,-82.52,1,0.0401,0,Normal,Normal
2026-03-15 03:25:40,29.456,3.419,25.97,101.07,47.03,6.399,238.53,41.98,-86.1,1,0.0597,0,Normal,Normal
2026-03-15 03:25:50,29.663,3.349,26.67,100.96,49.97,6.553,226.51,39.45,-80.96,1,0.0411,0,Normal,Normal
2026-03-15 03:26:00,30.044,3.672,25.4,101.15,50.01,6.555,219.34,40.97,-82.64,1,0.0519,0,Normal,Normal
2026-03-15 03:26:10,29.321,3.909,28.37,101.38,47.34,6.568,225.17,40.05,-81.21,1,0.0627,0,Normal,Normal
2026-03-15 03:26:20,29.172,4.165,26.85,101.56,48.68,6.491,236.42,40.87,-74.64,1,0.0491,0,Normal,Normal
2026-03-15 03:26:30,29.072,3.315,27.18,101.0,49.95,6.679,213.16,41.47,-72.21,1,0.0471,0,Normal,Normal
2026-03-15 03:26:40,29.475,3.045,27.97,101.45,47.54,6.221,227.16,42.26,-83.34,1,0.0821,0,Normal,Normal
2026-03-15 03:26:50,29.553,3.64,26.98,101.54,47.75,6.99,225.59,40.61,-80.02,1,0.0404,0,Normal,Normal
2026-03-15 03:27:00,29.238,3.903,25.9,100.93,47.3,6.417,212.68,40.04,-80.27,1,0.0417,0,Normal,Normal
2026-03-15 03:27:10,29.628,3.703,27.08,101.33,46.78,6.041,231.13,39.59,-80.03,1,0.0706,0,Normal,Normal
2026-03-15 03:27:20,29.527,3.902,25.93,101.27,47.22,6.566,227.05,40.96,-85.36,1,0.0726,0,Normal,Normal
2026-03-15 03:27:30,29.392,3.444,27.41,101.33,46.53,6.202,232.03,41.71,-77.72,1,0.047,0,Normal,Normal
2026-03-15 03:27:40,29.101,3.348,28.78,101.09,48.04,6.733,234.1,43.22,-78.9,1,0.0517,0,Normal,Normal
2026-03-15 03:27:50,29.218,3.529,25.56,101.25,47.08,7.273,224.55,39.23,-83.22,1,0.0427,0,Normal,Normal
2026-03-15 03:28:00,28.625,3.417,25.07,101.31,48.28,6.225,220.55,38.67,-78.25,1,0.0723,0,Normal,Normal
2026-03-15 03:28:10,29.416,3.666,27.47,102.05,46.13,6.616,213.6,42.1,-86.44,1,0.0495,0,Normal,Normal
2026-03-15 03:28:20,29.344,3.742,26.28,101.32,48.4,5.885,219.84,42.19,-87.35,1,0.0525,0,Normal,Normal
2026-03-15 03:28:30,29.384,3.762,27.52,101.84,49.0,6.659,225.09,39.84,-81.64,1,0.0419,0,Normal,Normal
2026-03-15 03:28:40,29.469,3.628,27.98,101.87,45.61,6.19,217.29,40.25,-81.29,1,0.0543,0,Normal,Normal
2026-03-15 03:28:50,29.423,3.562,24.32,100.77,48.45,6.281,229.67,38.64,-83.23,1,0.0579,0,Normal,Normal
2026-03-15 03:29:00,29.264,3.699,28.6,101.18,49.47,6.114,217.77,42.2,-79.56,1,0.0452,0,Normal,Normal
2026-03-15 03:29:10,29.302,3.009,25.84,101.87,46.55,6.756,210.9,39.99,-84.99,1,0.074,0,Normal,Normal
2026-03-15 03:29:20,28.855,3.553,27.59,101.37,50.01,6.852,220.38,41.56,-79.54,1,0.0434,0,Normal,Normal
2026-03-15 03:29:30,29.091,3.513,26.66,101.25,48.5,6.508,226.47,41.41,-80.93,1,0.0742,0,Normal,Normal
2026-03-15 03:29:40,29.27,3.553,26.85,101.6,47.15,6.197,214.92,40.51,-77.83,1,0.0582,0,Normal,Normal
2026-03-15 03:29:50,29.023,3.478,30.24,101.73,47.93,7.056,217.89,42.79,-88.86,1,0.0667,0,Normal,Normal
2026-03-15 03:30:00,29.49,3.608,28.21,101.29,48.67,6.237,219.96,41.26,-85.12,1,0.058,0,Normal,Normal
2026-03-15 03:30:10,29.023,3.356,29.11,101.19,48.09,5.743,221.01,42.92,-86.49,1,0.0484,0,Normal,Normal
2026-03-15 03:30:20,29.273,3.782,28.0,100.35,48.64,6.66,227.38,40.49,-81.55,1,0.046,0,Normal,Normal
2026-03-15 03:30:30,29.231,3.618,28.72,101.32,46.89,6.113,230.1,42.68,-79.27,1,0.0599,0,Normal,Normal
2026-03-15 03:30:40,29.408,3.538,28.44,101.15,48.2,6.846,221.2,42.51,-85.2,1,0.0453,0,Normal,Normal
2026-03-15 03:30:50,29.441,3.326,28.22,100.9,46.3,6.366,216.69,41.79,-82.38,1,0.041,0,Normal,Normal
2026-03-15 03:31:00,29.366,3.704,29.51,101.22,47.86,6.711,226.09,43.76,-79.94,1,0.0443,0,Normal,Normal
2026-03-15 03:31:10,28.513,3.552,28.11,101.13,46.91,6.99,229.14,40.17,-83.38,1,0.0611,0,Normal,Normal
2026-03-15 03:31:20,29.49,3.311,31.31,101.37,47.11,6.076,237.91,44.17,-82.33,1,0.0636,0,Normal,Normal
2026-03-15 03:31:30,29.576,3.486,29.34,101.19,49.48,6.301,234.17,41.97,-90.46,1,0.0449,0,Normal,Normal
2026-03-15 03:31:40,28.96,3.657,26.21,101.48,49.31,6.473,214.93,41.26,-79.88,1,0.046,0,Normal,Normal
2026-03-15 03:31:50,29.161,3.638,27.66,101.37,48.73,7.038,223.87,44.43,-85.54,1,0.052,0,Normal,Normal
2026-03-15 03:32:00,28.809,3.622,28.54,101.81,46.69,6.269,228.65,41.48,-76.69,1,0.0446,0,Normal,Normal
2026-03-15 03:32:10,28.477,3.523,28.02,101.09,47.62,6.291,218.2,41.74,-87.31,1,0.054,0,Normal,Normal
2026-03-15 03:32:20,28.825,3.757,28.99,102.01,49.45,6.667,222.19,42.16,-83.38,1,0.045,0,Normal,Normal
2026-03-15 03:32:30,28.87,3.81,29.17,101.73,48.17,6.297,230.39,43.43,-82.37,1,0.0419,0,Normal,Normal
2026-03-15 03:32:40,28.911,3.685,25.94,101.89,50.78,6.553,227.0,39.21,-92.0,1,0.0425,0,Normal,Normal
2026-03-15 03:32:50,28.714,3.353,29.91,101.4,48.47,5.956,225.01,44.24,-79.59,1,0.0443,0,Normal,Normal
2026-03-15 03:33:00,28.766,3.236,27.24,101.19,48.22,7.274,219.77,42.04,-82.72,1,0.0428,0,Normal,Normal
2026-03-15 03:33:10,28.967,3.364,27.1,101.08,47.62,6.027,213.43,39.63,-89.45,1,0.0949,0,Normal,Normal
2026-03-15 03:33:20,28.724,3.989,27.1,102.0,48.15,6.386,222.5,41.42,-83.87,1,0.0561,0,Normal,Normal
2026-03-15 03:33:30,29.102,3.571,29.21,101.74,47.81,6.488,224.26,41.06,-83.9,1,0.043,0,Normal,Normal
2026-03-15 03:33:40,29.127,4.032,27.6,100.9,48.84,7.168,213.25,41.29,-85.4,1,0.0483,0,Normal,Normal
2026-03-15 03:33:50,29.62,3.47,27.0,101.69,49.14,6.035,225.38,40.62,-86.79,1,0.0447,0,Normal,Normal
2026-03-15 03:34:00,29.227,3.436,27.36,100.97,47.05,7.193,228.13,41.09,-85.2,1,0.0573,0,Normal,Normal
2026-03-15 03:34:10,28.945,3.482,25.3,101.43,46.39,6.763,219.46,38.93,-82.4,1,0.0703,0,Normal,Normal
2026-03-15 03:34:20,28.669,3.477,26.73,101.63,45.78,6.644,228.22,40.14,-82.5,1,0.0477,0,Normal,Normal
2026-03-15 03:34:30,28.926,3.307,26.13,101.88,48.6,6.154,227.2,39.81,-84.92,1,0.0484,0,Normal,Normal
2026-03-15 03:34:40,28.919,3.213,27.58,101.4,46.66,6.698,222.55,41.87,-84.23,1,0.0476,0,Normal,Normal
2026-03-15 03:34:50,28.649,3.626,28.97,101.25,45.4,6.245,221.66,43.29,-85.27,1,0.0489,0,Normal,Normal
2026-03-15 03:35:00,29.021,3.764,28.8,101.32,48.45,6.941,222.33,42.94,-87.77,1,0.0405,0,Normal,Normal
2026-03-15 03:35:10,28.348,4.112,29.85,101.73,50.97,6.158,218.14,43.16,-84.98,1,0.0535,0,Normal,Normal
2026-03-15 03:35:20,28.676,3.392,29.5,101.62,47.97,6.458,227.74,44.8,-86.96,1,0.0856,0,Normal,Normal
2026-03-15 03:35:30,28.898,3.413,27.15,101.29,48.98,6.303,218.22,42.98,-87.69,1,0.0631,0,Normal,Normal
2026-03-15 03:35:40,28.627,3.308,27.96,100.55,48.07,6.151,218.73,40.41,-91.9,1,0.0696,0,Normal,Normal
2026-03-15 03:35:50,28.632,3.782,27.87,100.33,47.85,6.756,228.96,42.06,-85.81,1,0.0439,0,Normal,Normal
2026-03-15 03:36:00,28.634,3.705,24.67,101.39,49.07,6.683,223.04,38.11,-82.15,1,0.054,0,Normal,Normal
2026-03-15 03:36:10,28.406,3.282,26.06,100.83,47.62,6.919,225.47,41.17,-80.77,1,0.0735,0,Normal,Normal
2026-03-15 03:36:20,28.99,3.276,27.62,101.09,48.28,5.872,211.28,41.6,-83.02,1,0.0411,0,Normal,Normal
2026-03-15 03:36:30,28.313,3.74,27.59,101.21,48.35,6.867,220.78,41.66,-88.16,1,0.0715,0,Normal,Normal
2026-03-15 03:36:40,28.694,3.597,28.6,102.13,47.15,7.371,238.41,43.2,-84.65,1,0.041,0,Normal,Normal
2026-03-15 03:36:50,28.704,3.691,28.51,101.35,49.14,6.335,210.72,42.15,-87.55,1,0.1012,0,Normal,Normal
2026-03-15 03:37:00,28.275,3.281,25.14,101.59,47.74,7.156,238.96,41.15,-78.26,1,0.0413,0,Normal,Normal
2026-03-15 03:37:10,28.562,3.033,28.55,101.5,47.03,6.4,227.05,43.16,-85.05,1,0.0469,0,Normal,Normal
2026-03-15 03:37:20,28.247,3.284,28.02,100.33,48.58,6.011,220.69,43.14,-85.26,1,0.0408,0,Normal,Normal
2026-03-15 03:37:30,28.917,3.675,28.66,101.14,46.85,6.383,223.31,42.4,-80.89,1,0.0409,0,Normal,Normal
2026-03-15 03:37:40,28.138,4.031,29.3,100.81,47.95,6.856,234.79,43.16,-83.66,1,0.0702,0,Normal,Normal
2026-03-15 03:37:50,28.263,3.396,27.46,101.99,47.9,6.195,206.72,42.44,-80.2,1,0.041,0,Normal,Normal
2026-03-15 03:38:00,28.072,4.073,29.52,100.57,49.21,6.277,236.25,44.37,-86.66,1,0.0636,0,Normal,Normal
2026-03-15 03:38:10,28.011,3.712,26.29,101.13,48.46,6.693,227.05,38.79,-82.89,1,0.0756,0,Normal,Normal
2026-03-15 03:38:20,28.875,3.156,26.18,101.2,47.85,6.485,233.01,40.33,-81.5,1,0.081,0,Normal,Normal
2026-03-15 03:38:30,28.54,3.559,28.21,100.91,48.85,6.687,210.92,42.78,-90.73,1,0.0699,0,Normal,Normal
2026-03-15 03:38:40,28.398,3.722,26.98,101.34,49.52,6.563,223.07,40.82,-84.78,1,0.0866,0,Normal,Normal
2026-03-15 03:38:50,28.138,2.9,27.89,101.28,48.5,6.646,206.25,42.35,-84.43,1,0.0408,0,Normal,Normal
2026-03-15 03:39:00,28.586,3.668,30.46,101.37,47.83,6.324,234.45,44.35,-82.27,1,0.12,0,Normal,Normal
2026-03-15 03:39:10,28.045,3.801,28.03,101.5,46.22,6.554,216.99,39.33,-83.2,1,0.0403,0,Normal,Normal
2026-03-15 03:39:20,28.509,3.608,27.72,101.39,46.5,6.145,216.86,40.15,-81.22,1,0.0427,0,Normal,Normal
2026-03-15 03:39:30,27.987,3.494,26.06,101.45,47.38,6.917,209.34,41.23,-82.65,1,0.0413,0,Normal,Normal
2026-03-15 03:39:40,28.034,3.467,24.78,101.74,46.99,6.24,228.35,38.48,-78.34,1,0.0604,0,Normal,Normal
2026-03-15 03:39:50,28.433,3.454,27.18,100.64,47.46,6.853,225.35,41.41,-75.27,1,0.0414,0,Normal,Normal
2026-03-15 03:40:00,28.443,3.219,28.85,101.58,47.72,6.371,218.76,42.85,-85.93,1,0.0452,0,Normal,Normal
2026-03-15 03:40:10,28.341,3.343,26.73,100.88,48.25,6.518,226.82,39.74,-81.17,1,0.0552,0,Normal,Normal
2026-03-15 03:40:20,27.825,3.412,27.77,101.04,47.48,6.268,218.45,41.21,-77.81,1,0.0503,0,Normal,Normal
2026-03-15 03:40:30,27.984,3.546,29.27,101.35,48.1,6.079,210.57,43.66,-82.99,1,0.0422,0,Normal,Normal
2026-03-15 03:40:40,28.143,3.381,29.19,101.46,47.54,5.816,221.7,43.7,-79.85,1,0.0511,0,Normal,Normal
2026-03-15 03:40:50,27.819,3.305,27.68,101.51,45.03,6.049,237.72,44.31,-81.63,1,0.0462,0,Normal,Normal
2026-03-15 03:41:00,28.463,3.715,27.25,100.92,46.2,6.296,232.28,40.68,-83.31,1,0.0532,0,Normal,Normal
2026-03-15 03:41:10,27.308,3.621,24.67,101.95,47.08,6.473,228.1,40.68,-83.15,1,0.0516,0,Normal,Normal
2026-03-15 03:41:20,27.773,3.397,25.96,101.13,45.71,6.74,226.34,38.93,-87.31,1,0.1084,0,Normal,Normal
2026-03-15 03:41:30,27.831,3.662,26.44,101.01,47.79,6.217,221.41,41.02,-79.2,1,0.0699,0,Normal,Normal
2026-03-15 03:41:40,27.108,3.426,25.53,100.79,48.79,6.05,230.13,39.74,-78.79,1,0.0401,0,Normal,Normal
2026-03-15 03:41:50,27.52,3.56,27.13,100.75,48.3,5.837,228.67,40.98,-82.13,1,0.0429,0,Normal,Normal
2026-03-15 03:42:00,28.103,3.793,29.58,100.74,46.44,6.492,223.39,43.57,-79.91,1,0.0767,0,Normal,Normal
2026-03-15 03:42:10,27.902,3.404,28.93,101.43,48.33,6.787,225.53,42.19,-83.18,1,0.0516,0,Normal,Normal
2026-03-15 03:42:20,28.342,3.268,26.97,101.54,46.55,6.723,210.97,42.06,-77.04,1,0.0614,0,Normal,Normal
2026-03-15 03:42:30,28.311,3.532,27.72,100.95,45.78,6.503,219.83,40.71,-79.62,1,0.0505,0,Normal,Normal
2026-03-15 03:42:40,27.954,3.235,25.41,100.84,45.24,6.449,213.98,39.79,-75.89,1,0.0631,0,Normal,Normal
2026-03-15 03:42:50,27.895,3.515,28.64,101.22,45.38,6.788,213.65,43.55,-78.95,1,0.0421,0,Normal,Normal
2026-03-15 03:43:00,27.798,3.524,24.05,101.34,45.01,6.275,226.92,39.71,-80.72,1,0.0601,0,Normal,Normal
2026-03-15 03:43:10,26.959,2.99,27.7,101.41,45.39,6.345,212.83,42.87,-79.14,1,0.0706,0,Normal,Normal
2026-03-15 03:43:20,27.314,3.75,27.02,100.91,45.06,5.963,228.86,41.71,-72.78,1,0.0446,0,Normal,Normal
2026-03-15 03:43:30,27.739,3.585,25.08,101.23,44.51,5.55,230.71,38.32,-70.79,1,0.0469,0,Normal,Normal
2026-03-15 03:43:40,27.871,3.941,25.84,101.93,44.64,5.734,221.67,38.9,-81.37,1,0.0534,0,Normal,Normal
2026-03-15 03:43:50,23.445,6.374,24.4,100.82,45.11,5.912,217.01,37.03,-73.9,1,0.0704,1,Battery voltage drop,Warning
2026-03-15 03:44:00,22.773,6.003,24.4,101.29,44.34,5.871,229.75,36.92,-79.72,1,0.0758,1,Battery voltage drop,Warning
2026-03-15 03:44:10,23.9,6.551,23.59,101.5,40.89,6.453,225.54,37.59,-78.44,1,0.0515,1,Battery voltage drop,Warning
2026-03-15 03:44:20,23.355,5.449,27.07,100.91,39.04,5.73,230.26,40.19,-75.3,1,0.0561,1,Battery voltage drop,Warning
2026-03-15 03:44:30,23.857,5.657,27.66,101.54,42.59,6.029,211.59,43.1,-74.23,1,0.0709,1,Battery voltage drop,Warning
2026-03-15 03:44:40,24.09,6.175,22.54,100.76,39.15,5.371,217.66,35.85,-77.65,1,0.0439,1,Battery voltage drop,Warning
2026-03-15 03:44:50,22.658,5.84,28.48,101.55,39.78,5.314,217.45,42.59,-73.4,1,0.0662,1,Battery voltage drop,Warning
2026-03-15 03:45:00,24.123,5.607,25.64,101.32,37.84,4.849,220.29,39.32,-71.45,1,0.0446,1,Battery voltage drop,Warning
2026-03-15 03:45:10,23.654,6.049,26.03,100.73,36.22,4.937,222.98,38.34,-72.58,1,0.053,1,Battery voltage drop,Warning
2026-03-15 03:45:20,22.827,6.45,23.32,101.58,38.1,5.256,218.41,38.62,-77.43,1,0.0809,1,Battery voltage drop,Warning
2026-03-15 03:45:30,23.256,5.821,27.44,100.94,37.38,4.941,227.27,42.27,-75.64,1,0.0507,1,Battery voltage drop,Warning
2026-03-15 03:45:40,23.64,6.6,25.69,101.24,34.72,5.126,212.83,40.66,-71.44,1,0.0415,1,Battery voltage drop,Warning
2026-03-15 03:45:50,22.703,5.897,27.03,101.55,31.2,4.709,206.62,41.74,-69.18,1,0.0739,1,Battery voltage drop,Warning
2026-03-15 03:46:00,22.957,6.199,27.08,100.91,32.49,4.365,208.84,40.17,-77.42,1,0.0532,1,Battery voltage drop,Warning
2026-03-15 03:46:10,23.306,5.757,27.18,101.09,32.4,5.075,206.96,40.29,-72.47,1,0.0411,1,Battery voltage drop,Warning
2026-03-15 03:46:20,23.171,6.059,24.13,101.75,28.89,4.12,208.71,38.68,-70.95,1,0.0402,1,Battery voltage drop,Warning
2026-03-15 03:46:30,23.449,5.618,24.72,100.47,29.58,4.383,209.26,40.57,-77.11,1,0.0445,1,Battery voltage drop,Warning
2026-03-15 03:46:40,22.848,7.138,24.04,101.87,28.01,3.655,208.62,38.51,-69.64,1,0.0419,1,Battery voltage drop,Warning
2026-03-15 03:46:50,22.266,6.999,26.23,100.71,27.37,3.86,211.3,41.41,-66.12,1,0.0549,1,Battery voltage drop,Warning
2026-03-15 03:47:00,23.271,6.431,25.31,101.02,25.44,3.751,204.76,38.68,-70.25,1,0.0536,1,Battery voltage drop,Warning
2026-03-15 03:47:10,22.193,6.783,26.34,101.41,22.75,3.312,215.83,41.66,-70.32,1,0.0676,1,Battery voltage drop,Warning
2026-03-15 03:47:20,23.865,6.233,26.33,101.54,23.98,2.228,190.93,39.83,-74.05,1,0.0508,1,Battery voltage drop,Warning
2026-03-15 03:47:30,23.348,6.608,22.0,101.42,20.99,2.874,187.63,36.29,-73.05,1,0.0444,1,Battery voltage drop,Warning
2026-03-15 03:47:40,22.371,6.899,26.54,101.32,19.8,3.116,212.47,40.1,-73.3,1,0.0408,1,Battery voltage drop,Warning
2026-03-15 03:47:50,21.896,6.639,25.86,101.13,17.4,2.692,210.88,40.93,-73.8,1,0.0402,1,Battery voltage drop,Warning
2026-03-15 03:48:00,27.058,4.797,23.8,101.92,16.71,2.49,212.48,38.89,-71.66,1,0.079,0,Normal,Normal
2026-03-15 03:48:10,27.0,4.824,24.8,101.61,14.94,1.564,206.76,37.03,-69.79,1,0.0423,0,Normal,Normal
2026-03-15 03:48:20,26.661,4.796,24.01,101.77,14.61,1.754,200.83,39.6,-73.08,1,0.0504,0,Normal,Normal
2026-03-15 03:48:30,26.951,5.056,25.04,101.13,15.74,1.997,197.91,41.9,-71.35,1,0.0638,0,Normal,Normal
2026-03-15 03:48:40,26.752,4.835,23.48,100.37,10.96,1.851,186.38,37.06,-69.14,1,0.0796,0,Normal,Normal
2026-03-15 03:48:50,27.147,5.143,24.68,101.71,9.66,1.995,199.63,38.53,-76.25,1,0.0434,0,Normal,Normal
2026-03-15 03:49:00,27.341,5.253,23.98,101.44,12.4,1.39,186.26,39.47,-66.85,1,0.044,0,Normal,Normal
2026-03-15 03:49:10,26.558,5.08,23.15,101.37,9.49,1.461,216.83,37.23,-68.87,1,0.043,0,Normal,Normal
2026-03-15 03:49:20,27.418,4.779,24.0,101.07,8.1,1.212,188.24,38.0,-68.63,1,0.0426,0,Normal,Normal
2026-03-15 03:49:30,26.843,4.962,27.69,101.16,9.38,0.755,195.32,43.97,-65.65,1,0.0491,0,Normal,Normal
2026-03-15 03:49:40,26.567,5.332,22.52,101.06,6.68,0.214,207.45,34.9,-66.12,1,0.0552,0,Normal,Normal
2026-03-15 03:49:50,27.065,4.673,23.09,101.32,8.94,1.065,191.99,36.14,-66.93,1,0.0584,0,Normal,Normal
2026-03-15 03:50:00,26.682,4.972,22.38,100.85,6.95,0.892,191.6,36.88,-67.73,1,0.0459,0,Normal,Normal
2026-03-15 03:50:10,26.77,5.005,22.45,101.61,4.99,0.539,173.37,34.51,-68.42,1,0.0547,0,Normal,Normal
2026-03-15 03:50:20,26.651,4.894,24.43,102.11,7.65,0.119,183.21,37.99,-69.97,1,0.04,0,Normal,Normal
2026-03-15 03:50:30,26.506,5.346,24.2,101.06,3.87,0.842,197.84,37.74,-70.94,1,0.0729,0,Normal,Normal
2026-03-15 03:50:40,26.946,5.238,23.03,100.66,5.06,0.471,206.42,38.19,-66.73,1,0.0706,0,Normal,Normal
2026-03-15 03:50:50,26.622,4.981,24.49,101.26,4.13,0.706,185.62,39.32,-66.54,1,0.0518,0,Normal,Normal
2026-03-15 03:51:00,26.256,5.323,24.06,101.43,4.98,1.116,194.07,36.04,-67.15,1,0.0442,0,Normal,Normal
2026-03-15 03:51:10,26.831,5.144,22.54,101.48,4.97,0.0,213.93,35.7,-71.45,1,0.0938,0,Normal,Normal
2026-03-15 03:51:20,26.283,4.972,20.39,101.94,2.85,0.135,196.58,33.56,-114.28,0,0.065,1,Communication signal drop,Critical
2026-03-15 03:51:30,26.277,5.026,23.85,101.63,1.64,0.271,199.66,37.59,-113.24,0,0.0403,1,Communication signal drop,Critical
2026-03-15 03:51:40,26.96,5.323,22.77,100.58,2.85,0.821,185.55,35.45,-113.05,0,0.0495,1,Communication signal drop,Critical
2026-03-15 03:51:50,26.223,5.457,22.46,100.81,1.27,0.0,203.94,37.0,-99.86,0,0.0416,1,Communication signal drop,Critical
2026-03-15 03:52:00,25.866,5.107,21.64,101.46,4.31,0.933,185.84,34.81,-92.92,0,0.0421,1,Communication signal drop,Critical
2026-03-15 03:52:10,26.727,5.372,23.37,101.12,1.88,0.279,184.3,38.07,-101.84,0,0.04,1,Communication signal drop,Critical
2026-03-15 03:52:20,26.429,5.637,22.68,101.91,1.11,0.177,202.97,36.68,-103.07,0,0.0575,1,Communication signal drop,Critical
2026-03-15 03:52:30,26.435,4.933,21.72,100.93,1.63,0.121,185.93,34.55,-115.77,0,0.0444,1,Communication signal drop,Critical
2026-03-15 03:52:40,26.386,5.341,20.14,101.68,0.0,0.02,190.9,35.81,-111.96,0,0.0455,1,Communication signal drop,Critical
2026-03-15 03:52:50,26.529,5.464,23.49,101.04,0.0,0.524,203.85,39.19,-113.32,0,0.0407,1,Communication signal drop,Critical
2026-03-15 03:53:00,26.214,5.237,22.71,101.4,2.49,0.0,183.45,37.06,-102.33,0,0.0401,1,Communication signal drop,Critical
2026-03-15 03:53:10,26.863,5.574,22.09,100.97,0.17,0.25,188.8,35.8,-108.0,0,0.0636,1,Communication signal drop,Critical
2026-03-15 03:53:20,25.958,5.817,17.63,101.52,0.0,0.0,185.75,30.37,-106.2,0,0.0562,1,Communication signal drop,Critical
2026-03-15 03:53:30,26.515,5.356,21.47,101.73,1.43,0.0,187.95,36.75,-99.69,0,0.0472,1,Communication signal drop,Critical
2026-03-15 03:53:40,26.555,5.215,21.07,101.4,2.14,1.002,190.84,36.06,-104.58,0,0.0411,1,Communication signal drop,Critical
2026-03-15 03:53:50,26.115,5.52,20.42,102.06,1.52,0.235,201.2,33.44,-103.61,0,0.0624,1,Communication signal drop,Critical
2026-03-15 03:54:00,26.017,5.488,22.38,101.01,1.79,0.295,203.57,35.56,-101.41,0,0.0791,1,Communication signal drop,Critical
2026-03-15 03:54:10,26.611,4.65,22.23,101.34,0.0,0.472,191.64,36.78,-119.29,0,0.0512,1,Communication signal drop,Critical
2026-03-15 03:54:20,25.99,5.281,21.72,101.64,0.0,0.0,184.55,34.31,-103.38,0,0.0422,1,Communication signal drop,Critical
2026-03-15 03:54:30,26.087,5.184,22.53,100.92,2.25,0.674,195.75,35.78,-115.75,0,0.0559,1,Communication signal drop,Critical
2026-03-15 03:54:40,26.517,5.384,19.35,101.32,0.03,0.0,190.34,32.1,-107.71,0,0.0411,1,Communication signal drop,Critical
2026-03-15 03:54:50,26.243,5.237,20.11,101.57,0.08,0.0,190.58,32.9,-113.43,0,0.0427,1,Communication signal drop,Critical
2026-03-15 03:55:00,25.675,5.266,20.81,101.67,1.94,0.0,182.0,33.95,-100.26,0,0.0495,1,Communication signal drop,Critical
2026-03-15 03:55:10,26.721,5.072,19.67,101.76,0.98,0.246,177.29,34.76,-106.68,0,0.0443,1,Communication signal drop,Critical
2026-03-15 03:55:20,26.02,5.473,21.6,100.95,0.84,0.116,190.06,33.5,-113.69,0,0.0799,1,Communication signal drop,Critical
2026-03-15 03:55:30,26.041,5.704,19.64,101.42,2.86,0.0,181.64,34.16,-70.62,1,0.0648,0,Normal,Normal
2026-03-15 03:55:40,26.221,5.079,22.27,100.77,0.0,0.029,185.94,36.58,-64.37,1,0.0449,0,Normal,Normal
2026-03-15 03:55:50,26.315,4.942,18.84,101.01,1.34,0.0,202.02,34.0,-62.92,1,0.0898,0,Normal,Normal
2026-03-15 03:56:00,26.699,5.297,23.34,101.23,0.27,0.0,189.59,37.65,-64.8,1,0.0471,0,Normal,Normal
2026-03-15 03:56:10,25.596,5.286,23.09,101.76,0.51,0.28,199.0,36.64,-63.91,1,0.0526,0,Normal,Normal
2026-03-15 03:56:20,26.325,5.586,19.81,101.51,2.01,0.266,192.5,32.83,-63.61,1,0.0525,0,Normal,Normal
2026-03-15 03:56:30,26.284,4.987,21.58,101.32,0.77,0.576,194.79,36.77,-63.73,1,0.0557,0,Normal,Normal
2026-03-15 03:56:40,26.004,5.16,19.17,101.48,0.79,0.0,185.71,33.76,-62.48,1,0.0442,0,Normal,Normal
2026-03-15 03:56:50,26.266,4.758,21.19,101.51,1.42,0.261,199.32,34.6,-79.89,1,0.0783,1,Communication signal drop,Warning
2026-03-15 03:57:00,26.294,5.639,19.32,101.45,0.0,0.0,192.58,34.41,-82.75,1,0.0446,1,Communication signal drop,Warning
2026-03-15 03:57:10,25.584,5.358,17.56,101.07,0.0,0.433,187.97,31.03,-95.34,1,0.0564,1,Communication signal drop,Warning
2026-03-15 03:57:20,26.508,5.18,14.1,100.92,0.0,0.372,192.56,28.1,-84.6,1,0.0618,1,Communication signal drop,Warning
2026-03-15 03:57:30,25.5,4.966,18.9,101.21,0.0,0.088,184.35,32.17,-87.19,1,0.072,1,Communication signal drop,Warning
2026-03-15 03:57:40,25.612,4.989,19.63,100.98,2.56,0.0,187.72,34.27,-88.31,1,0.0492,1,Communication signal drop,Warning
2026-03-15 03:57:50,25.86,5.4,21.11,101.55,0.0,0.348,189.62,33.92,-91.66,1,0.0587,1,Communication signal drop,Warning
2026-03-15 03:58:00,26.501,5.02,19.08,101.91,0.0,0.237,185.85,32.72,-87.1,1,0.0413,1,Communication signal drop,Warning
2026-03-15 03:58:10,25.817,5.323,20.44,101.53,0.0,0.0,202.52,33.65,-91.23,1,0.0626,1,Communication signal drop,Warning
2026-03-15 03:58:20,25.886,5.808,18.16,100.58,0.44,0.0,186.73,32.48,-90.8,1,0.0611,1,Communication signal drop,Warning
2026-03-15 03:58:30,26.312,5.211,18.24,101.05,1.04,0.0,206.71,32.71,-84.17,1,0.0479,1,Communication signal drop,Warning
2026-03-15 03:58:40,25.778,5.057,20.24,101.31,1.09,0.539,190.58,32.91,-85.11,1,0.0456,1,Communication signal drop,Warning
2026-03-15 03:58:50,25.502,5.393,14.87,100.73,0.0,0.409,188.17,29.36,-85.34,1,0.0472,1,Communication signal drop,Warning
2026-03-15 03:59:00,25.717,4.992,18.49,101.31,0.0,0.0,186.0,30.72,-91.53,1,0.0414,1,Communication signal drop,Warning
2026-03-15 03:59:10,26.24,5.728,17.78,101.49,0.39,0.0,193.42,34.41,-98.4,1,0.0552,1,Communication signal drop,Warning
2026-03-15 03:59:20,25.838,5.649,20.33,101.86,0.0,0.453,197.19,33.72,-87.41,1,0.0766,1,Communication signal drop,Warning
2026-03-15 03:59:30,26.383,5.257,17.41,102.03,1.97,0.0,169.73,32.67,-94.82,1,0.0564,1,Communication signal drop,Warning
2026-03-15 03:59:40,26.013,5.074,18.88,100.82,0.63,0.184,190.07,33.13,-87.06,1,0.053,1,Communication signal drop,Warning
2026-03-15 03:59:50,25.586,5.192,19.4,101.25,0.92,0.0,174.12,33.69,-91.87,1,0.1102,1,Communication signal drop,Warning
2026-03-15 04:00:00,25.783,5.225,15.69,101.26,0.83,0.571,197.88,28.29,-84.91,1,0.0517,1,Communication signal drop,Warning
2026-03-15 04:00:10,25.5,5.395,17.63,101.01,1.44,0.0,198.02,32.64,-64.53,1,0.0464,0,Normal,Normal
2026-03-15 04:00:20,25.545,5.559,17.1,101.34,0.25,0.405,190.35,31.16,-69.35,1,0.0583,0,Normal,Normal
2026-03-15 04:00:30,27.078,5.04,19.08,101.27,0.0,0.069,191.69,33.64,-64.83,1,0.0511,0,Normal,Normal
2026-03-15 04:00:40,26.029,5.552,18.58,101.55,0.51,0.092,178.58,32.48,-67.41,1,0.0937,0,Normal,Normal
2026-03-15 04:00:50,25.971,5.453,17.13,101.84,0.0,0.0,185.64,31.29,-59.17,1,0.0742,0,Normal,Normal
2026-03-15 04:01:00,25.515,5.172,15.82,101.35,0.0,0.0,185.12,28.76,-71.89,1,0.084,0,Normal,Normal
2026-03-15 04:01:10,26.163,5.027,18.86,101.1,0.73,0.0,186.43,32.68,-66.88,1,0.04,0,Normal,Normal
2026-03-15 04:01:20,26.012,5.328,17.12,100.89,1.51,0.09,197.0,30.61,-65.57,1,0.0461,0,Normal,Normal
2026-03-15 04:01:30,26.237,5.034,14.71,102.12,0.05,0.0,200.27,27.86,-68.8,1,0.0548,0,Normal,Normal
2026-03-15 04:01:40,26.214,5.555,14.75,101.66,0.39,0.0,194.9,28.91,-69.45,1,0.0455,0,Normal,Normal
2026-03-15 04:01:50,25.211,5.018,17.62,101.46,2.06,0.199,187.43,32.05,-63.91,1,0.056,0,Normal,Normal
2026-03-15 04:02:00,25.313,5.436,14.96,101.23,0.31,0.2,184.05,29.26,-65.53,1,0.0588,0,Normal,Normal
2026-03-15 04:02:10,25.336,5.279,19.58,101.94,3.14,0.0,190.74,33.46,-70.62,1,0.0546,0,Normal,Normal
2026-03-15 04:02:20,25.346,5.159,15.3,101.24,0.7,0.276,192.39,29.79,-72.84,1,0.0492,0,Normal,Normal
2026-03-15 04:02:30,25.718,5.274,16.62,100.62,0.0,0.0,188.25,30.91,-66.81,1,0.0579,0,Normal,Normal
2026-03-15 04:02:40,25.443,5.569,16.77,101.41,0.92,0.0,184.74,30.89,-67.78,1,0.0627,0,Normal,Normal
2026-03-15 04:02:50,26.227,5.001,15.36,100.81,0.47,0.579,194.93,29.56,-67.22,1,0.0579,0,Normal,Normal
2026-03-15 04:03:00,26.169,5.196,13.01,101.41,1.56,0.026,195.72,28.43,-69.52,1,0.0651,0,Normal,Normal
2026-03-15 04:03:10,25.589,5.111,16.57,101.84,0.82,0.046,179.52,29.13,-66.74,1,0.0841,0,Normal,Normal
2026-03-15 04:03:20,26.171,5.29,15.07,100.63,0.0,0.809,186.94,28.69,-64.7,1,0.0416,0,Normal,Normal
2026-03-15 04:03:30,26.024,5.128,16.3,100.94,0.0,0.0,196.23,30.7,-65.11,1,0.0755,0,Normal,Normal
2026-03-15 04:03:40,25.436,4.857,15.86,101.65,0.0,0.281,197.92,27.96,-72.36,1,0.0448,0,Normal,Normal
2026-03-15 04:03:50,24.962,5.036,16.35,101.1,0.0,0.584,190.53,32.01,-62.6,1,0.0524,0,Normal,Normal
2026-03-15 04:04:00,25.494,5.709,18.22,101.47,0.0,0.0,192.93,32.53,-68.33,1,0.0828,0,Normal,Normal
2026-03-15 04:04:10,25.361,5.361,14.98,101.47,0.72,0.303,192.03,30.13,-74.79,1,0.0545,0,Normal,Normal
2026-03-15 04:04:20,25.611,5.353,15.02,101.66,2.02,0.0,197.64,30.36,-69.41,1,0.0413,0,Normal,Normal
2026-03-15 04:04:30,25.57,5.229,13.14,101.04,0.49,0.0,181.14,27.64,-70.24,1,0.0504,0,Normal,Normal
2026-03-15 04:04:40,25.558,5.287,15.27,100.28,0.0,0.136,192.15,26.59,-71.5,1,0.0737,0,Normal,Normal
2026-03-15 04:04:50,25.692,5.192,16.1,101.46,0.55,0.281,182.9,30.28,-71.97,1,0.048,0,Normal,Normal
2026-03-15 04:05:00,25.167,5.431,14.69,100.67,1.45,0.394,198.71,28.94,-69.47,1,0.0683,0,Normal,Normal
2026-03-15 04:05:10,25.65,5.325,15.96,101.67,0.0,0.551,181.54,28.66,-69.68,1,0.0637,0,Normal,Normal
2026-03-15 04:05:20,25.391,5.007,14.99,101.28,0.0,0.0,193.28,26.85,-73.78,1,0.0755,0,Normal,Normal
2026-03-15 04:05:30,25.579,5.363,13.23,101.18,0.03,0.419,182.94,27.79,-73.85,1,0.0446,0,Normal,Normal
2026-03-15 04:05:40,25.804,4.685,15.58,101.58,0.0,0.0,196.03,28.08,-74.19,1,0.0503,0,Normal,Normal
2026-03-15 04:05:50,25.146,5.403,14.73,100.6,0.79,0.317,193.52,31.2,-73.22,1,0.0461,0,Normal,Normal
2026-03-15 04:06:00,25.427,4.947,15.15,101.22,0.0,0.074,191.92,29.47,-70.26,1,0.0515,0,Normal,Normal
2026-03-15 04:06:10,25.473,5.276,14.04,101.48,0.51,0.157,205.69,29.66,-69.54,1,0.0403,0,Normal,Normal
2026-03-15 04:06:20,25.352,5.001,13.84,101.4,0.0,0.15,184.39,27.88,-74.02,1,0.0441,0,Normal,Normal
2026-03-15 04:06:30,25.775,5.3,14.99,101.1,0.0,0.0,197.42,29.89,-70.31,1,0.0948,0,Normal,Normal
2026-03-15 04:06:40,25.287,5.444,14.34,101.11,0.88,0.0,199.38,28.4,-72.51,1,0.0539,0,Normal,Normal
2026-03-15 04:06:50,25.336,5.675,17.2,101.92,0.0,0.037,197.42,32.41,-73.67,1,0.0429,0,Normal,Normal
2026-03-15 04:07:00,25.288,4.914,15.74,101.67,2.08,0.0,184.59,27.3,-68.7,1,0.0506,0,Normal,Normal
2026-03-15 04:07:10,25.828,5.544,15.29,101.03,0.0,0.292,188.13,30.36,-73.55,1,0.058,0,Normal,Normal
2026-03-15 04:07:20,25.352,5.332,14.14,101.84,0.28,0.306,185.16,28.95,-75.17,1,0.0539,0,Normal,Normal
2026-03-15 04:07:30,25.638,5.187,11.3,101.6,1.13,0.116,187.63,25.12,-72.49,1,0.0505,0,Normal,Normal
2026-03-15 04:07:40,26.093,5.49,13.07,101.5,0.0,0.0,183.28,26.58,-78.93,1,0.0568,0,Normal,Normal
2026-03-15 04:07:50,25.478,5.241,13.24,101.51,0.0,0.484,187.1,26.88,-76.12,1,0.0427,0,Normal,Normal
2026-03-15 04:08:00,25.835,5.479,13.74,100.84,0.0,0.714,201.75,28.08,-74.91,1,0.0486,0,Normal,Normal
2026-03-15 04:08:10,26.004,5.052,14.04,101.9,1.52,0.053,187.45,29.49,-73.77,1,0.0608,0,Normal,Normal
2026-03-15 04:08:20,25.812,5.141,15.01,101.68,0.0,0.18,190.85,28.37,-75.44,1,0.053,0,Normal,Normal
2026-03-15 04:08:30,25.5,5.536,14.37,101.4,3.08,0.072,184.2,26.33,-80.26,1,0.0755,0,Normal,Normal
2026-03-15 04:08:40,25.699,5.671,15.64,101.4,0.0,0.187,189.89,32.62,-79.28,1,0.0488,0,Normal,Normal
2026-03-15 04:08:50,25.122,5.291,13.37,101.26,0.23,0.0,196.62,28.18,-78.14,1,0.0421,0,Normal,Normal
2026-03-15 04:09:00,25.277,4.603,14.17,101.07,1.86,0.0,193.92,27.7,-76.35,1,0.0407,0,Normal,Normal
2026-03-15 04:09:10,25.332,5.25,14.24,101.51,2.42,0.318,201.35,29.67,-81.2,1,0.0497,0,Normal,Normal
2026-03-15 04:09:20,26.189,5.308,14.04,100.98,2.48,0.822,180.33,29.16,-73.3,1,0.0486,0,Normal,Normal
2026-03-15 04:09:30,25.276,5.241,15.53,101.36,1.46,0.0,183.96,30.12,-76.82,1,0.0444,0,Normal,Normal
2026-03-15 04:09:40,25.275,5.384,14.76,101.34,1.24,0.0,186.7,28.19,-77.12,1,0.0534,0,Normal,Normal
2026-03-15 04:09:50,25.213,5.18,11.52,101.45,0.72,0.0,202.21,26.32,-78.72,1,0.0443,0,Normal,Normal
2026-03-15 04:10:00,25.698,5.509,13.28,101.68,0.95,0.559,192.4,28.58,-82.75,1,0.0437,0,Normal,Normal
2026-03-15 04:10:10,25.577,5.008,13.37,101.46,0.0,0.0,178.67,25.31,-78.37,1,0.0546,0,Normal,Normal
2026-03-15 04:10:20,25.865,5.609,16.57,101.58,0.0,0.0,198.75,30.84,-76.61,1,0.0835,0,Normal,Normal
2026-03-15 04:10:30,25.745,5.687,12.8,100.52,0.01,0.225,190.89,27.15,-79.53,1,0.0434,0,Normal,Normal
2026-03-15 04:10:40,25.135,5.071,11.77,101.48,0.0,0.612,197.13,26.09,-76.07,1,0.043,0,Normal,Normal
2026-03-15 04:10:50,25.312,5.071,13.85,101.33,0.0,0.234,202.68,27.9,-79.67,1,0.051,0,Normal,Normal
2026-03-15 04:11:00,25.969,5.402,13.89,101.45,0.85,0.073,182.19,29.31,-77.61,1,0.0419,0,Normal,Normal
2026-03-15 04:11:10,25.504,5.003,12.98,101.09,1.16,0.145,202.68,26.73,-80.23,1,0.0452,0,Normal,Normal
2026-03-15 04:11:20,25.927,5.176,12.72,101.76,0.12,0.497,189.42,26.71,-78.96,1,0.1103,0,Normal,Normal
2026-03-15 04:11:30,25.533,5.575,14.43,101.4,1.79,0.0,186.7,28.81,-77.69,1,0.0676,0,Normal,Normal
2026-03-15 04:11:40,25.294,5.484,11.68,101.0,0.0,0.0,191.25,25.46,-83.74,1,0.0584,0,Normal,Normal
2026-03-15 04:11:50,25.5,5.794,12.4,101.07,0.0,0.0,180.47,24.74,-78.75,1,0.0404,0,Normal,Normal
2026-03-15 04:12:00,25.307,5.342,12.09,101.66,0.0,0.0,189.85,26.35,-77.71,1,0.0446,0,Normal,Normal
2026-03-15 04:12:10,25.436,5.147,14.47,101.27,0.0,0.0,188.07,28.74,-74.49,1,0.0526,0,Normal,Normal
2026-03-15 04:12:20,25.673,5.312,13.22,101.3,0.0,0.39,182.51,26.78,-81.03,1,0.0586,0,Normal,Normal
2026-03-15 04:12:30,25.774,5.262,11.15,101.22,0.0,0.201,184.84,24.99,-87.73,1,0.0566,0,Normal,Normal
2026-03-15 04:12:40,25.152,5.265,11.26,101.7,1.83,0.228,199.12,22.0,-86.95,1,0.0431,0,Normal,Normal
2026-03-15 04:12:50,25.632,5.293,15.48,101.49,0.78,0.054,188.59,30.93,-84.44,1,0.0494,0,Normal,Normal
2026-03-15 04:13:00,25.47,5.066,14.26,100.83,0.0,0.186,182.17,29.34,-78.1,1,0.0433,0,Normal,Normal
2026-03-15 04:13:10,25.46,5.37,13.86,100.91,2.25,0.0,193.6,26.26,-75.52,1,0.0786,0,Normal,Normal
2026-03-15 04:13:20,25.703,4.947,12.58,101.3,1.49,0.0,196.15,25.77,-83.49,1,0.0522,0,Normal,Normal
2026-03-15 04:13:30,25.508,5.12,14.79,101.04,0.72,0.07,190.0,30.53,-82.27,1,0.0474,0,Normal,Normal
2026-03-15 04:13:40,26.097,5.269,10.84,100.44,0.0,0.1,180.14,23.46,-90.33,1,0.0775,0,Normal,Normal
2026-03-15 04:13:50,26.049,4.734,13.6,101.0,0.0,0.116,169.65,28.17,-80.78,1,0.0751,0,Normal,Normal
2026-03-15 04:14:00,26.057,5.491,11.77,101.19,0.0,0.0,182.81,25.18,-82.48,1,0.0505,0,Normal,Normal
2026-03-15 04:14:10,25.564,4.786,12.03,101.14,1.33,0.0,198.45,26.52,-83.77,1,0.0574,0,Normal,Normal
2026-03-15 04:14:20,25.435,5.466,13.47,101.59,2.29,1.109,197.72,27.53,-86.05,1,0.0458,0,Normal,Normal
2026-03-15 04:14:30,25.759,4.976,12.13,100.41,1.88,0.322,183.65,25.79,-84.35,1,0.0455,0,Normal,Normal
2026-03-15 04:14:40,25.7,5.198,11.67,100.99,0.0,0.149,188.14,26.14,-87.45,1,0.052,0,Normal,Normal
2026-03-15 04:14:50,25.574,5.428,11.55,101.62,0.0,0.0,195.61,24.96,-86.12,1,0.0681,0,Normal,Normal
2026-03-15 04:15:00,25.415,5.848,9.29,101.03,0.21,0.0,188.92,22.0,-87.47,1,0.0536,0,Normal,Normal
2026-03-15 04:15:10,25.767,5.328,13.39,100.82,0.0,0.0,197.52,26.28,-86.83,1,0.0492,0,Normal,Normal
2026-03-15 04:15:20,25.67,4.803,10.72,101.03,0.43,0.108,189.25,23.46,-87.35,1,0.0564,0,Normal,Normal
2026-03-15 04:15:30,26.01,5.537,14.99,101.48,0.0,0.0,193.89,27.07,-82.26,1,0.0651,0,Normal,Normal
2026-03-15 04:15:40,26.016,5.24,11.75,101.2,0.0,0.0,187.45,26.2,-87.54,1,0.0632,0,Normal,Normal
2026-03-15 04:15:50,26.159,5.316,14.13,101.01,0.0,0.0,183.77,27.92,-84.34,1,0.0469,0,Normal,Normal
2026-03-15 04:16:00,25.464,5.437,9.43,101.49,0.67,0.08,199.36,23.86,-87.55,1,0.0812,0,Normal,Normal
2026-03-15 04:16:10,25.975,4.741,13.23,101.45,0.0,0.0,178.03,27.85,-87.51,1,0.0402,0,Normal,Normal
2026-03-15 04:16:20,25.65,5.299,13.6,100.79,0.0,0.526,185.25,28.5,-87.71,1,0.049,0,Normal,Normal
2026-03-15 04:16:30,25.516,5.195,14.05,101.34,0.0,0.0,189.29,28.54,-81.58,1,0.0757,0,Normal,Normal
2026-03-15 04:16:40,25.767,5.603,9.79,100.78,0.04,0.0,196.92,22.62,-85.13,1,0.0579,0,Normal,Normal
2026-03-15 04:16:50,26.23,5.479,11.02,101.77,2.2,0.542,183.02,25.71,-86.89,1,0.0583,0,Normal,Normal
2026-03-15 04:17:00,25.812,4.89,12.92,101.79,2.07,0.057,191.07,27.19,-87.72,1,0.0426,0,Normal,Normal
2026-03-15 04:17:10,26.408,5.612,12.27,101.18,0.0,0.322,178.97,28.9,-88.79,1,0.0531,0,Normal,Normal
2026-03-15 04:17:20,26.118,5.409,12.48,101.73,0.0,0.731,193.59,26.49,-86.96,1,0.0911,0,Normal,Normal
2026-03-15 04:17:30,25.85,4.909,11.49,101.0,0.66,0.0,204.66,25.95,-89.16,1,0.0436,0,Normal,Normal
2026-03-15 04:17:40,26.331,5.31,14.35,101.24,0.0,0.0,174.4,28.24,-128.2,0,0.0459,1,Communication signal drop,Critical
2026-03-15 04:17:50,26.132,5.554,15.93,101.07,0.48,0.0,184.27,29.99,-127.04,0,0.0474,1,Communication signal drop,Critical
2026-03-15 04:18:00,25.734,4.992,12.17,101.29,1.05,0.0,196.79,26.14,-129.56,0,0.0467,1,Communication signal drop,Critical
2026-03-15 04:18:10,26.587,5.639,12.69,101.33,1.61,0.0,213.65,26.17,-126.15,0,0.0548,1,Communication signal drop,Critical
2026-03-15 04:18:20,26.123,4.916,12.09,101.3,0.03,0.329,194.81,26.3,-122.71,0,0.044,1,Communication signal drop,Critical
2026-03-15 04:18:30,26.067,5.096,13.93,101.26,0.0,0.211,184.28,28.67,-119.29,0,0.0506,1,Communication signal drop,Critical
2026-03-15 04:18:40,25.821,5.058,13.24,101.35,0.0,0.24,188.94,26.74,-129.47,0,0.0477,1,Communication signal drop,Critical
2026-03-15 04:18:50,26.448,5.637,10.4,101.8,0.0,0.0,180.32,25.4,-138.19,0,0.0555,1,Communication signal drop,Critical
2026-03-15 04:19:00,26.266,5.17,11.08,100.5,0.0,0.0,196.59,25.94,-129.7,0,0.0442,1,Communication signal drop,Critical
2026-03-15 04:19:10,26.316,5.001,10.49,102.07,0.66,0.475,198.53,23.43,-130.82,0,0.0521,1,Communication signal drop,Critical
2026-03-15 04:19:20,25.992,5.402,16.05,101.16,1.34,0.0,201.43,28.89,-117.73,0,0.0602,1,Communication signal drop,Critical
2026-03-15 04:19:30,26.412,5.455,12.96,101.27,0.0,0.139,187.55,27.5,-122.6,0,0.0577,1,Communication signal drop,Critical
2026-03-15 04:19:40,26.453,5.456,11.12,101.83,2.08,0.096,183.75,24.42,-130.13,0,0.067,1,Communication signal drop,Critical
2026-03-15 04:19:50,25.996,5.22,11.01,101.54,0.0,0.554,202.19,23.75,-121.21,0,0.0869,1,Communication signal drop,Critical
2026-03-15 04:20:00,25.789,5.351,13.24,101.51,0.32,0.387,201.3,29.3,-128.86,0,0.0689,1,Communication signal drop,Critical
2026-03-15 04:20:10,26.407,5.123,13.4,101.8,0.0,0.0,182.37,26.24,-123.2,0,0.0818,1,Communication signal drop,Critical
2026-03-15 04:20:20,25.778,5.703,13.25,101.23,0.0,0.0,187.3,25.42,-134.72,0,0.0403,1,Communication signal drop,Critical
2026-03-15 04:20:30,26.314,5.569,11.42,101.67,1.51,0.264,196.65,24.48,-132.22,0,0.0549,1,Communication signal drop,Critical
2026-03-15 04:20:40,26.153,5.552,12.53,100.8,1.38,0.044,188.34,26.81,-121.43,0,0.0447,1,Communication signal drop,Critical
2026-03-15 04:20:50,26.671,5.478,12.25,101.47,0.2,0.0,190.65,26.34,-122.8,0,0.0648,1,Communication signal drop,Critical
2026-03-15 04:21:00,26.207,5.408,10.69,101.52,0.68,0.436,178.68,26.96,-134.7,0,0.0656,1,Communication signal drop,Critical
2026-03-15 04:21:10,26.676,4.964,10.72,101.76,1.27,0.154,181.5,23.8,-129.54,0,0.0407,1,Communication signal drop,Critical
2026-03-15 04:21:20,26.208,5.431,12.75,101.58,0.0,0.116,189.79,27.03,-121.6,0,0.0536,1,Communication signal drop,Critical
2026-03-15 04:21:30,26.682,5.299,12.44,101.38,0.15,0.38,184.98,27.8,-134.71,0,0.0685,1,Communication signal drop,Critical
2026-03-15 04:21:40,27.019,5.583,13.0,101.17,1.82,0.0,181.45,26.2,-113.28,0,0.0533,1,Communication signal drop,Critical
2026-03-15 04:21:50,26.1,5.466,13.37,101.17,0.0,0.678,188.18,28.22,-84.29,1,0.0483,0,Normal,Normal
2026-03-15 04:22:00,26.528,5.398,14.45,101.17,1.4,0.0,183.75,26.26,-83.12,1,0.0412,0,Normal,Normal
2026-03-15 04:22:10,27.285,4.836,11.06,100.78,0.0,0.387,191.07,27.17,-77.78,1,0.0597,0,Normal,Normal
2026-03-15 04:22:20,26.5,5.23,13.19,102.0,1.84,0.675,198.87,28.39,-79.38,1,0.0412,0,Normal,Normal
2026-03-15 04:22:30,26.519,5.108,13.4,101.7,1.36,0.0,188.62,26.58,-86.8,1,0.0537,0,Normal,Normal
2026-03-15 04:22:40,26.757,5.305,11.83,101.4,0.0,0.09,187.72,26.82,-78.31,1,0.0774,0,Normal,Normal
2026-03-15 04:22:50,26.553,5.132,12.51,101.63,3.11,0.632,199.84,28.08,-79.29,1,0.0481,0,Normal,Normal
2026-03-15 04:23:00,26.049,5.16,11.92,101.6,1.01,0.661,197.25,24.37,-78.81,1,0.0621,0,Normal,Normal
2026-03-15 04:23:10,26.921,5.337,15.54,100.9,1.11,0.222,197.9,28.82,-85.03,1,0.0641,0,Normal,Normal
2026-03-15 04:23:20,26.002,5.106,12.56,101.55,2.54,0.055,171.51,28.18,-82.39,1,0.0402,0,Normal,Normal
2026-03-15 04:23:30,26.498,5.235,13.11,101.81,3.92,0.679,188.27,27.19,-84.05,1,0.077,0,Normal,Normal
2026-03-15 04:23:40,27.006,4.815,12.07,101.03,1.59,0.794,187.47,26.59,-82.37,1,0.0431,0,Normal,Normal
2026-03-15 04:23:50,26.558,4.976,11.78,100.69,3.17,0.012,185.66,25.86,-77.33,1,0.045,0,Normal,Normal
2026-03-15 04:24:00,26.478,5.336,10.58,100.84,3.94,0.042,200.92,25.65,-82.01,1,0.0707,0,Normal,Normal
2026-03-15 04:24:10,26.972,4.851,14.22,101.26,4.61,0.59,188.41,28.83,-87.43,1,0.0574,0,Normal,Normal
2026-03-15 04:24:20,26.474,5.455,13.75,100.81,4.38,0.784,181.91,27.88,-83.23,1,0.047,0,Normal,Normal
2026-03-15 04:24:30,26.384,5.371,12.18,101.23,4.15,0.517,195.32,23.66,-83.91,1,0.0414,0,Normal,Normal
2026-03-15 04:24:40,26.855,5.043,11.32,101.04,4.07,0.923,193.63,26.09,-76.41,1,0.0473,0,Normal,Normal
2026-03-15 04:24:50,26.739,5.841,12.98,101.3,5.68,0.506,186.69,27.86,-84.04,1,0.0909,0,Normal,Normal
2026-03-15 04:25:00,26.443,5.381,12.0,101.1,4.85,0.091,202.62,24.52,-82.65,1,0.0417,0,Normal,Normal
2026-03-15 04:25:10,27.029,4.81,12.46,101.29,3.24,0.765,199.17,25.05,-82.37,1,0.0681,0,Normal,Normal
2026-03-15 04:25:20,26.999,5.209,10.93,101.54,7.93,1.026,199.62,25.56,-76.27,1,0.0459,0,Normal,Normal
2026-03-15 04:25:30,26.774,5.012,13.2,100.92,9.21,1.004,199.8,27.43,-78.0,1,0.0559,0,Normal,Normal
2026-03-15 04:25:40,26.817,4.772,13.27,101.41,6.07,0.8,205.21,24.9,-78.98,1,0.055,0,Normal,Normal
2026-03-15 04:25:50,27.068,4.667,14.6,100.96,8.53,0.684,195.86,27.61,-79.8,1,0.0459,0,Normal,Normal
2026-03-15 04:26:00,27.306,5.15,12.78,101.3,11.38,1.26,187.82,27.15,-79.65,1,0.0408,0,Normal,Normal
2026-03-15 04:26:10,26.886,4.716,12.55,101.27,14.06,1.884,196.8,27.36,-79.87,1,0.0424,0,Normal,Normal
2026-03-15 04:26:20,27.19,4.802,10.76,101.44,12.63,2.147,185.95,24.06,-73.73,1,0.0525,0,Normal,Normal
2026-03-15 04:26:30,27.186,4.557,14.79,101.37,12.81,2.269,191.48,28.62,-83.5,1,0.0846,0,Normal,Normal
2026-03-15 04:26:40,27.303,4.557,14.53,101.8,14.6,1.721,213.76,27.48,-87.78,1,0.079,0,Normal,Normal
2026-03-15 04:26:50,27.073,4.668,13.28,101.29,17.65,1.763,192.86,28.87,-77.95,1,0.0418,0,Normal,Normal
2026-03-15 04:27:00,26.81,4.751,11.3,101.05,16.46,2.508,193.18,25.51,-74.86,1,0.0712,0,Normal,Normal
2026-03-15 04:27:10,26.968,3.959,11.52,101.67,17.56,2.73,208.86,24.72,-78.3,1,0.044,0,Normal,Normal
2026-03-15 04:27:20,27.233,4.561,12.57,101.43,19.25,2.826,211.37,25.19,-84.58,1,0.0761,0,Normal,Normal
2026-03-15 04:27:30,27.698,4.319,14.89,101.65,20.03,2.163,192.11,27.37,-76.18,1,0.0613,0,Normal,Normal
2026-03-15 04:27:40,27.03,4.805,13.94,101.25,22.69,2.749,208.43,30.11,-81.4,1,0.0888,0,Normal,Normal
2026-03-15 04:27:50,27.44,5.139,11.32,100.78,25.87,3.228,203.05,25.11,-81.83,1,0.0487,0,Normal,Normal
2026-03-15 04:28:00,27.123,4.262,14.22,102.2,25.69,3.596,211.09,27.74,-80.69,1,0.0597,0,Normal,Normal
2026-03-15 04:28:10,27.278,3.869,12.41,101.06,26.37,3.88,207.03,26.15,-82.36,1,0.0599,0,Normal,Normal
2026-03-15 04:28:20,27.722,4.278,12.94,100.84,27.68,3.846,199.51,26.19,-76.7,1,0.0503,0,Normal,Normal
2026-03-15 04:28:30,27.52,4.147,15.24,101.59,27.49,4.092,207.56,29.11,-79.02,1,0.095,0,Normal,Normal
2026-03-15 04:28:40,26.942,4.643,14.99,100.92,31.73,4.182,217.37,29.03,-80.84,1,0.0442,0,Normal,Normal
2026-03-15 04:28:50,27.166,4.519,15.54,101.14,31.83,4.564,228.83,29.56,-69.48,1,0.1043,0,Normal,Normal
2026-03-15 04:29:00,27.737,4.273,13.93,101.35,32.93,4.598,217.29,26.41,-77.99,1,0.0651,0,Normal,Normal
2026-03-15 04:29:10,27.426,3.867,15.35,101.24,38.14,4.669,211.89,30.42,-76.01,1,0.0544,0,Normal,Normal
2026-03-15 04:29:20,27.062,4.141,13.21,101.15,35.77,4.702,206.39,26.54,-71.27,1,0.0412,0,Normal,Normal
2026-03-15 04:29:30,27.185,3.999,13.76,101.94,35.56,4.966,215.32,26.97,-73.67,1,0.0445,0,Normal,Normal
2026-03-15 04:29:40,27.665,3.956,13.72,101.26,36.94,5.241,214.28,26.88,-69.74,1,0.0676,0,Normal,Normal
2026-03-15 04:29:50,27.775,3.471,14.31,100.94,39.76,5.291,220.43,27.05,-77.32,1,0.0595,0,Normal,Normal
2026-03-15 04:30:00,19.423,9.313,12.41,101.69,39.38,5.448,270.65,26.73,-71.86,1,0.0893,1,Battery voltage drop,Critical
2026-03-15 04:30:10,20.856,9.151,14.07,101.01,38.32,5.893,302.02,29.15,-73.3,1,0.0476,1,Battery voltage drop,Critical
2026-03-15 04:30:20,19.539,9.213,16.65,101.26,41.89,5.616,274.24,29.79,-71.55,1,0.0737,1,Battery voltage drop,Critical
2026-03-15 04:30:30,19.373,7.81,12.91,100.94,40.67,5.389,298.44,24.69,-71.77,1,0.0697,1,Battery voltage drop,Critical
2026-03-15 04:30:40,20.533,7.683,12.62,101.38,44.35,6.01,297.52,25.39,-76.39,1,0.0908,1,Battery voltage drop,Critical
2026-03-15 04:30:50,20.181,7.521,12.81,101.32,43.97,5.301,269.84,26.27,-65.37,1,0.0448,1,Battery voltage drop,Critical
2026-03-15 04:31:00,19.232,7.146,18.74,101.29,42.66,5.472,277.84,31.27,-80.39,1,0.0502,1,Battery voltage drop,Critical
2026-03-15 04:31:10,19.238,8.665,15.52,101.36,45.22,6.033,263.52,28.8,-75.97,1,0.0413,1,Battery voltage drop,Critical
2026-03-15 04:31:20,20.655,7.544,14.49,101.63,44.2,6.155,288.87,27.83,-71.11,1,0.0534,1,Battery voltage drop,Critical
2026-03-15 04:31:30,18.713,7.298,15.07,101.58,45.53,5.591,293.43,29.05,-72.05,1,0.0598,1,Battery voltage drop,Critical
2026-03-15 04:31:40,19.488,8.865,15.38,100.88,45.45,5.941,278.48,27.63,-72.29,1,0.0441,1,Battery voltage drop,Critical
2026-03-15 04:31:50,20.21,7.1,14.15,101.03,44.17,5.907,289.3,28.85,-70.32,1,0.0428,1,Battery voltage drop,Critical
2026-03-15 04:32:00,19.663,7.026,14.41,101.67,44.7,5.988,259.53,30.4,-74.77,1,0.0553,1,Battery voltage drop,Critical
2026-03-15 04:32:10,19.543,8.974,15.02,100.99,46.97,6.524,299.66,30.74,-69.5,1,0.0475,1,Battery voltage drop,Critical
2026-03-15 04:32:20,19.139,9.12,14.25,101.5,45.57,6.473,302.13,27.55,-72.19,1,0.0483,1,Battery voltage drop,Critical
2026-03-15 04:32:30,20.945,7.455,14.82,101.64,45.7,6.248,307.37,29.62,-67.38,1,0.0496,1,Battery voltage drop,Critical
2026-03-15 04:32:40,19.569,8.008,16.02,100.64,45.23,6.089,284.82,30.68,-72.28,1,0.0507,1,Battery voltage drop,Critical
2026-03-15 04:32:50,20.41,7.31,14.07,101.14,47.05,5.831,298.22,28.02,-69.74,1,0.0433,1,Battery voltage drop,Critical
2026-03-15 04:33:00,19.832,8.018,19.56,101.63,49.17,6.821,253.4,33.77,-69.02,1,0.0529,1,Battery voltage drop,Critical
2026-03-15 04:33:10,19.403,7.527,16.85,101.24,45.55,6.549,307.98,31.67,-68.01,1,0.0411,1,Battery voltage drop,Critical
2026-03-15 04:33:20,19.775,7.316,13.9,101.14,46.99,6.111,279.19,28.96,-70.4,1,0.0418,1,Battery voltage drop,Critical
2026-03-15 04:33:30,19.656,7.422,12.16,101.63,48.76,6.625,283.05,25.19,-71.16,1,0.0586,1,Battery voltage drop,Critical
2026-03-15 04:33:40,20.095,7.702,14.93,101.74,47.07,6.362,286.24,29.83,-72.43,1,0.0597,1,Battery voltage drop,Critical
2026-03-15 04:33:50,19.194,8.151,17.07,101.03,47.79,6.298,275.85,33.07,-68.44,1,0.0446,1,Battery voltage drop,Critical
2026-03-15 04:34:00,21.518,7.698,16.86,102.01,46.05,6.561,274.34,31.92,-75.39,1,0.0431,1,Battery voltage drop,Critical
2026-03-15 04:34:10,21.208,7.673,16.04,100.59,47.91,6.159,286.49,31.88,-68.58,1,0.0408,1,Battery voltage drop,Critical
2026-03-15 04:34:20,18.403,7.406,15.38,100.7,47.24,6.307,262.59,26.28,-68.16,1,0.0481,1,Battery voltage drop,Critical
2026-03-15 04:34:30,20.963,7.848,15.01,101.12,48.7,6.477,287.19,29.73,-63.5,1,0.0507,1,Battery voltage drop,Critical
2026-03-15 04:34:40,19.856,8.852,15.85,101.17,48.99,6.267,279.84,30.16,-70.92,1,0.0745,1,Battery voltage drop,Critical
2026-03-15 04:34:50,18.457,8.729,15.02,101.18,50.72,6.682,299.08,30.25,-68.19,1,0.04,1,Battery voltage drop,Critical
2026-03-15 04:35:00,28.57,3.292,16.02,101.09,48.35,7.107,219.18,28.67,-68.09,1,0.0478,0,Normal,Normal
2026-03-15 04:35:10,28.159,3.621,18.7,101.01,48.08,6.194,227.41,32.09,-71.71,1,0.0482,0,Normal,Normal
2026-03-15 04:35:20,27.763,3.846,15.63,101.21,47.95,5.879,213.82,30.71,-68.24,1,0.0726,0,Normal,Normal
2026-03-15 04:35:30,28.105,3.504,17.79,101.06,47.32,5.765,225.13,30.52,-72.08,1,0.0433,0,Normal,Normal
2026-03-15 04:35:40,28.384,3.634,18.11,101.57,48.18,6.417,222.66,32.4,-65.0,1,0.041,0,Normal,Normal
2026-03-15 04:35:50,28.132,3.697,15.43,101.31,47.44,6.24,232.96,29.41,-65.95,1,0.0472,0,Normal,Normal
2026-03-15 04:36:00,28.319,3.714,15.87,101.21,48.02,6.548,233.78,29.63,-66.27,1,0.0542,0,Normal,Normal
2026-03-15 04:36:10,28.557,3.268,18.82,101.27,49.42,6.524,223.52,33.51,-69.33,1,0.0693,0,Normal,Normal
2026-03-15 04:36:20,28.295,3.311,15.92,101.75,46.64,5.919,209.22,28.58,-63.01,1,0.0447,0,Normal,Normal
2026-03-15 04:36:30,28.096,3.332,17.31,101.11,49.23,5.847,213.11,30.37,-70.37,1,0.0443,0,Normal,Normal
2026-03-15 04:36:40,28.308,3.987,20.54,100.79,49.46,6.587,233.9,34.38,-66.83,1,0.0459,0,Normal,Normal
2026-03-15 04:36:50,28.843,3.631,19.04,100.91,47.75,6.533,223.77,31.6,-70.35,1,0.0419,0,Normal,Normal
2026-03-15 04:37:00,28.944,3.619,17.79,101.21,45.36,6.338,238.92,33.27,-67.26,1,0.0967,0,Normal,Normal
2026-03-15 04:37:10,27.853,3.595,19.01,101.49,47.18,5.908,232.11,32.05,-62.77,1,0.0517,0,Normal,Normal
2026-03-15 04:37:20,28.807,3.173,17.76,101.65,49.48,6.654,226.98,32.7,-65.04,1,0.0448,0,Normal,Normal
2026-03-15 04:37:30,23.478,3.987,39.17,101.96,47.9,6.935,395.55,32.41,-69.1,1,0.0467,1,Excessive power consumption,Critical
2026-03-15 04:37:40,22.705,3.622,31.87,101.6,46.74,6.588,470.71,29.8,-67.79,1,0.0701,1,Excessive power consumption,Critical
2026-03-15 04:37:50,21.892,3.683,35.73,100.95,47.34,6.195,467.23,29.97,-67.25,1,0.0568,1,Excessive power consumption,Critical
2026-03-15 04:38:00,23.882,3.061,30.17,101.22,48.96,6.508,428.08,30.76,-68.51,1,0.0521,1,Excessive power consumption,Critical
2026-03-15 04:38:10,23.211,3.697,29.09,100.43,48.61,6.015,445.16,33.9,-65.09,1,0.0594,1,Excessive power consumption,Critical
2026-03-15 04:38:20,24.513,3.413,29.28,101.18,47.67,6.864,480.13,31.36,-59.27,1,0.0611,1,Excessive power consumption,Critical
2026-03-15 04:38:30,23.458,3.171,40.22,101.06,47.52,6.523,407.02,33.52,-67.41,1,0.0432,1,Excessive power consumption,Critical
2026-03-15 04:38:40,23.241,3.263,33.56,100.37,47.49,5.876,447.17,34.18,-59.85,1,0.0426,1,Excessive power consumption,Critical
2026-03-15 04:38:50,24.103,3.185,35.59,102.14,46.86,6.39,473.47,30.04,-65.57,1,0.091,1,Excessive power consumption,Critical
2026-03-15 04:39:00,23.231,3.181,30.34,101.15,49.91,6.658,461.46,32.18,-64.52,1,0.0431,1,Excessive power consumption,Critical
2026-03-15 04:39:10,25.087,3.516,34.74,100.46,47.59,6.38,420.37,32.44,-64.64,1,0.0494,1,Excessive power consumption,Critical
2026-03-15 04:39:20,22.662,3.404,29.6,101.19,49.44,6.4,486.21,31.77,-70.45,1,0.1009,1,Excessive power consumption,Critical
2026-03-15 04:39:30,23.945,3.584,37.07,101.96,49.8,6.068,422.8,32.2,-63.93,1,0.0481,1,Excessive power consumption,Critical
2026-03-15 04:39:40,24.522,3.92,32.77,102.06,49.18,6.695,407.26,34.13,-72.54,1,0.0508,1,Excessive power consumption,Critical
2026-03-15 04:39:50,23.644,3.468,35.03,101.32,47.46,6.27,393.87,34.01,-64.57,1,0.064,1,Excessive power consumption,Critical
2026-03-15 04:40:00,23.534,2.939,30.14,101.34,48.47,5.743,400.54,33.57,-64.66,1,0.0462,1,Excessive power consumption,Critical
2026-03-15 04:40:10,24.573,3.44,37.12,101.79,47.96,6.368,458.85,31.16,-69.72,1,0.0485,1,Excessive power consumption,Critical
2026-03-15 04:40:20,22.98,3.799,39.26,101.24,46.9,6.841,405.5,37.17,-64.89,1,0.0461,1,Excessive power consumption,Critical
2026-03-15 04:40:30,23.37,3.479,34.61,101.48,48.38,6.363,472.61,35.52,-65.93,1,0.0451,1,Excessive power consumption,Critical
2026-03-15 04:40:40,23.428,3.883,34.74,101.64,46.57,7.107,474.41,36.53,-65.49,1,0.0496,1,Excessive power consumption,Critical
2026-03-15 04:40:50,24.955,3.614,37.8,100.87,49.41,6.649,400.83,33.26,-65.45,1,0.0605,1,Excessive power consumption,Critical
2026-03-15 04:41:00,22.621,3.041,31.99,101.91,47.43,6.617,441.79,35.95,-66.77,1,0.0703,1,Excessive power consumption,Critical
2026-03-15 04:41:10,23.034,3.528,39.22,100.95,48.23,6.454,467.45,34.98,-64.77,1,0.0495,1,Excessive power consumption,Critical
2026-03-15 04:41:20,23.982,3.575,38.2,101.05,48.33,6.475,457.42,32.26,-62.4,1,0.0458,1,Excessive power consumption,Critical
2026-03-15 04:41:30,22.61,3.77,31.69,101.34,47.68,6.407,397.53,31.48,-65.72,1,0.0764,1,Excessive power consumption,Critical
2026-03-15 04:41:40,24.924,3.955,40.55,101.68,48.7,6.393,407.04,34.61,-65.17,1,0.0461,1,Excessive power consumption,Critical
2026-03-15 04:41:50,25.088,3.727,38.48,101.57,47.42,6.685,448.16,34.22,-63.09,1,0.0624,1,Excessive power consumption,Critical
2026-03-15 04:42:00,23.785,3.61,33.95,101.28,49.04,6.172,442.06,33.65,-58.25,1,0.0607,1,Excessive power consumption,Critical
2026-03-15 04:42:10,23.808,3.669,39.29,101.41,46.38,6.123,457.42,33.49,-65.66,1,0.0408,1,Excessive power consumption,Critical
2026-03-15 04:42:20,22.961,3.458,32.74,101.73,48.15,6.106,394.61,35.0,-70.22,1,0.0429,1,Excessive power consumption,Critical
2026-03-15 04:42:30,28.76,3.134,22.11,101.3,50.32,7.215,229.14,35.46,-67.84,1,0.0528,0,Normal,Normal
2026-03-15 04:42:40,29.056,3.511,16.42,100.98,46.79,6.685,228.4,29.8,-63.39,1,0.0703,0,Normal,Normal
2026-03-15 04:42:50,29.805,3.591,20.23,101.06,47.18,6.606,229.44,34.07,-60.71,1,0.0535,0,Normal,Normal
2026-03-15 04:43:00,28.703,3.199,18.19,101.66,48.61,6.129,225.99,32.56,-68.13,1,0.0604,0,Normal,Normal
2026-03-15 04:43:10,29.249,3.832,21.43,100.98,48.21,6.718,223.02,37.55,-65.49,1,0.0599,0,Normal,Normal
2026-03-15 04:43:20,29.007,3.751,20.71,100.67,48.42,6.459,239.16,35.75,-65.36,1,0.0502,0,Normal,Normal
2026-03-15 04:43:30,29.33,3.157,23.29,101.18,48.58,6.575,226.18,38.87,-67.8,1,0.0523,0,Normal,Normal
2026-03-15 04:43:40,29.512,3.842,21.65,101.27,48.76,6.158,204.66,35.08,-60.96,1,0.0411,0,Normal,Normal
2026-03-15 04:43:50,29.029,3.423,20.71,101.64,49.33,6.556,205.58,33.5,-62.15,1,0.0794,0,Normal,Normal
2026-03-15 04:44:00,29.494,3.305,22.93,100.72,48.49,6.351,234.64,37.9,-64.7,1,0.0568,0,Normal,Normal
2026-03-15 04:44:10,29.837,3.77,21.14,101.44,47.71,6.232,210.33,35.12,-67.08,1,0.0425,0,Normal,Normal
2026-03-15 04:44:20,29.204,3.487,20.96,101.76,48.8,6.757,220.64,35.84,-63.04,1,0.0442,0,Normal,Normal
2026-03-15 04:44:30,29.432,3.975,22.39,100.97,50.28,5.962,215.27,35.33,-64.47,1,0.0401,0,Normal,Normal
2026-03-15 04:44:40,29.031,3.287,24.31,101.33,47.84,6.697,222.58,39.09,-67.43,1,0.0446,0,Normal,Normal
2026-03-15 04:44:50,29.226,3.067,23.26,100.44,46.83,6.739,228.09,37.05,-63.31,1,0.0457,0,Normal,Normal
2026-03-15 04:45:00,29.179,3.43,22.92,101.65,49.33,6.192,219.68,36.37,-65.23,1,0.0572,0,Normal,Normal
2026-03-15 04:45:10,29.483,3.697,26.29,101.62,47.85,6.213,218.47,39.85,-71.44,1,0.0497,0,Normal,Normal
2026-03-15 04:45:20,29.616,3.268,21.15,101.29,45.39,6.422,230.83,35.74,-69.56,1,0.0678,0,Normal,Normal
2026-03-15 04:45:30,29.233,3.168,21.21,100.77,49.02,6.599,246.05,36.14,-70.7,1,0.0414,0,Normal,Normal
2026-03-15 04:45:40,29.737,3.557,22.65,101.57,47.36,6.446,229.32,36.21,-63.75,1,0.0584,0,Normal,Normal
2026-03-15 04:45:50,29.746,3.134,24.79,101.2,47.89,6.652,217.69,39.2,-69.09,1,0.0712,0,Normal,Normal
2026-03-15 04:46:00,29.552,3.577,21.19,100.19,48.4,7.117,231.97,35.6,-65.24,1,0.0482,0,Normal,Normal
2026-03-15 04:46:10,29.153,3.415,25.32,101.61,48.23,6.322,238.95,40.21,-60.75,1,0.0451,0,Normal,Normal
2026-03-15 04:46:20,29.134,3.624,20.62,101.77,48.85,5.9,233.51,35.81,-65.03,1,0.0488,0,Normal,Normal
2026-03-15 04:46:30,29.083,3.154,22.69,101.84,47.48,6.789,212.65,38.86,-68.83,1,0.0633,0,Normal,Normal
2026-03-15 04:46:40,29.621,3.825,23.21,100.79,48.61,7.089,229.23,36.66,-69.96,1,0.0777,0,Normal,Normal
2026-03-15 04:46:50,28.982,3.454,21.72,100.53,47.69,6.637,221.33,37.47,-68.81,1,0.041,0,Normal,Normal
2026-03-15 04:47:00,29.557,3.691,22.19,101.14,48.89,6.119,225.42,36.33,-71.14,1,0.0513,0,Normal,Normal
2026-03-15 04:47:10,29.039,3.74,24.41,101.51,48.74,6.457,222.01,37.09,-71.66,1,0.0553,0,Normal,Normal
2026-03-15 04:47:20,29.618,3.211,25.46,100.92,46.88,6.108,230.94,38.68,-70.81,1,0.0403,0,Normal,Normal
2026-03-15 04:47:30,29.385,3.721,20.21,100.66,49.3,6.725,222.18,34.77,-66.98,1,0.043,0,Normal,Normal
2026-03-15 04:47:40,29.787,3.144,23.74,101.59,47.36,6.027,236.34,38.6,-70.31,1,0.041,0,Normal,Normal
2026-03-15 04:47:50,29.737,3.157,23.38,101.16,48.97,6.395,224.98,36.16,-69.61,1,0.0451,0,Normal,Normal
2026-03-15 04:48:00,29.833,3.991,23.79,101.55,48.44,6.148,223.21,36.88,-67.71,1,0.0434,1,Sensor value drift,Critical
2026-03-15 04:48:10,29.847,3.778,23.79,100.66,50.21,6.544,229.57,36.6,-67.13,1,0.05,1,Sensor value drift,Critical
2026-03-15 04:48:20,29.459,4.018,22.96,99.92,47.73,6.372,227.86,34.83,-75.29,1,0.056,1,Sensor value drift,Critical
2026-03-15 04:48:30,29.075,3.407,27.84,99.31,47.58,6.562,229.8,37.94,-74.87,1,0.0677,1,Sensor value drift,Critical
2026-03-15 04:48:40,29.113,3.526,27.9,98.54,47.98,6.508,223.93,37.04,-71.06,1,0.0454,1,Sensor value drift,Critical
2026-03-15 04:48:50,28.809,3.632,26.63,97.85,47.64,6.155,235.68,37.43,-73.45,1,0.0408,1,Sensor value drift,Critical
2026-03-15 04:49:00,29.115,3.497,26.69,96.93,48.96,6.719,232.92,37.69,-67.74,1,0.0401,1,Sensor value drift,Critical
2026-03-15 04:49:10,29.467,3.313,27.14,96.91,46.06,6.483,224.9,38.07,-71.9,1,0.0679,1,Sensor value drift,Critical
2026-03-15 04:49:20,29.283,3.276,24.8,96.56,46.73,6.154,231.58,32.77,-65.33,1,0.0716,1,Sensor value drift,Critical
2026-03-15 04:49:30,29.402,3.553,29.84,95.21,46.72,7.284,222.9,37.27,-72.4,1,0.0416,1,Sensor value drift,Critical
2026-03-15 04:49:40,29.609,3.233,31.11,95.51,49.14,6.667,229.56,38.97,-70.22,1,0.0402,1,Sensor value drift,Critical
2026-03-15 04:49:50,29.374,3.226,30.77,94.25,50.05,6.446,231.6,38.72,-73.36,1,0.0642,1,Sensor value drift,Critical
2026-03-15 04:50:00,29.133,3.598,31.06,93.55,47.87,6.995,227.0,39.67,-70.12,1,0.0554,1,Sensor value drift,Critical
2026-03-15 04:50:10,29.458,3.476,32.01,93.05,47.8,7.145,218.44,39.73,-70.27,1,0.0522,1,Sensor value drift,Critical
2026-03-15 04:50:20,29.208,3.734,31.16,92.53,48.08,6.449,215.45,37.02,-69.36,1,0.0514,1,Sensor value drift,Critical
2026-03-15 04:50:30,29.399,3.394,32.32,91.3,49.39,6.622,227.35,38.5,-72.65,1,0.0623,1,Sensor value drift,Critical
2026-03-15 04:50:40,29.886,3.355,33.44,91.05,46.89,6.154,219.21,37.63,-68.66,1,0.0452,1,Sensor value drift,Critical
2026-03-15 04:50:50,29.405,3.606,35.36,90.59,48.29,6.448,233.43,40.1,-71.79,1,0.0474,1,Sensor value drift,Critical
2026-03-15 04:51:00,30.02,3.297,37.0,89.37,49.17,6.43,212.93,41.03,-74.85,1,0.0412,1,Sensor value drift,Critical
2026-03-15 04:51:10,29.921,3.335,35.21,88.87,48.6,6.565,235.54,40.45,-75.06,1,0.0525,1,Sensor value drift,Critical
2026-03-15 04:51:20,29.32,3.345,34.61,87.9,48.23,6.616,225.41,38.2,-71.19,1,0.0886,1,Sensor value drift,Critical
2026-03-15 04:51:30,29.162,3.448,36.85,87.36,49.2,6.696,218.17,38.38,-69.82,1,0.045,1,Sensor value drift,Critical
2026-03-15 04:51:40,29.481,3.943,40.44,86.76,44.76,6.583,221.39,41.42,-77.21,1,0.0797,1,Sensor value drift,Critical
2026-03-15 04:51:50,29.844,3.156,36.6,85.89,48.81,6.076,223.37,37.55,-71.82,1,0.0596,1,Sensor value drift,Critical
2026-03-15 04:52:00,29.352,3.824,39.99,85.56,47.21,6.171,228.86,38.91,-78.76,1,0.044,1,Sensor value drift,Critical
2026-03-15 04:52:10,29.772,3.684,41.29,85.07,45.8,6.309,215.2,41.25,-76.39,1,0.0563,1,Sensor value drift,Critical
2026-03-15 04:52:20,29.862,3.892,39.36,84.45,48.61,6.401,217.33,38.88,-73.3,1,0.0468,1,Sensor value drift,Critical
2026-03-15 04:52:30,29.268,4.284,39.47,83.31,49.65,6.868,222.41,39.17,-77.54,1,0.042,1,Sensor value drift,Critical
2026-03-15 04:52:40,29.297,3.858,41.99,82.74,47.83,6.093,224.75,41.32,-70.84,1,0.0415,1,Sensor value drift,Critical
2026-03-15 04:52:50,29.713,3.731,42.28,82.66,49.14,6.375,230.73,40.44,-73.64,1,0.0403,1,Sensor value drift,Critical
2026-03-15 04:53:00,29.544,3.172,43.4,81.43,49.93,6.833,227.15,38.94,-79.24,1,0.064,1,Sensor value drift,Critical
2026-03-15 04:53:10,29.292,3.203,46.08,81.34,49.58,6.395,221.88,41.56,-73.96,1,0.0724,1,Sensor value drift,Critical
2026-03-15 04:53:20,29.391,3.59,43.84,80.07,49.97,6.661,226.89,39.5,-80.12,1,0.0499,1,Sensor value drift,Critical
2026-03-15 04:53:30,29.474,3.075,42.41,79.85,48.89,6.451,226.32,39.03,-76.38,1,0.051,1,Sensor value drift,Critical
2026-03-15 04:53:40,29.024,3.654,44.91,79.35,48.09,6.59,222.99,40.94,-73.99,1,0.0576,1,Sensor value drift,Critical
2026-03-15 04:53:50,29.721,2.966,45.78,77.33,46.08,6.42,225.93,40.22,-74.72,1,0.0581,1,Sensor value drift,Critical
2026-03-15 04:54:00,29.345,3.788,47.93,78.09,47.7,6.733,207.79,44.95,-77.34,1,0.0459,1,Sensor value drift,Critical
2026-03-15 04:54:10,28.651,3.42,46.34,77.61,46.99,5.959,232.47,41.85,-78.34,1,0.0426,1,Sensor value drift,Critical
2026-03-15 04:54:20,29.476,3.532,46.63,76.31,50.6,6.373,229.38,41.21,-81.01,1,0.0484,1,Sensor value drift,Critical
2026-03-15 04:54:30,29.258,3.313,45.79,75.92,47.79,6.604,236.98,39.17,-77.21,1,0.0579,1,Sensor value drift,Critical
2026-03-15 04:54:40,29.984,3.025,27.27,100.96,48.15,6.687,218.51,41.82,-75.57,1,0.0645,0,Normal,Normal
2026-03-15 04:54:50,29.298,3.809,31.52,101.45,48.66,7.022,229.57,45.98,-72.01,1,0.0414,0,Normal,Normal
2026-03-15 04:55:00,29.14,3.834,26.22,102.28,48.05,6.363,209.76,38.05,-79.79,1,0.0533,0,Normal,Normal
2026-03-15 04:55:10,29.618,3.412,27.28,100.42,50.03,7.018,210.87,40.02,-76.1,1,0.0408,0,Normal,Normal
2026-03-15 04:55:20,29.263,3.666,25.84,101.1,47.25,6.269,223.1,39.57,-76.56,1,0.0661,0,Normal,Normal
2026-03-15 04:55:30,29.222,3.402,24.79,101.62,48.23,6.965,220.37,38.94,-80.5,1,0.0565,0,Normal,Normal
2026-03-15 04:55:40,29.604,3.572,27.41,101.8,47.11,6.786,233.38,41.26,-77.12,1,0.0579,0,Normal,Normal
2026-03-15 04:55:50,29.134,3.69,26.85,100.75,46.42,6.18,234.43,41.18,-81.94,1,0.0615,0,Normal,Normal
2026-03-15 04:56:00,29.003,3.639,23.28,101.04,47.27,6.607,235.27,34.76,-78.92,1,0.0503,0,Normal,Normal
2026-03-15 04:56:10,29.953,3.835,29.32,101.07,47.95,6.482,229.78,43.93,-80.53,1,0.0453,0,Normal,Normal
2026-03-15 04:56:20,29.603,3.63,27.58,101.04,47.48,6.719,230.13,41.65,-78.77,1,0.0631,0,Normal,Normal
2026-03-15 04:56:30,29.343,3.507,27.11,101.25,47.17,6.422,214.75,40.88,-78.73,1,0.0625,0,Normal,Normal
2026-03-15 04:56:40,29.415,3.31,26.41,100.73,46.31,6.392,236.2,41.52,-82.08,1,0.0422,0,Normal,Normal
2026-03-15 04:56:50,29.561,3.38,27.69,101.2,47.9,6.979,235.01,40.44,-80.72,1,0.075,0,Normal,Normal
2026-03-15 04:57:00,29.694,3.703,27.81,100.93,46.19,6.465,213.96,41.52,-81.26,1,0.0438,0,Normal,Normal
2026-03-15 04:57:10,29.168,3.125,27.77,101.27,48.91,6.789,228.74,42.11,-84.33,1,0.0455,0,Normal,Normal
2026-03-15 04:57:20,29.497,3.776,28.81,101.02,48.1,6.421,220.63,41.79,-82.36,1,0.0436,0,Normal,Normal
2026-03-15 04:57:30,29.227,3.43,29.19,101.23,46.25,7.083,239.8,40.79,-83.17,1,0.0905,0,Normal,Normal
2026-03-15 04:57:40,29.315,3.295,30.3,100.89,47.63,6.262,217.2,42.91,-84.99,1,0.0453,0,Normal,Normal
2026-03-15 04:57:50,29.411,3.225,26.07,101.68,47.1,6.285,225.74,39.99,-84.19,1,0.0933,0,Normal,Normal
2026-03-15 04:58:00,29.352,3.669,26.5,101.17,48.38,7.033,226.49,40.21,-82.72,1,0.0552,0,Normal,Normal
2026-03-15 04:58:10,29.566,3.496,27.94,101.31,49.61,6.344,224.57,41.92,-81.95,1,0.0429,0,Normal,Normal
2026-03-15 04:58:20,29.483,3.897,26.27,101.24,45.75,7.06,242.19,39.48,-86.0,1,0.0521,0,Normal,Normal
2026-03-15 04:58:30,28.875,3.184,26.54,101.3,48.14,6.812,238.53,38.97,-78.83,1,0.0721,0,Normal,Normal
2026-03-15 04:58:40,28.91,3.356,28.21,101.3,47.81,6.446,211.9,42.38,-80.75,1,0.0524,0,Normal,Normal
2026-03-15 04:58:50,29.197,3.477,28.88,101.62,48.8,5.865,228.9,42.68,-82.99,1,0.0421,0,Normal,Normal
2026-03-15 04:59:00,29.846,3.312,29.48,101.19,48.25,6.493,224.91,44.24,-86.54,1,0.0451,0,Normal,Normal
2026-03-15 04:59:10,29.032,3.502,27.31,101.01,47.1,6.535,231.67,40.41,-83.66,1,0.0438,0,Normal,Normal
2026-03-15 04:59:20,29.214,3.58,28.32,101.32,47.62,6.908,226.7,39.89,-83.98,1,0.042,0,Normal,Normal
2026-03-15 04:59:30,29.105,3.621,28.01,101.05,47.04,7.056,218.5,38.89,-86.53,1,0.0459,0,Normal,Normal
2026-03-15 04:59:40,29.089,3.877,27.7,101.27,49.29,6.26,216.7,41.22,-86.9,1,0.0562,0,Normal,Normal
2026-03-15 04:59:50,29.297,3.174,26.48,100.88,48.02,6.78,221.78,40.63,-81.24,1,0.0472,0,Normal,Normal
2026-03-15 05:00:00,29.652,3.585,26.31,101.72,50.28,6.768,224.03,40.03,-84.63,1,0.0488,0,Normal,Normal
2026-03-15 05:00:10,29.357,3.338,28.75,100.99,47.93,6.875,226.55,42.07,-81.12,1,0.0458,0,Normal,Normal
2026-03-15 05:00:20,28.967,3.608,26.52,101.78,47.15,6.674,220.43,38.61,-83.92,1,0.118,0,Normal,Normal
2026-03-15 05:00:30,30.022,3.608,45.46,101.28,46.18,5.82,238.65,58.4,-81.73,1,0.0532,1,Temperature spike,Warning
2026-03-15 05:00:40,29.207,3.253,51.39,101.64,45.83,6.445,229.28,62.24,-81.93,1,0.0669,1,Temperature spike,Warning
2026-03-15 05:00:50,28.998,3.275,57.25,100.99,46.1,6.095,231.99,58.85,-82.78,1,0.0487,1,Temperature spike,Warning
2026-03-15 05:01:00,29.582,3.628,49.37,100.51,48.32,6.429,223.89,56.57,-80.72,1,0.0428,1,Temperature spike,Warning
2026-03-15 05:01:10,29.004,3.506,52.0,100.64,48.61,6.843,216.7,53.83,-84.06,1,0.0681,1,Temperature spike,Warning
2026-03-15 05:01:20,29.63,3.445,49.36,102.3,46.1,6.606,232.06,63.61,-88.92,1,0.0616,1,Temperature spike,Warning
2026-03-15 05:01:30,28.857,3.665,43.8,101.06,49.07,6.901,217.05,57.47,-88.52,1,0.046,1,Temperature spike,Warning
2026-03-15 05:01:40,29.533,3.683,52.71,101.74,47.42,6.619,208.81,59.98,-86.54,1,0.054,1,Temperature spike,Warning
2026-03-15 05:01:50,29.151,3.368,49.98,100.78,48.17,6.045,229.52,55.94,-82.42,1,0.0415,1,Temperature spike,Warning
2026-03-15 05:02:00,29.463,3.287,46.56,101.37,49.93,5.617,218.95,59.74,-85.9,1,0.0404,1,Temperature spike,Warning
2026-03-15 05:02:10,29.632,3.185,54.7,101.44,49.07,6.551,222.32,58.87,-84.14,1,0.0654,1,Temperature spike,Warning
2026-03-15 05:02:20,28.707,3.509,49.8,102.43,47.67,6.424,230.55,61.09,-83.2,1,0.0827,1,Temperature spike,Warning
2026-03-15 05:02:30,29.415,3.144,49.88,101.17,46.93,6.157,217.55,54.79,-84.35,1,0.0463,1,Temperature spike,Warning
2026-03-15 05:02:40,28.594,3.525,48.88,101.02,45.41,5.904,212.18,58.76,-91.76,1,0.0537,1,Temperature spike,Warning
2026-03-15 05:02:50,28.688,3.804,58.11,101.44,47.13,6.242,234.75,63.54,-88.48,1,0.059,1,Temperature spike,Warning
2026-03-15 05:03:00,28.745,3.412,56.04,100.93,47.74,6.431,224.53,57.57,-79.65,1,0.0606,1,Temperature spike,Warning
2026-03-15 05:03:10,29.122,3.366,54.66,101.46,46.81,6.732,235.05,59.03,-83.99,1,0.0498,1,Temperature spike,Warning
2026-03-15 05:03:20,28.965,4.0,48.18,101.28,47.84,6.565,230.0,57.61,-92.0,1,0.0543,1,Temperature spike,Warning
2026-03-15 05:03:30,28.889,3.878,45.79,101.0,48.08,7.062,230.24,62.55,-84.78,1,0.0561,1,Temperature spike,Warning
2026-03-15 05:03:40,28.966,3.309,51.16,101.5,47.72,6.136,226.3,62.37,-79.59,1,0.0416,1,Temperature spike,Warning
2026-03-15 05:03:50,29.083,3.535,49.07,101.34,47.21,6.807,226.29,66.34,-84.18,1,0.0555,1,Temperature spike,Warning
2026-03-15 05:04:00,29.09,3.583,50.56,101.6,48.19,6.515,234.07,59.97,-84.86,1,0.0507,1,Temperature spike,Warning
2026-03-15 05:04:10,29.201,3.551,48.0,101.96,48.52,6.742,231.51,64.66,-90.47,1,0.0471,1,Temperature spike,Warning
2026-03-15 05:04:20,29.401,3.954,49.87,101.1,46.68,6.346,220.28,62.79,-85.78,1,0.0446,1,Temperature spike,Warning
2026-03-15 05:04:30,28.832,3.522,31.68,101.14,49.68,6.873,228.93,46.87,-89.87,1,0.0552,0,Normal,Normal
2026-03-15 05:04:40,28.665,3.56,29.24,100.76,47.87,6.601,220.03,42.77,-88.59,1,0.0427,0,Normal,Normal
2026-03-15 05:04:50,28.987,3.673,27.5,101.51,48.01,6.26,222.49,41.51,-89.24,1,0.065,0,Normal,Normal
2026-03-15 05:05:00,28.442,3.798,27.86,101.04,48.83,6.493,229.53,42.73,-79.63,1,0.0428,0,Normal,Normal
2026-03-15 05:05:10,28.564,3.735,26.38,101.44,48.26,6.414,219.91,43.17,-82.62,1,0.0622,0,Normal,Normal
2026-03-15 05:05:20,29.049,3.635,31.47,101.77,49.12,6.668,226.17,46.46,-80.55,1,0.0655,0,Normal,Normal
2026-03-15 05:05:30,28.694,3.111,30.35,101.03,48.32,6.084,228.02,45.44,-88.67,1,0.0821,0,Normal,Normal
2026-03-15 05:05:40,28.35,3.379,28.05,101.11,47.24,6.486,222.27,41.4,-84.07,1,0.0493,0,Normal,Normal
2026-03-15 05:05:50,28.247,3.706,31.19,101.71,48.41,6.635,230.74,45.38,-87.6,1,0.041,0,Normal,Normal
2026-03-15 05:06:00,28.69,3.564,28.85,101.58,46.6,6.507,221.46,42.74,-87.21,1,0.057,0,Normal,Normal
2026-03-15 05:06:10,28.999,3.708,27.24,101.54,48.1,6.967,232.52,42.93,-83.03,1,0.045,0,Normal,Normal
2026-03-15 05:06:20,28.976,3.973,29.23,101.14,47.92,6.766,226.02,43.05,-83.82,1,0.0415,0,Normal,Normal
2026-03-15 05:06:30,28.652,3.207,28.45,100.73,47.71,6.492,226.35,44.05,-83.41,1,0.069,0,Normal,Normal
2026-03-15 05:06:40,29.202,3.786,29.09,101.02,47.8,6.57,217.78,41.53,-87.95,1,0.0423,0,Normal,Normal
2026-03-15 05:06:50,28.548,3.419,25.76,100.9,45.69,6.597,223.09,41.44,-83.7,1,0.0506,0,Normal,Normal
2026-03-15 05:07:00,28.518,3.736,26.58,101.53,47.29,6.634,226.52,39.55,-82.94,1,0.0633,0,Normal,Normal
2026-03-15 05:07:10,27.77,3.492,30.01,101.41,48.05,5.853,233.15,45.03,-85.91,1,0.0433,0,Normal,Normal
2026-03-15 05:07:20,28.386,4.034,30.29,101.06,48.13,6.386,222.38,43.25,-84.59,1,0.074,0,Normal,Normal
2026-03-15 05:07:30,28.756,3.535,29.85,101.13,46.69,5.971,233.11,44.59,-88.6,1,0.046,0,Normal,Normal
2026-03-15 05:07:40,28.949,3.343,31.03,101.49,49.44,6.937,218.9,43.88,-90.01,1,0.0476,0,Normal,Normal
2026-03-15 05:07:50,28.21,3.608,28.54,101.17,46.87,6.467,227.61,43.79,-77.39,1,0.0421,0,Normal,Normal
2026-03-15 05:08:00,28.578,3.585,28.41,101.07,49.07,6.419,220.87,43.43,-82.68,1,0.0555,0,Normal,Normal
2026-03-15 05:08:10,28.732,3.789,26.25,102.09,48.4,6.799,237.27,39.53,-84.23,1,0.0503,0,Normal,Normal
2026-03-15 05:08:20,28.401,3.617,26.72,101.08,47.1,6.632,235.82,41.42,-80.63,1,0.0948,0,Normal,Normal
2026-03-15 05:08:30,27.692,4.124,24.58,101.57,50.0,6.087,227.19,39.72,-85.49,1,0.058,0,Normal,Normal
2026-03-15 05:08:40,28.43,3.478,27.05,101.46,46.42,6.455,220.61,39.94,-82.4,1,0.0613,0,Normal,Normal
2026-03-15 05:08:50,28.563,3.481,24.41,100.69,48.94,6.36,212.74,37.17,-79.27,1,0.0433,0,Normal,Normal
2026-03-15 05:09:00,28.029,3.356,29.09,101.03,49.02,5.865,227.89,41.8,-85.74,1,0.0587,0,Normal,Normal
2026-03-15 05:09:10,28.216,3.529,28.02,101.63,46.99,6.231,226.51,40.56,-83.75,1,0.0522,0,Normal,Normal
2026-03-15 05:09:20,27.924,3.566,24.36,101.25,49.44,6.405,231.7,37.07,-86.25,1,0.0478,0,Normal,Normal
2026-03-15 05:09:30,27.478,3.58,27.08,100.71,47.45,6.426,213.09,42.19,-79.44,1,0.0629,0,Normal,Normal
2026-03-15 05:09:40,28.536,3.527,30.28,101.46,48.07,5.943,225.93,44.95,-81.16,1,0.0976,0,Normal,Normal
2026-03-15 05:09:50,28.205,3.359,27.1,101.07,48.0,6.861,228.2,39.07,-78.09,1,0.0415,0,Normal,Normal
2026-03-15 05:10:00,28.663,3.293,25.75,101.47,47.49,6.417,217.53,39.14,-78.9,1,0.0633,0,Normal,Normal
2026-03-15 05:10:10,28.419,3.421,24.53,102.38,48.59,6.461,225.65,37.14,-82.03,1,0.0778,0,Normal,Normal
2026-03-15 05:10:20,28.034,3.802,24.54,101.45,48.52,6.582,218.87,39.57,-79.83,1,0.0457,0,Normal,Normal
2026-03-15 05:10:30,28.093,3.857,27.93,101.54,45.42,6.159,218.05,41.39,-79.61,1,0.0468,0,Normal,Normal
2026-03-15 05:10:40,28.266,3.501,26.43,101.2,49.03,6.587,220.36,38.58,-78.49,1,0.0638,0,Normal,Normal
2026-03-15 05:10:50,28.364,3.287,26.52,100.85,45.4,6.29,222.43,40.72,-76.1,1,0.0861,0,Normal,Normal
2026-03-15 05:11:00,28.148,3.505,26.35,101.71,48.57,6.095,234.42,41.08,-83.57,1,0.0819,0,Normal,Normal
2026-03-15 05:11:10,28.361,4.051,26.74,101.06,48.6,6.599,221.88,39.6,-85.73,1,0.0409,0,Normal,Normal
2026-03-15 05:11:20,27.917,3.781,25.06,101.21,45.85,6.909,217.62,38.75,-83.05,1,0.0708,0,Normal,Normal
2026-03-15 05:11:30,27.685,3.673,27.33,102.02,46.57,6.627,230.82,40.25,-78.28,1,0.0532,0,Normal,Normal
2026-03-15 05:11:40,27.942,3.78,24.67,101.16,45.63,6.682,232.46,40.17,-78.25,1,0.0482,0,Normal,Normal
2026-03-15 05:11:50,28.0,3.929,25.63,101.79,46.58,6.16,230.71,39.11,-80.99,1,0.068,0,Normal,Normal
2026-03-15 05:12:00,27.555,3.261,28.23,101.45,46.33,5.764,235.0,41.36,-79.88,1,0.0642,0,Normal,Normal
2026-03-15 05:12:10,27.492,3.457,27.22,101.08,47.48,6.824,225.48,41.16,-81.36,1,0.0507,0,Normal,Normal
2026-03-15 05:12:20,28.004,3.429,27.63,101.44,47.95,6.999,225.06,41.39,-78.96,1,0.0479,0,Normal,Normal
2026-03-15 05:12:30,27.725,3.715,29.78,101.01,47.86,6.794,218.05,44.6,-80.5,1,0.0496,0,Normal,Normal
2026-03-15 05:12:40,27.775,3.616,26.41,101.66,45.3,6.108,234.71,41.87,-73.29,1,0.0457,0,Normal,Normal
2026-03-15 05:12:50,27.693,3.774,26.48,101.8,45.49,5.79,222.61,41.95,-74.01,1,0.0571,0,Normal,Normal
2026-03-15 05:13:00,28.235,3.468,25.99,101.32,43.46,5.785,220.73,39.53,-75.59,1,0.0734,0,Normal,Normal
2026-03-15 05:13:10,28.134,3.948,25.67,101.84,44.22,5.53,219.8,40.03,-77.44,1,0.0443,0,Normal,Normal
2026-03-15 05:13:20,27.361,3.6,24.76,101.36,46.02,6.038,227.81,40.55,-73.89,1,0.0662,0,Normal,Normal
2026-03-15 05:13:30,27.549,3.805,26.34,101.67,46.45,6.589,223.12,42.18,-76.78,1,0.0467,0,Normal,Normal
2026-03-15 05:13:40,27.941,3.945,26.69,102.48,42.63,5.924,223.68,39.64,-76.37,1,0.0421,0,Normal,Normal
2026-03-15 05:13:50,27.843,3.941,26.71,102.29,42.97,6.021,219.25,41.43,-81.81,1,0.0406,0,Normal,Normal
2026-03-15 05:14:00,27.627,3.77,26.13,101.23,43.17,6.332,219.91,40.64,-75.61,1,0.0498,0,Normal,Normal
2026-03-15 05:14:10,27.275,3.904,27.37,101.42,43.01,5.638,219.93,42.48,-80.03,1,0.0526,0,Normal,Normal
2026-03-15 05:14:20,27.388,4.157,25.96,100.88,41.13,6.414,232.07,41.45,-77.14,1,0.0401,0,Normal,Normal
2026-03-15 05:14:30,27.415,3.873,25.24,101.62,41.98,6.313,205.83,37.99,-75.19,1,0.0559,0,Normal,Normal
2026-03-15 05:14:40,27.63,3.588,24.4,101.46,40.22,5.478,223.33,37.57,-78.16,1,0.051,0,Normal,Normal
2026-03-15 05:14:50,28.034,3.944,23.4,100.99,40.03,5.221,227.91,38.49,-73.8,1,0.12,0,Normal,Normal
2026-03-15 05:15:00,27.294,3.819,27.85,101.77,39.9,5.558,203.91,42.03,-71.84,1,0.0417,0,Normal,Normal
2026-03-15 05:15:10,27.169,3.274,24.54,101.19,38.39,5.076,217.41,35.87,-77.42,1,0.0583,0,Normal,Normal
2026-03-15 05:15:20,27.421,4.011,24.14,101.09,36.93,4.667,225.17,36.14,-74.18,1,0.0437,0,Normal,Normal
2026-03-15 05:15:30,27.74,3.962,24.83,101.46,36.33,5.386,210.57,39.62,-78.04,1,0.0435,0,Normal,Normal
2026-03-15 05:15:40,26.973,4.261,24.97,101.11,35.31,5.222,217.97,39.98,-77.57,1,0.0403,0,Normal,Normal
2026-03-15 05:15:50,27.82,3.826,27.78,101.29,33.86,4.7,207.56,40.16,-72.91,1,0.0401,0,Normal,Normal
2026-03-15 05:16:00,27.309,3.681,24.76,102.0,32.83,4.046,214.43,40.08,-71.47,1,0.0431,0,Normal,Normal
2026-03-15 05:16:10,27.117,4.145,29.13,101.05,33.85,3.893,223.5,42.89,-77.91,1,0.0429,0,Normal,Normal
2026-03-15 05:16:20,26.834,4.245,25.2,101.57,31.34,4.19,225.93,37.98,-67.0,1,0.04,0,Normal,Normal
2026-03-15 05:16:30,27.503,4.222,28.12,101.07,29.01,3.801,213.45,41.45,-74.41,1,0.0589,0,Normal,Normal
2026-03-15 05:16:40,27.216,4.254,26.3,100.91,28.87,3.676,200.21,38.84,-72.07,1,0.0505,0,Normal,Normal
2026-03-15 05:16:50,27.296,4.033,25.43,101.27,26.27,3.97,206.96,38.69,-74.07,1,0.0476,0,Normal,Normal
2026-03-15 05:17:00,26.951,4.317,27.18,102.37,26.71,3.682,193.94,38.94,-73.1,1,0.0416,0,Normal,Normal
2026-03-15 05:17:10,27.103,4.316,26.42,101.61,24.36,3.721,205.09,40.33,-67.47,1,0.0461,0,Normal,Normal
2026-03-15 05:17:20,27.03,4.723,25.62,101.48,22.41,2.706,214.15,40.32,-67.28,1,0.0495,0,Normal,Normal
2026-03-15 05:17:30,27.123,4.601,28.07,101.09,21.71,2.747,194.54,40.45,-76.53,1,0.12,0,Normal,Normal
2026-03-15 05:17:40,26.929,4.487,23.76,101.15,17.95,2.951,202.8,37.78,-73.05,1,0.0507,0,Normal,Normal
2026-03-15 05:17:50,26.647,5.037,22.94,100.71,17.16,2.664,196.97,35.98,-62.29,1,0.0403,0,Normal,Normal
2026-03-15 05:18:00,27.903,4.586,23.34,102.02,15.81,2.871,216.92,38.15,-72.23,1,0.0435,0,Normal,Normal
2026-03-15 05:18:10,26.652,4.839,26.91,101.41,16.18,2.314,204.86,38.13,-69.45,1,0.0466,0,Normal,Normal
2026-03-15 05:18:20,27.093,4.703,26.38,101.37,16.9,2.653,207.61,41.23,-67.1,1,0.0491,0,Normal,Normal
2026-03-15 05:18:30,26.485,5.195,23.33,101.38,16.36,2.042,202.32,35.15,-67.75,1,0.0568,0,Normal,Normal
2026-03-15 05:18:40,26.394,4.849,20.51,102.14,13.38,2.079,205.28,34.26,-78.55,1,0.0534,0,Normal,Normal
2026-03-15 05:18:50,27.0,4.894,23.65,101.42,12.19,1.457,207.1,36.8,-68.9,1,0.0507,0,Normal,Normal
2026-03-15 05:19:00,27.001,4.866,22.36,101.22,8.48,1.445,198.06,35.93,-64.45,1,0.0673,0,Normal,Normal
2026-03-15 05:19:10,27.305,4.984,23.06,102.02,9.09,1.638,192.85,35.22,-69.42,1,0.0433,0,Normal,Normal
2026-03-15 05:19:20,27.024,5.266,22.13,101.25,7.96,1.771,189.01,38.13,-72.44,1,0.0412,0,Normal,Normal
2026-03-15 05:19:30,26.837,5.207,21.22,100.62,7.38,1.356,210.0,33.67,-72.19,1,0.0673,0,Normal,Normal
2026-03-15 05:19:40,26.575,5.029,26.37,100.69,7.21,0.974,201.97,38.92,-69.53,1,0.0493,0,Normal,Normal
2026-03-15 05:19:50,27.288,5.472,22.44,101.22,6.18,1.396,177.13,38.59,-66.73,1,0.0521,0,Normal,Normal
2026-03-15 05:20:00,27.095,5.288,25.5,101.42,3.76,0.064,192.52,39.89,-59.9,1,0.0672,0,Normal,Normal
2026-03-15 05:20:10,26.42,4.981,22.96,101.63,6.47,0.257,197.39,35.46,-69.26,1,0.0837,0,Normal,Normal
2026-03-15 05:20:20,26.784,4.765,21.52,100.93,3.77,0.924,207.07,35.36,-66.54,1,0.052,0,Normal,Normal
2026-03-15 05:20:30,26.794,5.024,23.89,101.21,4.88,0.627,184.53,37.61,-72.69,1,0.0651,0,Normal,Normal
2026-03-15 05:20:40,26.626,5.247,22.45,100.98,6.65,0.776,196.45,34.43,-72.94,1,0.0518,0,Normal,Normal
2026-03-15 05:20:50,26.939,5.308,22.64,101.75,2.67,0.534,189.55,35.73,-69.22,1,0.0405,0,Normal,Normal
2026-03-15 05:21:00,26.936,5.512,23.08,101.81,0.38,0.663,182.92,37.05,-66.23,1,0.0868,0,Normal,Normal
2026-03-15 05:21:10,26.608,4.91,21.56,102.08,2.76,0.135,203.02,37.08,-67.67,1,0.0655,0,Normal,Normal
2026-03-15 05:21:20,26.56,5.085,20.26,101.44,4.13,0.58,184.33,34.03,-67.11,1,0.061,0,Normal,Normal
2026-03-15 05:21:30,27.073,4.91,22.53,102.05,4.89,0.692,199.62,36.39,-67.94,1,0.0487,0,Normal,Normal
2026-03-15 05:21:40,26.882,4.879,23.96,101.02,0.83,0.739,178.92,36.98,-67.06,1,0.0829,0,Normal,Normal
2026-03-15 05:21:50,26.603,5.065,21.08,101.39,2.68,0.987,187.6,36.39,-67.72,1,0.0501,0,Normal,Normal
2026-03-15 05:22:00,26.072,5.321,22.57,100.88,1.33,0.341,195.95,37.65,-70.76,1,0.0591,0,Normal,Normal
2026-03-15 05:22:10,26.644,5.429,24.51,101.53,1.59,0.328,196.98,39.46,-71.06,1,0.0416,0,Normal,Normal
2026-03-15 05:22:20,26.73,5.005,22.03,101.41,4.73,0.0,194.63,36.16,-62.38,1,0.0437,0,Normal,Normal
2026-03-15 05:22:30,25.674,5.045,22.2,100.32,0.0,0.005,198.91,34.28,-68.81,1,0.0483,0,Normal,Normal
2026-03-15 05:22:40,26.555,4.807,22.06,101.74,1.58,0.105,188.62,37.37,-66.95,1,0.0531,0,Normal,Normal
2026-03-15 05:22:50,26.335,5.31,20.87,101.64,1.72,0.524,201.98,34.94,-62.55,1,0.0646,0,Normal,Normal
2026-03-15 05:23:00,26.374,5.078,20.31,101.08,2.35,0.0,193.62,33.94,-66.82,1,0.0441,0,Normal,Normal
2026-03-15 05:23:10,26.148,5.68,20.22,101.41,1.07,0.408,196.57,34.76,-63.28,1,0.0623,0,Normal,Normal
2026-03-15 05:23:20,26.357,5.37,22.17,100.7,1.24,0.117,193.54,36.44,-68.48,1,0.0731,0,Normal,Normal
2026-03-15 05:23:30,26.799,5.228,22.66,100.99,0.32,0.045,194.51,35.38,-61.06,1,0.0656,0,Normal,Normal
2026-03-15 05:23:40,26.228,5.113,22.64,101.97,1.04,0.184,182.51,36.26,-64.96,1,0.0546,0,Normal,Normal
2026-03-15 05:23:50,26.633,4.902,20.78,100.84,0.24,0.0,182.94,32.49,-65.64,1,0.0649,0,Normal,Normal
2026-03-15 05:24:00,26.083,4.936,22.89,101.3,1.34,0.0,186.1,36.99,-65.98,1,0.0715,0,Normal,Normal
2026-03-15 05:24:10,26.533,5.124,21.62,100.74,0.1,0.0,194.51,37.22,-63.12,1,0.0521,0,Normal,Normal
2026-03-15 05:24:20,26.288,5.107,21.17,101.44,0.95,0.0,185.65,33.02,-64.65,1,0.0649,0,Normal,Normal
2026-03-15 05:24:30,26.374,5.033,15.97,101.53,0.42,0.0,187.96,30.12,-74.89,1,0.0482,0,Normal,Normal
2026-03-15 05:24:40,26.253,5.379,19.66,101.59,1.76,0.0,189.72,34.46,-66.59,1,0.0511,0,Normal,Normal
2026-03-15 05:24:50,26.425,5.414,18.51,101.49,0.32,0.197,201.62,33.49,-64.23,1,0.0408,0,Normal,Normal
2026-03-15 05:25:00,25.444,5.172,21.64,101.87,0.0,0.277,195.07,34.74,-68.06,1,0.0722,0,Normal,Normal
2026-03-15 05:25:10,25.771,5.772,20.75,101.08,1.83,0.124,178.54,33.42,-66.63,1,0.0423,0,Normal,Normal
2026-03-15 05:25:20,26.304,4.852,18.9,100.88,0.0,0.388,191.49,32.2,-66.25,1,0.0448,0,Normal,Normal
2026-03-15 05:25:30,25.549,5.305,20.88,101.07,0.0,0.237,187.77,36.3,-60.27,1,0.0457,0,Normal,Normal
2026-03-15 05:25:40,25.985,5.236,18.19,100.76,0.0,0.0,188.35,30.14,-63.24,1,0.0418,0,Normal,Normal
2026-03-15 05:25:50,26.111,5.154,18.67,101.33,1.87,0.0,190.17,31.21,-64.03,1,0.0782,0,Normal,Normal
2026-03-15 05:26:00,25.862,5.118,19.07,101.24,0.0,0.137,199.16,32.52,-68.5,1,0.0926,0,Normal,Normal
2026-03-15 05:26:10,25.887,5.291,20.86,101.49,3.95,0.227,183.63,33.69,-67.05,1,0.0701,0,Normal,Normal
2026-03-15 05:26:20,26.159,5.237,22.05,100.65,1.44,0.513,191.76,36.0,-62.45,1,0.0464,0,Normal,Normal
2026-03-15 05:26:30,26.364,5.196,18.98,101.29,0.43,0.439,192.44,34.68,-63.03,1,0.0409,0,Normal,Normal
2026-03-15 05:26:40,25.758,4.97,21.75,101.79,0.08,0.0,188.34,34.31,-69.28,1,0.043,0,Normal,Normal
2026-03-15 05:26:50,25.857,4.89,19.75,101.53,0.48,0.0,184.99,33.57,-60.83,1,0.0622,0,Normal,Normal
2026-03-15 05:27:00,25.794,5.223,19.94,100.54,0.75,0.252,184.05,33.93,-67.64,1,0.0451,0,Normal,Normal
2026-03-15 05:27:10,25.272,5.195,19.39,101.3,0.89,0.39,186.72,32.99,-64.01,1,0.0735,0,Normal,Normal
2026-03-15 05:27:20,26.025,5.247,19.1,101.01,0.78,0.343,195.98,31.21,-58.0,1,0.067,0,Normal,Normal
2026-03-15 05:27:30,26.248,5.269,19.96,101.31,0.21,0.0,187.21,33.2,-66.41,1,0.0441,0,Normal,Normal
2026-03-15 05:27:40,26.258,5.166,20.32,101.15,0.0,0.0,189.28,33.56,-64.69,1,0.0577,0,Normal,Normal
2026-03-15 05:27:50,25.677,5.244,17.79,102.0,0.0,0.0,180.81,32.55,-66.92,1,0.0488,0,Normal,Normal
2026-03-15 05:28:00,25.548,5.084,18.74,101.33,0.0,0.106,186.26,33.24,-64.77,1,0.0436,0,Normal,Normal
2026-03-15 05:28:10,25.916,5.678,21.44,101.43,1.44,0.13,191.89,33.57,-61.08,1,0.0534,0,Normal,Normal
2026-03-15 05:28:20,26.145,5.097,19.11,101.28,0.78,0.0,176.71,32.64,-66.0,1,0.0672,0,Normal,Normal
2026-03-15 05:28:30,25.928,5.205,19.18,101.49,0.0,0.025,198.41,32.58,-66.37,1,0.0792,0,Normal,Normal
2026-03-15 05:28:40,25.955,5.117,20.41,101.21,0.85,0.229,185.3,36.75,-62.25,1,0.0409,0,Normal,Normal
2026-03-15 05:28:50,26.198,5.113,17.81,101.61,0.29,0.0,204.15,32.16,-69.43,1,0.0481,0,Normal,Normal
2026-03-15 05:29:00,25.62,5.304,18.42,101.14,0.03,0.394,193.4,31.13,-65.48,1,0.0539,0,Normal,Normal
2026-03-15 05:29:10,25.763,5.273,19.61,101.85,0.0,0.0,175.36,32.68,-68.0,1,0.0462,0,Normal,Normal
2026-03-15 05:29:20,26.307,5.183,20.15,101.5,1.4,0.447,192.25,33.7,-66.63,1,0.0457,0,Normal,Normal
2026-03-15 05:29:30,25.745,5.227,14.65,101.24,1.18,0.0,187.49,29.09,-68.67,1,0.0622,0,Normal,Normal
2026-03-15 05:29:40,25.411,5.118,17.0,101.64,0.0,0.0,192.35,31.59,-70.4,1,0.0629,0,Normal,Normal
2026-03-15 05:29:50,25.579,5.399,16.52,101.5,0.53,0.0,202.96,30.76,-72.85,1,0.0596,0,Normal,Normal
2026-03-15 05:30:00,25.486,5.812,17.74,101.63,0.0,0.0,195.67,31.49,-67.7,1,0.0743,0,Normal,Normal
2026-03-15 05:30:10,25.864,5.08,16.46,101.33,0.0,0.0,188.22,30.29,-65.77,1,0.0502,0,Normal,Normal
2026-03-15 05:30:20,25.476,5.397,18.75,101.2,0.0,0.0,178.85,32.59,-64.14,1,0.0633,0,Normal,Normal
2026-03-15 05:30:30,25.815,5.31,17.92,101.35,1.07,0.121,197.01,29.78,-70.72,1,0.0402,0,Normal,Normal
2026-03-15 05:30:40,25.502,5.466,18.91,101.1,1.17,0.0,194.1,32.83,-66.39,1,0.1056,0,Normal,Normal
2026-03-15 05:30:50,25.076,5.473,18.91,101.69,0.64,0.0,199.28,32.22,-65.3,1,0.0777,0,Normal,Normal
2026-03-15 05:31:00,25.794,5.35,18.41,101.89,0.9,0.0,188.88,30.43,-66.04,1,0.0676,0,Normal,Normal
2026-03-15 05:31:10,25.737,5.289,16.8,101.53,0.64,0.141,192.38,33.71,-66.49,1,0.0533,0,Normal,Normal
2026-03-15 05:31:20,25.838,5.19,17.38,101.87,0.0,0.0,188.05,31.75,-73.9,1,0.0518,0,Normal,Normal
2026-03-15 05:31:30,20.936,7.877,16.44,101.75,0.54,0.567,190.71,30.46,-67.93,1,0.0424,1,Battery voltage drop,Warning
2026-03-15 05:31:40,20.809,7.357,15.0,101.19,0.98,0.0,177.9,28.55,-67.97,1,0.0408,1,Battery voltage drop,Warning
2026-03-15 05:31:50,21.154,6.887,18.39,101.63,0.93,0.0,192.56,33.27,-66.25,1,0.0444,1,Battery voltage drop,Warning
2026-03-15 05:32:00,21.926,7.679,16.75,100.79,1.45,0.219,193.07,29.35,-63.89,1,0.0425,1,Battery voltage drop,Warning
2026-03-15 05:32:10,20.788,7.992,14.53,101.37,0.87,0.124,185.98,28.16,-69.0,1,0.0523,1,Battery voltage drop,Warning
2026-03-15 05:32:20,22.07,6.852,17.51,100.83,0.44,0.0,194.87,30.37,-69.43,1,0.0461,1,Battery voltage drop,Warning
2026-03-15 05:32:30,20.586,7.653,16.28,101.26,1.3,0.0,196.99,31.15,-68.18,1,0.0474,1,Battery voltage drop,Warning
2026-03-15 05:32:40,21.64,8.367,13.45,100.72,0.0,0.54,201.21,26.45,-68.69,1,0.0404,1,Battery voltage drop,Warning
2026-03-15 05:32:50,21.243,7.466,14.39,101.74,0.0,0.497,181.85,29.71,-67.64,1,0.0519,1,Battery voltage drop,Warning
2026-03-15 05:33:00,22.091,7.648,15.32,101.14,0.0,0.0,195.37,29.2,-67.53,1,0.056,1,Battery voltage drop,Warning
2026-03-15 05:33:10,22.207,7.358,16.6,101.66,0.0,0.0,200.71,31.53,-69.84,1,0.0461,1,Battery voltage drop,Warning
2026-03-15 05:33:20,21.28,7.358,17.39,101.27,0.0,0.584,187.2,31.87,-68.01,1,0.0421,1,Battery voltage drop,Warning
2026-03-15 05:33:30,21.486,6.945,17.25,100.56,0.0,0.0,201.17,32.52,-70.36,1,0.0582,1,Battery voltage drop,Warning
2026-03-15 05:33:40,21.336,7.274,16.94,101.11,0.0,0.0,184.2,29.82,-74.25,1,0.0421,1,Battery voltage drop,Warning
2026-03-15 05:33:50,21.659,7.362,15.91,101.09,0.0,0.0,190.57,30.99,-73.57,1,0.0655,1,Battery voltage drop,Warning
2026-03-15 05:34:00,22.309,7.563,18.46,101.29,0.0,0.0,176.19,30.23,-77.31,1,0.0518,1,Battery voltage drop,Warning
2026-03-15 05:34:10,21.766,8.227,16.85,101.9,0.27,0.0,175.07,30.9,-65.52,1,0.0441,1,Battery voltage drop,Warning
2026-03-15 05:34:20,20.582,6.81,16.05,101.97,0.01,0.37,177.58,29.4,-66.87,1,0.0743,1,Battery voltage drop,Warning
2026-03-15 05:34:30,20.676,7.322,16.49,101.21,0.0,0.0,201.36,28.81,-67.83,1,0.0423,1,Battery voltage drop,Warning
2026-03-15 05:34:40,20.967,7.749,14.97,100.8,0.8,0.088,183.8,27.89,-71.8,1,0.0538,1,Battery voltage drop,Warning
2026-03-15 05:34:50,20.769,7.237,15.4,101.0,1.14,0.312,183.82,28.63,-68.43,1,0.0544,1,Battery voltage drop,Warning
2026-03-15 05:35:00,22.251,7.714,12.29,101.49,0.0,0.0,193.27,26.05,-68.89,1,0.0406,1,Battery voltage drop,Warning
2026-03-15 05:35:10,20.56,7.288,14.76,101.26,0.0,0.0,184.06,28.13,-76.16,1,0.0541,1,Battery voltage drop,Warning
2026-03-15 05:35:20,22.092,7.2,17.9,100.67,0.0,0.426,199.65,32.0,-74.38,1,0.0578,1,Battery voltage drop,Warning
2026-03-15 05:35:30,20.651,7.745,15.41,101.1,0.0,0.188,204.92,28.41,-70.63,1,0.0761,1,Battery voltage drop,Warning
2026-03-15 05:35:40,25.642,5.09,15.27,101.82,1.01,0.0,172.23,28.7,-73.94,1,0.0585,0,Normal,Normal
2026-03-15 05:35:50,25.274,5.156,16.54,101.42,0.0,0.422,194.17,30.19,-74.82,1,0.0499,0,Normal,Normal
2026-03-15 05:36:00,24.939,5.514,15.5,101.32,0.0,0.424,173.52,29.72,-70.45,1,0.0688,0,Normal,Normal
2026-03-15 05:36:10,25.448,5.749,13.71,101.14,0.0,0.096,179.13,28.73,-75.63,1,0.0465,0,Normal,Normal
2026-03-15 05:36:20,25.069,4.967,14.86,101.12,0.77,0.0,193.83,29.88,-65.93,1,0.069,0,Normal,Normal
2026-03-15 05:36:30,25.456,5.616,13.05,101.52,0.0,0.0,182.46,27.33,-68.83,1,0.0679,0,Normal,Normal
2026-03-15 05:36:40,25.514,5.18,14.96,101.36,0.08,0.102,192.09,29.47,-74.48,1,0.0539,0,Normal,Normal
2026-03-15 05:36:50,25.838,5.387,13.36,101.61,0.34,0.0,190.26,27.73,-70.32,1,0.0463,0,Normal,Normal
2026-03-15 05:37:00,25.049,4.886,15.94,101.52,1.64,0.33,176.82,29.56,-73.74,1,0.0534,0,Normal,Normal
2026-03-15 05:37:10,25.773,5.431,13.71,101.31,0.0,0.0,195.27,28.79,-75.78,1,0.0755,0,Normal,Normal
2026-03-15 05:37:20,25.53,4.798,13.17,101.45,0.0,0.0,192.4,26.07,-68.83,1,0.0552,0,Normal,Normal
2026-03-15 05:37:30,25.809,5.378,14.17,101.06,0.23,0.065,190.32,25.72,-73.83,1,0.0675,0,Normal,Normal
2026-03-15 05:37:40,25.371,5.364,14.83,101.28,2.17,0.0,184.82,27.58,-77.92,1,0.0463,0,Normal,Normal
2026-03-15 05:37:50,25.101,5.347,12.4,101.84,1.5,0.0,193.12,28.09,-74.09,1,0.0452,0,Normal,Normal
2026-03-15 05:38:00,25.136,5.116,13.37,101.3,0.26,0.0,179.66,27.01,-70.67,1,0.0444,0,Normal,Normal
2026-03-15 05:38:10,25.115,5.437,14.24,101.21,0.0,0.008,181.94,28.57,-75.92,1,0.0501,0,Normal,Normal
2026-03-15 05:38:20,25.647,5.397,16.03,101.38,0.98,0.0,192.57,29.7,-75.53,1,0.0485,0,Normal,Normal
2026-03-15 05:38:30,25.948,5.247,10.17,100.83,0.0,0.23,198.25,24.84,-77.29,1,0.0689,0,Normal,Normal
2026-03-15 05:38:40,25.337,5.468,14.82,101.39,0.58,0.025,186.19,28.91,-75.57,1,0.0418,0,Normal,Normal
2026-03-15 05:38:50,25.697,5.276,13.27,101.98,0.62,0.0,193.66,27.18,-79.78,1,0.0521,0,Normal,Normal
2026-03-15 05:39:00,25.054,5.432,13.04,100.98,1.28,0.413,191.65,27.78,-79.47,1,0.0477,0,Normal,Normal
2026-03-15 05:39:10,25.568,5.268,12.7,101.41,3.32,0.0,193.32,26.14,-78.33,1,0.0816,0,Normal,Normal
2026-03-15 05:39:20,25.717,5.354,13.12,101.29,0.48,0.189,184.47,27.57,-77.03,1,0.0633,0,Normal,Normal
2026-03-15 05:39:30,25.085,5.443,14.54,101.28,0.0,0.0,188.81,28.33,-74.42,1,0.0485,0,Normal,Normal
2026-03-15 05:39:40,25.462,5.2,12.75,101.27,0.0,0.0,189.7,26.62,-78.42,1,0.0554,0,Normal,Normal
2026-03-15 05:39:50,25.741,4.991,15.99,101.59,0.0,0.0,202.0,29.01,-75.72,1,0.0605,0,Normal,Normal
2026-03-15 05:40:00,24.65,5.369,14.38,100.86,0.0,0.275,181.17,28.12,-79.74,1,0.0411,0,Normal,Normal
2026-03-15 05:40:10,25.935,5.597,13.69,101.58,0.0,0.0,178.78,27.04,-76.87,1,0.0568,0,Normal,Normal
2026-03-15 05:40:20,25.645,5.374,13.09,101.33,0.0,0.0,214.0,28.45,-75.26,1,0.0423,0,Normal,Normal
2026-03-15 05:40:30,25.759,5.379,15.08,100.59,0.19,0.0,192.48,27.05,-79.41,1,0.0431,0,Normal,Normal
2026-03-15 05:40:40,25.425,5.289,15.24,101.45,0.0,0.0,194.4,30.31,-78.23,1,0.0493,0,Normal,Normal
2026-03-15 05:40:50,21.957,5.484,11.45,101.35,1.36,0.0,324.26,23.36,-81.25,1,0.0983,1,Excessive power consumption,Warning
2026-03-15 05:41:00,23.049,5.253,12.09,100.95,0.01,0.136,317.94,26.73,-77.94,1,0.0856,1,Excessive power consumption,Warning
2026-03-15 05:41:10,22.917,5.186,14.05,101.36,0.0,0.0,300.63,27.04,-88.3,1,0.0749,1,Excessive power consumption,Warning
2026-03-15 05:41:20,23.713,5.576,14.45,100.77,0.0,0.467,289.69,29.13,-84.98,1,0.0405,1,Excessive power consumption,Warning
2026-03-15 05:41:30,23.965,5.167,12.55,101.03,0.2,0.0,316.42,26.41,-78.58,1,0.0687,1,Excessive power consumption,Warning
2026-03-15 05:41:40,22.907,5.522,11.84,101.31,1.0,0.0,310.67,24.13,-85.4,1,0.0625,1,Excessive power consumption,Warning
2026-03-15 05:41:50,23.598,5.576,13.03,100.63,0.0,0.589,293.43,28.66,-82.15,1,0.0504,1,Excessive power consumption,Warning
2026-03-15 05:42:00,23.565,5.441,15.09,100.84,0.0,0.0,296.36,30.02,-76.67,1,0.0459,1,Excessive power consumption,Warning
2026-03-15 05:42:10,22.828,4.987,12.89,100.9,0.0,0.0,305.19,27.5,-78.47,1,0.0611,1,Excessive power consumption,Warning
2026-03-15 05:42:20,22.401,5.306,10.89,101.33,0.0,0.079,318.28,24.13,-74.06,1,0.0417,1,Excessive power consumption,Warning
2026-03-15 05:42:30,23.8,5.249,12.91,101.48,0.0,0.0,266.41,27.89,-81.2,1,0.0558,1,Excessive power consumption,Warning
2026-03-15 05:42:40,22.775,5.175,13.88,100.94,0.0,0.0,318.04,26.34,-81.85,1,0.0567,1,Excessive power consumption,Warning
2026-03-15 05:42:50,22.312,5.335,12.52,100.92,1.07,0.0,282.43,23.85,-81.75,1,0.0521,1,Excessive power consumption,Warning
2026-03-15 05:43:00,23.646,5.492,14.52,101.36,0.34,0.972,284.37,26.65,-84.72,1,0.0715,1,Excessive power consumption,Warning
2026-03-15 05:43:10,23.196,5.185,13.9,101.34,0.25,0.0,273.41,26.79,-82.75,1,0.046,1,Excessive power consumption,Warning
2026-03-15 05:43:20,22.75,5.256,12.47,101.02,1.04,0.0,275.53,25.57,-86.06,1,0.0498,1,Excessive power consumption,Warning
2026-03-15 05:43:30,23.349,5.239,12.6,102.03,0.0,0.526,295.82,26.07,-78.91,1,0.0613,1,Excessive power consumption,Warning
2026-03-15 05:43:40,22.946,5.59,9.74,101.37,0.49,0.217,291.36,23.27,-80.37,1,0.0589,1,Excessive power consumption,Warning
2026-03-15 05:43:50,23.981,5.235,14.28,101.23,0.0,0.0,318.43,27.5,-86.22,1,0.0524,1,Excessive power consumption,Warning
2026-03-15 05:44:00,22.649,4.99,11.94,101.15,0.35,0.0,268.68,23.4,-84.88,1,0.0448,1,Excessive power consumption,Warning
2026-03-15 05:44:10,22.774,4.906,11.81,101.7,0.0,0.24,303.44,26.04,-81.85,1,0.0452,1,Excessive power consumption,Warning
2026-03-15 05:44:20,23.53,5.39,11.55,101.52,0.0,0.0,297.6,25.23,-82.34,1,0.0603,1,Excessive power consumption,Warning
2026-03-15 05:44:30,22.507,5.109,13.03,100.6,0.0,0.0,332.9,26.2,-86.44,1,0.0401,1,Excessive power consumption,Warning
2026-03-15 05:44:40,22.914,5.466,10.63,101.02,1.74,0.63,275.98,26.31,-83.22,1,0.0559,1,Excessive power consumption,Warning
2026-03-15 05:44:50,23.697,4.966,10.82,101.12,1.15,0.0,289.67,24.53,-81.83,1,0.0443,1,Excessive power consumption,Warning
2026-03-15 05:45:00,24.296,5.164,12.19,101.3,1.2,0.528,278.13,26.26,-81.86,1,0.0568,1,Excessive power consumption,Warning
2026-03-15 05:45:10,25.901,4.966,11.31,101.55,1.52,0.453,195.3,26.26,-78.72,1,0.0431,0,Normal,Normal
2026-03-15 05:45:20,25.979,5.407,12.73,100.87,0.15,0.0,170.13,24.94,-83.13,1,0.0471,0,Normal,Normal
2026-03-15 05:45:30,26.153,5.461,11.32,101.27,0.28,0.368,184.53,25.29,-87.71,1,0.061,0,Normal,Normal
2026-03-15 05:45:40,25.527,5.383,14.58,101.98,0.0,0.0,194.6,29.53,-87.28,1,0.0611,0,Normal,Normal
2026-03-15 05:45:50,25.779,5.027,13.21,101.31,0.0,0.0,188.36,27.1,-80.41,1,0.0435,0,Normal,Normal
2026-03-15 05:46:00,26.57,5.112,13.17,101.02,0.79,0.0,196.53,25.6,-79.44,1,0.0471,0,Normal,Normal
2026-03-15 05:46:10,25.831,5.356,11.22,100.77,1.5,0.147,198.38,24.64,-84.46,1,0.0505,0,Normal,Normal
2026-03-15 05:46:20,26.203,4.876,15.72,101.11,0.0,0.0,188.34,29.95,-83.29,1,0.0533,0,Normal,Normal
2026-03-15 05:46:30,26.171,5.237,11.44,100.87,0.0,0.0,194.85,22.91,-84.23,1,0.0603,0,Normal,Normal
2026-03-15 05:46:40,25.452,5.677,11.01,101.14,0.07,0.41,201.7,23.39,-85.47,1,0.0404,0,Normal,Normal
2026-03-15 05:46:50,26.003,5.252,13.13,101.52,0.8,0.048,198.2,29.5,-89.12,1,0.0418,0,Normal,Normal
2026-03-15 05:47:00,25.968,4.925,12.35,101.31,0.0,0.0,183.89,26.93,-83.27,1,0.0426,0,Normal,Normal
2026-03-15 05:47:10,26.037,5.145,10.82,101.11,0.0,0.258,188.58,26.6,-79.41,1,0.0432,0,Normal,Normal
2026-03-15 05:47:20,25.727,5.139,15.33,100.58,0.0,0.082,190.29,30.37,-84.29,1,0.0405,0,Normal,Normal
2026-03-15 05:47:30,25.633,5.831,13.49,101.63,0.0,0.0,182.59,27.97,-85.75,1,0.078,0,Normal,Normal
2026-03-15 05:47:40,25.84,5.712,12.03,101.16,0.0,0.165,198.64,25.66,-86.18,1,0.0427,0,Normal,Normal
2026-03-15 05:47:50,25.969,5.478,15.62,101.34,0.0,0.153,184.93,30.08,-83.43,1,0.0411,0,Normal,Normal
2026-03-15 05:48:00,26.369,5.209,13.23,100.94,0.0,0.024,189.28,28.97,-102.5,1,0.0496,1,Communication signal drop,Warning
2026-03-15 05:48:10,26.575,5.595,11.99,101.14,1.88,0.331,198.67,26.98,-108.61,1,0.0825,1,Communication signal drop,Warning
2026-03-15 05:48:20,26.464,5.011,15.43,101.07,0.54,0.0,186.5,29.63,-118.08,1,0.09,1,Communication signal drop,Warning
2026-03-15 05:48:30,26.319,5.563,12.99,100.77,0.52,0.14,187.42,26.78,-107.67,1,0.0569,1,Communication signal drop,Warning
2026-03-15 05:48:40,25.776,5.525,12.92,100.94,0.92,0.0,192.83,27.52,-106.63,1,0.0429,1,Communication signal drop,Warning
2026-03-15 05:48:50,25.971,5.255,11.42,101.29,0.0,0.168,186.87,24.78,-110.55,1,0.0401,1,Communication signal drop,Warning
2026-03-15 05:49:00,26.174,5.577,12.08,101.42,1.45,0.711,202.41,26.67,-107.37,1,0.0461,1,Communication signal drop,Warning
2026-03-15 05:49:10,25.938,5.18,11.39,101.03,0.13,0.0,182.84,24.55,-106.34,1,0.042,1,Communication signal drop,Warning
2026-03-15 05:49:20,26.318,4.975,14.17,100.82,1.05,0.0,171.82,27.74,-106.77,1,0.0611,1,Communication signal drop,Warning
2026-03-15 05:49:30,26.378,5.535,9.6,101.16,0.0,0.0,196.94,22.36,-111.12,1,0.0922,1,Communication signal drop,Warning
2026-03-15 05:49:40,26.34,5.268,14.07,101.61,0.0,0.085,187.35,27.54,-105.33,1,0.0413,1,Communication signal drop,Warning
2026-03-15 05:49:50,26.504,5.439,10.71,100.92,1.3,0.0,183.77,23.89,-106.97,1,0.0476,1,Communication signal drop,Warning
2026-03-15 05:50:00,25.943,5.742,11.94,101.31,0.8,0.194,193.32,27.97,-111.38,1,0.0749,1,Communication signal drop,Warning
2026-03-15 05:50:10,26.512,5.105,11.6,101.04,0.0,0.347,193.63,24.52,-116.07,1,0.0595,1,Communication signal drop,Warning
2026-03-15 05:50:20,26.042,5.249,11.27,101.75,0.0,0.243,184.21,25.73,-110.34,1,0.0706,1,Communication signal drop,Warning
2026-03-15 05:50:30,25.986,5.675,13.09,101.1,1.8,0.0,199.82,25.96,-97.29,1,0.0785,1,Communication signal drop,Warning
2026-03-15 05:50:40,26.447,5.449,12.06,101.56,0.0,0.415,197.26,26.12,-104.5,1,0.048,1,Communication signal drop,Warning
2026-03-15 05:50:50,26.67,5.105,11.08,101.71,2.51,0.402,206.19,25.43,-101.96,1,0.0577,1,Communication signal drop,Warning
2026-03-15 05:51:00,26.471,5.039,12.33,101.92,0.0,0.371,186.76,24.11,-107.63,1,0.0585,1,Communication signal drop,Warning
2026-03-15 05:51:10,26.35,5.143,11.07,100.76,1.42,0.219,191.73,23.39,-107.32,1,0.0549,1,Communication signal drop,Warning
2026-03-15 05:51:20,26.455,5.088,11.32,100.74,0.32,0.174,192.39,24.18,-83.66,1,0.0459,0,Normal,Normal
2026-03-15 05:51:30,26.423,5.33,9.9,101.77,1.51,0.468,187.96,22.34,-81.03,1,0.0668,1,Sensor value drift,Critical
2026-03-15 05:51:40,26.063,5.287,12.06,100.73,0.21,0.791,193.86,25.59,-80.6,1,0.062,1,Sensor value drift,Critical
2026-03-15 05:51:50,26.048,5.334,14.07,99.1,0.76,0.0,194.52,27.22,-82.66,1,0.0488,1,Sensor value drift,Critical
2026-03-15 05:52:00,26.417,5.05,13.97,97.09,1.1,0.52,194.6,24.99,-80.71,1,0.0482,1,Sensor value drift,Critical
2026-03-15 05:52:10,26.484,5.239,17.23,97.44,0.0,0.127,188.23,29.1,-80.46,1,0.0402,1,Sensor value drift,Critical
2026-03-15 05:52:20,26.483,4.738,19.03,95.83,2.17,0.127,189.26,29.66,-82.79,1,0.0678,1,Sensor value drift,Critical
2026-03-15 05:52:30,26.703,5.283,15.01,95.13,0.79,0.0,186.49,25.46,-85.47,1,0.045,1,Sensor value drift,Critical
2026-03-15 05:52:40,26.456,5.536,15.05,94.56,1.28,0.11,185.12,24.29,-82.05,1,0.0495,1,Sensor value drift,Critical
2026-03-15 05:52:50,26.709,4.88,18.59,93.65,0.52,0.0,190.74,28.6,-85.66,1,0.0479,1,Sensor value drift,Critical
2026-03-15 05:53:00,26.518,5.35,17.99,93.17,0.0,0.094,203.51,28.81,-84.43,1,0.057,1,Sensor value drift,Critical
2026-03-15 05:53:10,27.129,5.069,19.79,91.42,1.86,0.0,207.83,29.01,-81.97,1,0.0474,1,Sensor value drift,Critical
2026-03-15 05:53:20,26.627,5.414,19.28,90.21,5.2,0.155,202.19,28.68,-83.26,1,0.043,1,Sensor value drift,Critical
2026-03-15 05:53:30,27.325,5.244,18.99,90.0,3.48,0.202,188.14,24.46,-78.93,1,0.0704,1,Sensor value drift,Critical
2026-03-15 05:53:40,26.75,5.296,19.6,88.8,2.78,0.414,195.31,25.37,-84.72,1,0.043,1,Sensor value drift,Critical
2026-03-15 05:53:50,26.601,5.2,21.15,87.53,2.78,0.0,175.88,27.83,-88.97,1,0.0404,1,Sensor value drift,Critical
2026-03-15 05:54:00,26.417,5.504,20.78,86.72,3.45,0.0,191.25,28.02,-78.5,1,0.0433,1,Sensor value drift,Critical
2026-03-15 05:54:10,26.275,5.245,23.53,85.59,4.43,0.638,189.64,29.18,-82.13,1,0.0491,1,Sensor value drift,Critical
2026-03-15 05:54:20,26.432,4.967,20.36,85.04,2.75,0.285,208.03,23.42,-81.83,1,0.0483,1,Sensor value drift,Critical
2026-03-15 05:54:30,26.487,5.152,24.74,84.47,5.93,0.998,195.43,27.94,-84.31,1,0.0639,1,Sensor value drift,Critical
2026-03-15 05:54:40,26.891,5.018,20.71,82.53,5.92,0.764,194.1,24.26,-87.43,1,0.0433,1,Sensor value drift,Critical
2026-03-15 05:54:50,26.636,5.132,24.35,82.01,6.44,0.967,193.52,26.73,-84.06,1,0.0624,1,Sensor value drift,Critical
2026-03-15 05:55:00,26.872,4.965,24.24,80.26,6.66,1.325,192.15,25.29,-79.72,1,0.0415,1,Sensor value drift,Critical
2026-03-15 05:55:10,27.222,4.878,23.07,79.47,6.77,0.805,199.17,24.17,-81.85,1,0.0496,1,Sensor value drift,Critical
2026-03-15 05:55:20,26.834,5.072,22.88,79.16,8.22,0.802,190.1,23.72,-82.06,1,0.0701,1,Sensor value drift,Critical
2026-03-15 05:55:30,27.506,5.009,24.94,77.92,8.84,1.406,200.33,23.92,-85.98,1,0.048,1,Sensor value drift,Critical
2026-03-15 05:55:40,26.551,5.232,27.26,76.54,8.48,1.384,207.95,28.16,-75.25,1,0.0896,1,Sensor value drift,Critical
2026-03-15 05:55:50,26.881,4.831,26.91,76.01,9.05,1.254,198.0,25.53,-80.67,1,0.055,1,Sensor value drift,Critical
2026-03-15 05:56:00,26.787,4.406,26.86,75.38,10.76,1.927,195.24,25.35,-73.27,1,0.0612,1,Sensor value drift,Critical
2026-03-15 05:56:10,27.252,4.774,31.07,73.48,13.45,1.496,197.85,30.32,-79.0,1,0.0507,1,Sensor value drift,Critical
2026-03-15 05:56:20,26.322,4.421,27.81,73.79,11.12,1.719,208.8,25.1,-75.25,1,0.0484,1,Sensor value drift,Critical
2026-03-15 05:56:30,26.583,4.891,31.29,72.35,11.92,1.861,201.09,29.34,-81.85,1,0.0413,1,Sensor value drift,Critical
2026-03-15 05:56:40,27.007,4.326,29.57,71.38,15.02,1.68,195.93,24.62,-84.03,1,0.0419,1,Sensor value drift,Critical
2026-03-15 05:56:50,27.527,4.453,29.84,70.17,16.06,2.194,208.14,26.08,-79.84,1,0.0527,1,Sensor value drift,Critical
2026-03-15 05:57:00,27.152,4.563,31.23,69.9,17.45,2.823,196.88,27.39,-77.39,1,0.0543,1,Sensor value drift,Critical
2026-03-15 05:57:10,26.702,4.992,33.69,68.6,18.81,2.663,201.63,27.28,-76.85,1,0.1028,1,Sensor value drift,Critical
2026-03-15 05:57:20,26.771,4.288,31.33,67.1,19.56,2.696,206.29,25.12,-77.45,1,0.0693,1,Sensor value drift,Critical
2026-03-15 05:57:30,27.655,4.509,34.44,66.58,22.96,2.811,198.98,27.69,-71.54,1,0.0679,1,Sensor value drift,Critical
2026-03-15 05:57:40,26.989,4.6,33.19,65.02,20.62,3.168,192.14,26.31,-77.03,1,0.0451,1,Sensor value drift,Critical
2026-03-15 05:57:50,26.916,4.774,34.08,64.22,22.92,3.501,211.04,26.95,-78.91,1,0.048,1,Sensor value drift,Critical
2026-03-15 05:58:00,27.665,4.546,36.48,63.95,25.17,3.639,190.91,27.12,-78.46,1,0.0416,1,Sensor value drift,Critical
2026-03-15 05:58:10,27.548,4.573,16.93,101.46,24.7,3.496,202.04,30.86,-79.95,1,0.0531,0,Normal,Normal
2026-03-15 05:58:20,27.65,4.465,12.36,101.56,27.82,3.909,216.66,28.27,-76.43,1,0.0411,0,Normal,Normal
2026-03-15 05:58:30,27.006,3.897,14.86,101.77,31.36,4.144,214.77,30.13,-73.83,1,0.0489,0,Normal,Normal
2026-03-15 05:58:40,26.857,4.24,13.37,101.52,30.69,3.8,211.1,28.33,-72.62,1,0.0525,0,Normal,Normal
2026-03-15 05:58:50,27.377,4.315,13.19,100.98,32.2,4.382,206.12,26.96,-77.51,1,0.0439,0,Normal,Normal
2026-03-15 05:59:00,27.461,3.818,15.57,101.96,31.63,3.732,210.72,32.12,-76.55,1,0.0624,0,Normal,Normal
2026-03-15 05:59:10,27.493,3.869,12.76,101.51,33.57,4.815,219.63,27.99,-78.09,1,0.0569,0,Normal,Normal
2026-03-15 05:59:20,27.85,3.771,12.35,101.53,34.97,5.027,214.77,26.4,-73.02,1,0.0424,0,Normal,Normal
2026-03-15 05:59:30,26.91,4.126,14.84,101.32,36.08,5.2,206.71,29.1,-79.4,1,0.1017,0,Normal,Normal
2026-03-15 05:59:40,27.711,3.878,16.61,101.74,38.99,4.934,210.27,30.05,-77.63,1,0.0517,0,Normal,Normal
2026-03-15 05:59:50,27.148,3.781,15.4,102.07,39.05,5.305,214.51,29.87,-87.71,1,0.0404,0,Normal,Normal
2026-03-15 06:00:00,27.757,3.508,12.23,101.15,37.91,5.813,221.55,26.94,-78.54,1,0.0465,0,Normal,Normal
2026-03-15 06:00:10,27.381,3.781,13.49,101.73,40.34,5.918,220.04,28.33,-76.54,1,0.0982,0,Normal,Normal
2026-03-15 06:00:20,27.302,3.629,15.95,101.31,41.39,5.513,209.77,29.73,-76.07,1,0.0749,0,Normal,Normal
2026-03-15 06:00:30,27.387,3.806,16.92,100.5,42.84,5.665,231.02,29.15,-78.19,1,0.0425,0,Normal,Normal
2026-03-15 06:00:40,27.159,3.435,14.96,100.74,44.0,6.09,214.76,29.25,-77.46,1,0.069,0,Normal,Normal
2026-03-15 06:00:50,27.628,3.744,32.16,101.47,41.46,5.254,224.65,28.66,-88.75,1,0.6659,1,Multiple simultaneous abnormalities,Warning
2026-03-15 06:01:00,27.408,3.57,36.07,101.7,42.23,5.737,213.92,30.05,-98.11,1,0.7411,1,Multiple simultaneous abnormalities,Warning
2026-03-15 06:01:10,27.899,3.35,28.19,101.54,42.17,6.382,241.71,28.6,-99.64,1,0.6743,1,Multiple simultaneous abnormalities,Warning
2026-03-15 06:01:20,27.878,3.314,26.24,101.61,43.83,6.315,232.77,29.59,-94.63,1,0.7481,1,Multiple simultaneous abnormalities,Warning
2026-03-15 06:01:30,28.216,3.337,31.95,102.34,45.07,6.156,216.26,26.36,-95.15,1,0.4642,1,Multiple simultaneous abnormalities,Warning
2026-03-15 06:01:40,27.842,3.566,25.74,101.51,46.05,5.548,223.42,26.91,-95.26,1,0.6355,1,Multiple simultaneous abnormalities,Warning
2026-03-15 06:01:50,27.911,3.636,34.86,101.19,45.1,6.102,214.71,35.15,-93.88,1,0.7877,1,Multiple simultaneous abnormalities,Warning
2026-03-15 06:02:00,28.198,3.662,32.16,101.25,45.09,5.952,220.31,31.51,-100.21,1,0.5145,1,Multiple simultaneous abnormalities,Warning
2026-03-15 06:02:10,27.613,3.662,27.35,101.95,45.92,6.31,226.73,27.64,-91.51,1,0.5631,1,Multiple simultaneous abnormalities,Warning
2026-03-15 06:02:20,27.378,3.386,34.18,100.79,44.97,5.942,230.28,31.92,-87.04,1,0.8097,1,Multiple simultaneous abnormalities,Warning
2026-03-15 06:02:30,27.907,3.833,29.42,101.8,48.69,5.895,213.77,31.2,-91.34,1,0.789,1,Multiple simultaneous abnormalities,Warning
2026-03-15 06:02:40,27.443,3.45,33.51,101.31,44.45,5.557,217.83,29.95,-88.48,1,0.6151,1,Multiple simultaneous abnormalities,Warning
2026-03-15 06:02:50,28.629,3.667,32.86,100.97,46.77,6.731,231.47,29.21,-90.85,1,0.9895,1,Multiple simultaneous abnormalities,Warning
2026-03-15 06:03:00,28.352,3.508,28.72,100.72,49.13,6.184,234.64,29.15,-94.48,1,0.605,1,Multiple simultaneous abnormalities,Warning
2026-03-15 06:03:10,28.588,3.638,33.58,101.89,46.84,6.397,217.96,30.04,-90.71,1,0.565,1,Multiple simultaneous abnormalities,Warning
2026-03-15 06:03:20,27.98,3.486,30.02,100.96,46.73,6.358,231.89,27.65,-93.11,1,0.6235,1,Multiple simultaneous abnormalities,Warning
2026-03-15 06:03:30,28.149,3.633,29.31,101.32,46.64,6.0,214.43,28.8,-94.33,1,0.8284,1,Multiple simultaneous abnormalities,Warning
2026-03-15 06:03:40,27.869,3.53,29.53,100.91,46.95,5.946,222.01,28.83,-85.76,1,0.4868,1,Multiple simultaneous abnormalities,Warning
2026-03-15 06:03:50,28.294,3.732,37.0,102.09,48.9,6.047,215.3,32.57,-94.31,1,0.584,1,Multiple simultaneous abnormalities,Warning
2026-03-15 06:04:00,27.687,3.32,28.81,101.34,44.67,6.156,221.26,29.04,-88.43,1,0.824,1,Multiple simultaneous abnormalities,Warning
2026-03-15 06:04:10,27.311,3.08,30.05,100.76,49.24,6.547,239.84,30.88,-89.19,1,0.8798,1,Multiple simultaneous abnormalities,Warning
2026-03-15 06:04:20,27.859,3.277,27.73,101.13,45.75,6.149,224.17,27.83,-85.11,1,0.6624,1,Multiple simultaneous abnormalities,Warning
2026-03-15 06:04:30,27.681,3.785,37.36,101.86,47.2,7.046,222.39,33.65,-87.64,1,0.6422,1,Multiple simultaneous abnormalities,Warning
2026-03-15 06:04:40,28.584,3.478,31.79,100.91,47.05,6.801,220.17,28.92,-87.71,1,0.6155,1,Multiple simultaneous abnormalities,Warning
2026-03-15 06:04:50,28.707,3.538,34.48,101.16,48.32,6.73,222.32,30.74,-82.58,1,0.4667,1,Multiple simultaneous abnormalities,Warning
2026-03-15 06:05:00,27.763,3.25,30.98,101.77,45.73,6.411,218.28,29.81,-89.11,1,0.9109,1,Multiple simultaneous abnormalities,Warning
2026-03-15 06:05:10,28.593,3.528,32.97,101.44,48.24,6.988,225.87,30.75,-82.96,1,0.4864,1,Multiple simultaneous abnormalities,Warning
2026-03-15 06:05:20,28.513,3.255,34.96,100.81,50.15,6.386,224.54,30.89,-82.24,1,0.7252,1,Multiple simultaneous abnormalities,Warning
2026-03-15 06:05:30,27.778,3.29,15.01,101.39,46.11,6.455,221.16,28.99,-69.71,1,0.0505,0,Normal,Normal
2026-03-15 06:05:40,28.154,3.408,15.63,101.24,48.0,6.529,220.47,29.19,-64.23,1,0.0438,0,Normal,Normal
2026-03-15 06:05:50,28.118,3.619,18.54,101.32,47.0,6.718,226.31,33.41,-71.42,1,0.0518,0,Normal,Normal
2026-03-15 06:06:00,28.538,3.645,16.24,101.68,48.33,6.698,219.03,30.31,-69.01,1,0.0507,0,Normal,Normal
2026-03-15 06:06:10,27.966,3.651,17.07,101.4,47.86,6.311,222.96,34.17,-70.7,1,0.0477,0,Normal,Normal
2026-03-15 06:06:20,28.326,3.109,15.07,101.26,47.08,6.293,221.28,29.32,-70.2,1,0.0485,0,Normal,Normal
2026-03-15 06:06:30,28.171,3.503,18.68,101.24,48.45,6.706,207.25,29.39,-64.57,1,0.0559,0,Normal,Normal
2026-03-15 06:06:40,28.54,3.455,15.5,101.73,50.05,6.734,231.79,28.17,-67.02,1,0.0677,0,Normal,Normal
2026-03-15 06:06:50,28.353,3.121,18.95,101.01,47.66,6.348,210.26,33.58,-70.18,1,0.0458,0,Normal,Normal
2026-03-15 06:07:00,28.278,3.508,16.07,100.43,48.77,5.931,210.78,29.29,-68.48,1,0.0514,0,Normal,Normal
2026-03-15 06:07:10,28.395,3.441,19.27,101.21,46.36,6.415,232.1,32.57,-68.58,1,0.0689,0,Normal,Normal
2026-03-15 06:07:20,29.091,3.631,17.85,101.45,46.77,6.707,216.07,30.37,-65.71,1,0.0428,0,Normal,Normal
2026-03-15 06:07:30,28.375,3.523,17.09,101.13,48.49,7.122,208.34,30.52,-59.52,1,0.0984,0,Normal,Normal
2026-03-15 06:07:40,28.208,3.365,20.42,101.09,49.72,6.072,235.65,34.65,-65.61,1,0.0608,0,Normal,Normal
2026-03-15 06:07:50,28.715,3.734,18.01,101.15,48.37,6.343,219.85,32.47,-65.3,1,0.0468,0,Normal,Normal
2026-03-15 06:08:00,28.517,2.947,17.66,101.29,47.57,6.356,234.68,30.43,-61.39,1,0.0471,0,Normal,Normal
2026-03-15 06:08:10,28.155,3.486,19.65,100.78,47.95,6.968,217.64,34.62,-67.54,1,0.0434,0,Normal,Normal
2026-03-15 06:08:20,29.268,3.061,16.16,101.56,46.46,6.482,211.82,28.73,-61.82,1,0.0447,0,Normal,Normal
2026-03-15 06:08:30,28.513,3.273,14.68,100.24,48.69,6.177,222.4,29.21,-67.0,1,0.0533,0,Normal,Normal
2026-03-15 06:08:40,28.524,3.633,35.75,101.52,49.02,6.691,215.31,34.71,-89.46,1,0.9185,1,Multiple simultaneous abnormalities,Warning
2026-03-15 06:08:50,28.705,3.183,31.81,101.43,47.42,6.354,228.21,30.28,-82.58,1,0.8296,1,Multiple simultaneous abnormalities,Warning
2026-03-15 06:09:00,29.195,3.145,36.44,101.5,47.41,6.067,230.39,32.78,-88.02,1,0.6975,1,Multiple simultaneous abnormalities,Warning
2026-03-15 06:09:10,28.19,4.097,35.73,100.53,48.29,6.184,232.42,33.37,-87.51,1,0.5816,1,Multiple simultaneous abnormalities,Warning
2026-03-15 06:09:20,28.796,3.161,31.49,101.42,47.45,7.104,222.49,30.51,-83.18,1,0.6983,1,Multiple simultaneous abnormalities,Warning
2026-03-15 06:09:30,29.358,3.913,36.37,101.08,47.9,6.631,236.03,33.71,-89.53,1,0.8246,1,Multiple simultaneous abnormalities,Warning
2026-03-15 06:09:40,28.788,3.458,35.37,101.94,50.5,6.535,217.56,33.33,-87.05,1,0.5891,1,Multiple simultaneous abnormalities,Warning
2026-03-15 06:09:50,28.397,3.37,36.63,101.44,47.68,6.41,226.06,32.17,-90.72,1,0.8794,1,Multiple simultaneous abnormalities,Warning
2026-03-15 06:10:00,28.6,3.642,30.9,100.83,47.55,6.6,223.88,30.63,-85.43,1,0.759,1,Multiple simultaneous abnormalities,Warning
2026-03-15 06:10:10,28.865,3.835,31.87,100.62,47.21,6.596,240.77,30.73,-81.08,1,0.7027,1,Multiple simultaneous abnormalities,Warning
2026-03-15 06:10:20,29.22,3.214,34.63,101.05,48.88,6.6,234.65,32.97,-85.51,1,0.5144,1,Multiple simultaneous abnormalities,Warning
2026-03-15 06:10:30,28.736,3.373,32.22,101.62,47.77,6.538,225.25,33.22,-78.22,1,0.6551,1,Multiple simultaneous abnormalities,Warning
2026-03-15 06:10:40,29.103,3.712,35.02,101.76,47.21,6.802,226.58,35.47,-87.06,1,0.5652,1,Multiple simultaneous abnormalities,Warning
2026-03-15 06:10:50,28.442,3.572,39.03,101.37,49.57,6.507,237.28,32.48,-81.51,1,0.6961,1,Multiple simultaneous abnormalities,Warning
2026-03-15 06:11:00,28.456,3.776,37.2,101.33,49.69,6.156,218.98,32.41,-79.48,1,0.7961,1,Multiple simultaneous abnormalities,Warning
2026-03-15 06:11:10,28.761,3.629,33.85,101.17,47.27,6.284,208.73,32.77,-88.79,1,0.6238,1,Multiple simultaneous abnormalities,Warning
2026-03-15 06:11:20,29.354,3.952,39.04,101.29,45.75,5.806,217.25,37.88,-81.69,1,0.8547,1,Multiple simultaneous abnormalities,Warning
2026-03-15 06:11:30,28.959,3.545,35.53,101.79,49.2,7.208,221.68,34.74,-81.55,1,0.8807,1,Multiple simultaneous abnormalities,Warning
2026-03-15 06:11:40,29.042,3.556,36.99,101.16,47.17,6.801,235.88,37.03,-78.02,1,0.5664,1,Multiple simultaneous abnormalities,Warning
2026-03-15 06:11:50,29.054,3.581,39.33,101.56,48.94,6.209,233.28,34.8,-83.62,1,0.4621,1,Multiple simultaneous abnormalities,Warning
2026-03-15 06:12:00,29.319,3.465,34.05,101.09,45.63,6.4,224.64,34.08,-85.67,1,0.5341,1,Multiple simultaneous abnormalities,Warning
2026-03-15 06:12:10,28.819,3.712,33.67,101.71,49.07,6.276,228.73,36.14,-79.63,1,0.6692,1,Multiple simultaneous abnormalities,Warning
2026-03-15 06:12:20,29.224,3.559,35.4,101.53,46.54,7.039,219.32,35.21,-87.09,1,0.7765,1,Multiple simultaneous abnormalities,Warning
2026-03-15 06:12:30,28.783,3.697,39.36,101.69,48.87,6.002,241.7,39.41,-87.18,1,0.7599,1,Multiple simultaneous abnormalities,Warning
2026-03-15 06:12:40,29.642,3.736,39.86,102.05,48.01,6.539,234.7,33.91,-83.41,1,0.7377,1,Multiple simultaneous abnormalities,Warning
2026-03-15 06:12:50,28.821,3.607,35.57,100.27,46.85,6.461,225.43,34.13,-74.5,1,0.5657,1,Multiple simultaneous abnormalities,Warning
2026-03-15 06:13:00,28.811,3.626,33.78,101.6,47.51,6.789,224.41,34.72,-92.96,1,0.5257,1,Multiple simultaneous abnormalities,Warning
2026-03-15 06:13:10,29.255,3.248,39.9,101.49,48.82,6.463,230.61,35.22,-86.67,1,0.465,1,Multiple simultaneous abnormalities,Warning
2026-03-15 06:13:20,29.128,3.363,19.4,101.48,48.12,5.884,224.54,35.0,-65.54,1,0.0412,0,Normal,Normal
2026-03-15 06:13:30,29.216,3.711,21.99,101.4,48.7,6.412,210.43,35.69,-62.93,1,0.0469,0,Normal,Normal
2026-03-15 06:13:40,29.2,3.856,23.36,101.4,50.37,6.159,237.26,36.94,-64.97,1,0.0493,0,Normal,Normal
2026-03-15 06:13:50,28.818,3.015,20.15,101.43,46.12,6.527,234.35,34.56,-62.0,1,0.0668,0,Normal,Normal
2026-03-15 06:14:00,29.642,3.358,20.45,101.66,49.94,7.002,227.97,31.86,-65.68,1,0.0458,0,Normal,Normal
2026-03-15 06:14:10,29.439,3.506,23.36,101.63,48.12,5.891,221.64,38.98,-63.5,1,0.0414,0,Normal,Normal
2026-03-15 06:14:20,29.591,3.28,21.18,101.29,46.92,6.22,225.08,37.46,-64.82,1,0.0614,0,Normal,Normal
2026-03-15 06:14:30,29.038,3.294,20.33,101.23,46.4,6.306,203.85,35.42,-66.89,1,0.0471,0,Normal,Normal
2026-03-15 06:14:40,29.333,3.619,23.21,101.31,47.77,6.366,216.14,37.71,-67.42,1,0.077,0,Normal,Normal
2026-03-15 06:14:50,29.28,3.895,22.85,101.13,49.1,6.759,239.14,36.59,-62.39,1,0.0879,0,Normal,Normal
2026-03-15 06:15:00,29.57,2.992,22.21,102.01,47.85,6.439,229.14,34.92,-64.46,1,0.0708,0,Normal,Normal
2026-03-15 06:15:10,29.592,3.457,23.85,100.79,49.81,6.645,209.41,39.28,-63.47,1,0.0439,0,Normal,Normal
2026-03-15 06:15:20,29.313,3.616,24.04,101.6,46.26,6.281,218.38,39.14,-62.82,1,0.0444,0,Normal,Normal
2026-03-15 06:15:30,28.811,3.695,22.21,101.6,47.98,6.58,209.6,36.75,-68.26,1,0.0637,0,Normal,Normal
2026-03-15 06:15:40,29.811,3.58,25.39,101.09,46.5,6.772,218.76,39.79,-67.65,1,0.0489,0,Normal,Normal
2026-03-15 06:15:50,29.454,3.94,24.89,101.42,48.43,6.244,223.68,39.25,-68.0,1,0.0453,0,Normal,Normal
2026-03-15 06:16:00,29.115,3.507,19.63,101.81,49.06,6.773,237.81,33.0,-64.03,1,0.0452,0,Normal,Normal
2026-03-15 06:16:10,29.43,3.828,21.15,101.17,47.49,6.518,231.28,38.15,-66.99,1,0.0529,0,Normal,Normal
2026-03-15 06:16:20,28.864,3.338,19.4,101.82,44.87,6.866,222.58,33.05,-66.87,1,0.0738,0,Normal,Normal
2026-03-15 06:16:30,29.644,3.515,22.38,101.75,48.24,6.429,222.97,35.87,-70.73,1,0.0545,0,Normal,Normal
2026-03-15 06:16:40,28.895,3.197,21.14,101.02,48.52,6.633,218.59,36.48,-65.25,1,0.0545,0,Normal,Normal
2026-03-15 06:16:50,29.279,3.725,21.82,100.86,48.48,6.486,233.72,35.78,-65.32,1,0.0606,0,Normal,Normal
2026-03-15 06:17:00,29.428,3.47,24.76,101.37,49.48,6.466,234.68,38.74,-66.37,1,0.0614,0,Normal,Normal
2026-03-15 06:17:10,29.675,3.589,20.58,100.8,46.71,6.59,214.29,36.28,-67.73,1,0.076,0,Normal,Normal
2026-03-15 06:17:20,29.403,3.422,23.49,100.14,48.82,6.688,211.23,38.31,-65.27,1,0.0427,0,Normal,Normal
2026-03-15 06:17:30,29.57,3.647,23.57,101.1,49.43,6.063,222.45,38.44,-68.72,1,0.1026,0,Normal,Normal
2026-03-15 06:17:40,29.379,3.599,23.34,102.17,45.86,7.002,223.43,35.64,-64.49,1,0.046,0,Normal,Normal
2026-03-15 06:17:50,29.385,3.251,45.55,101.12,48.38,5.849,227.07,58.66,-66.79,1,0.045,1,Temperature spike,Warning
2026-03-15 06:18:00,29.428,3.266,45.97,101.45,47.39,6.26,211.6,50.16,-72.91,1,0.0507,1,Temperature spike,Warning
2026-03-15 06:18:10,29.352,3.493,45.59,101.58,47.9,6.467,219.27,55.22,-69.71,1,0.0446,1,Temperature spike,Warning
2026-03-15 06:18:20,28.91,3.665,50.9,101.28,48.42,6.644,224.34,56.36,-68.53,1,0.044,1,Temperature spike,Warning
2026-03-15 06:18:30,29.192,3.966,46.97,101.17,47.41,7.052,218.77,53.81,-71.79,1,0.0911,1,Temperature spike,Warning
2026-03-15 06:18:40,29.502,3.576,52.21,101.79,47.19,5.85,231.86,59.52,-66.66,1,0.0416,1,Temperature spike,Warning
2026-03-15 06:18:50,29.36,3.752,48.92,101.32,48.04,6.322,239.95,55.95,-76.03,1,0.109,1,Temperature spike,Warning
2026-03-15 06:19:00,29.394,3.097,47.72,101.26,46.69,5.756,220.69,54.04,-67.89,1,0.0546,1,Temperature spike,Warning
2026-03-15 06:19:10,29.349,4.003,47.84,101.62,46.7,6.511,232.11,49.42,-68.44,1,0.0878,1,Temperature spike,Warning
2026-03-15 06:19:20,29.192,3.651,50.19,100.89,48.81,6.595,222.14,64.23,-76.68,1,0.0742,1,Temperature spike,Warning
2026-03-15 06:19:30,29.308,3.488,43.63,100.79,46.62,7.057,217.56,59.16,-70.62,1,0.0557,1,Temperature spike,Warning
2026-03-15 06:19:40,29.369,3.459,45.78,100.65,48.8,6.542,219.3,59.91,-72.45,1,0.0534,1,Temperature spike,Warning
2026-03-15 06:19:50,29.467,3.223,43.37,101.53,48.55,6.865,231.15,51.74,-67.11,1,0.1137,1,Temperature spike,Warning
2026-03-15 06:20:00,29.588,3.295,45.09,101.23,45.93,6.704,219.87,56.95,-74.09,1,0.0509,1,Temperature spike,Warning
2026-03-15 06:20:10,29.419,3.978,50.02,101.63,47.19,6.348,221.43,55.03,-69.4,1,0.043,1,Temperature spike,Warning
2026-03-15 06:20:20,29.168,3.253,53.44,101.32,49.43,6.007,215.85,58.45,-69.03,1,0.1143,1,Temperature spike,Warning
2026-03-15 06:20:30,29.061,3.248,42.37,100.75,46.82,6.596,230.07,54.04,-73.42,1,0.0459,1,Temperature spike,Warning
2026-03-15 06:20:40,30.263,3.324,46.91,101.16,47.44,5.978,228.66,56.53,-68.57,1,0.0414,1,Temperature spike,Warning
2026-03-15 06:20:50,29.148,3.2,53.09,101.66,48.55,6.953,236.64,57.62,-73.94,1,0.0589,1,Temperature spike,Warning
2026-03-15 06:21:00,29.333,3.504,51.45,101.2,48.94,6.443,229.77,63.61,-68.92,1,0.0489,1,Temperature spike,Warning
2026-03-15 06:21:10,29.646,3.772,42.75,101.77,47.7,6.918,228.3,54.98,-65.34,1,0.0474,1,Temperature spike,Warning
2026-03-15 06:21:20,29.602,3.347,42.8,101.12,47.28,6.332,229.67,57.96,-70.59,1,0.055,1,Temperature spike,Warning
2026-03-15 06:21:30,29.651,3.157,50.69,101.59,49.71,6.594,222.95,59.31,-71.77,1,0.0408,1,Temperature spike,Warning
2026-03-15 06:21:40,29.364,3.573,53.51,100.59,50.09,6.573,225.88,60.26,-75.26,1,0.058,1,Temperature spike,Warning
2026-03-15 06:21:50,29.569,3.486,24.01,101.21,49.17,6.484,232.45,38.2,-68.5,1,0.0505,0,Normal,Normal
2026-03-15 06:22:00,29.517,3.751,26.58,101.15,48.1,6.349,218.44,40.62,-71.64,1,0.0501,0,Normal,Normal
2026-03-15 06:22:10,29.406,3.386,27.92,100.74,47.03,6.637,238.61,42.3,-75.92,1,0.0745,0,Normal,Normal
2026-03-15 06:22:20,29.573,3.435,27.78,101.74,47.0,6.176,230.1,41.4,-70.27,1,0.0667,0,Normal,Normal
2026-03-15 06:22:30,29.817,3.463,28.06,101.04,48.63,6.077,241.17,41.04,-74.67,1,0.0514,0,Normal,Normal
2026-03-15 06:22:40,29.493,3.522,26.56,101.0,48.5,6.935,215.6,40.62,-73.2,1,0.053,0,Normal,Normal
2026-03-15 06:22:50,29.495,3.402,25.52,101.82,49.68,6.754,215.6,39.2,-76.7,1,0.0647,0,Normal,Normal
2026-03-15 06:23:00,29.819,3.361,25.25,101.36,48.78,6.523,227.98,39.66,-78.51,1,0.0479,0,Normal,Normal
2026-03-15 06:23:10,29.786,3.037,25.89,101.61,46.2,7.083,225.99,37.93,-78.59,1,0.0567,0,Normal,Normal
2026-03-15 06:23:20,29.972,3.359,24.66,100.62,49.26,6.406,221.34,38.89,-77.31,1,0.0517,0,Normal,Normal
2026-03-15 06:23:30,28.968,3.679,25.5,100.98,46.8,6.963,214.84,38.67,-74.85,1,0.0504,0,Normal,Normal
2026-03-15 06:23:40,29.765,3.713,28.01,102.13,47.54,6.561,222.86,42.19,-77.52,1,0.1027,0,Normal,Normal
2026-03-15 06:23:50,29.672,3.382,23.74,101.64,48.3,6.141,226.74,38.83,-79.22,1,0.0403,0,Normal,Normal
2026-03-15 06:24:00,29.223,3.825,23.91,100.87,50.39,7.147,214.53,37.24,-79.93,1,0.048,0,Normal,Normal
2026-03-15 06:24:10,29.562,3.493,27.52,101.39,51.73,6.847,221.72,42.96,-73.51,1,0.0799,0,Normal,Normal
2026-03-15 06:24:20,29.799,3.166,25.81,100.9,48.73,6.458,228.06,37.72,-77.9,1,0.0795,0,Normal,Normal
2026-03-15 06:24:30,29.232,3.087,23.5,101.86,47.78,6.754,231.3,39.35,-83.63,1,0.0607,0,Normal,Normal
2026-03-15 06:24:40,29.61,3.805,26.35,100.39,48.64,6.359,222.71,41.84,-78.0,1,0.0534,0,Normal,Normal
2026-03-15 06:24:50,29.735,3.407,26.19,101.41,49.06,6.79,218.59,39.13,-79.45,1,0.0576,0,Normal,Normal
2026-03-15 06:25:00,29.148,3.197,25.91,101.4,47.61,5.663,225.92,38.85,-77.81,1,0.0444,0,Normal,Normal
2026-03-15 06:25:10,29.423,2.935,27.63,100.85,50.15,6.143,223.35,39.84,-80.34,1,0.0501,0,Normal,Normal
2026-03-15 06:25:20,29.551,3.401,24.66,101.19,48.28,6.843,213.28,39.76,-74.99,1,0.0515,0,Normal,Normal
2026-03-15 06:25:30,29.217,3.601,26.73,101.45,48.6,6.413,221.4,40.33,-79.53,1,0.041,0,Normal,Normal
2026-03-15 06:25:40,29.188,3.326,26.44,100.59,48.8,6.573,220.28,39.96,-79.91,1,0.0702,0,Normal,Normal
2026-03-15 06:25:50,29.406,3.237,26.87,100.79,48.51,6.029,225.18,39.52,-80.44,1,0.0492,0,Normal,Normal
2026-03-15 06:26:00,29.681,3.363,24.26,101.24,49.01,7.147,219.13,40.43,-78.27,1,0.0744,0,Normal,Normal
2026-03-15 06:26:10,29.628,3.811,26.12,100.97,47.26,6.917,220.61,38.95,-78.71,1,0.0474,0,Normal,Normal
2026-03-15 06:26:20,29.17,3.152,26.98,101.11,47.33,6.43,223.54,41.01,-81.27,1,0.0479,0,Normal,Normal
2026-03-15 06:26:30,29.618,3.34,27.81,101.29,46.68,6.358,230.11,42.07,-80.23,1,0.0442,0,Normal,Normal
2026-03-15 06:26:40,29.165,3.803,29.81,100.94,48.53,6.86,225.74,43.33,-81.25,1,0.0555,0,Normal,Normal
2026-03-15 06:26:50,28.926,3.624,28.29,101.29,48.93,7.194,246.32,41.57,-78.14,1,0.0519,0,Normal,Normal
2026-03-15 06:27:00,29.292,3.545,27.82,101.42,48.55,6.834,214.88,41.38,-84.74,1,0.0766,0,Normal,Normal
2026-03-15 06:27:10,29.732,3.338,29.08,101.61,50.01,7.26,232.29,43.76,-82.09,1,0.0484,0,Normal,Normal
2026-03-15 06:27:20,29.584,3.508,26.75,100.8,47.99,6.177,224.37,40.34,-81.83,1,0.0557,0,Normal,Normal
2026-03-15 06:27:30,29.379,3.366,29.58,101.05,48.8,6.213,213.85,45.53,-77.24,1,0.0584,0,Normal,Normal
2026-03-15 06:27:40,29.246,3.285,28.97,101.54,46.69,6.084,221.97,42.04,-78.08,1,0.0458,0,Normal,Normal
2026-03-15 06:27:50,29.246,3.23,26.66,100.71,47.53,6.654,212.89,41.56,-80.6,1,0.0719,0,Normal,Normal
2026-03-15 06:28:00,29.387,3.696,30.25,101.34,48.83,6.561,225.66,42.14,-84.93,1,0.0472,0,Normal,Normal
2026-03-15 06:28:10,29.025,3.485,28.07,101.31,49.02,6.447,222.56,41.14,-81.94,1,0.0552,0,Normal,Normal
2026-03-15 06:28:20,29.232,3.579,30.72,100.27,47.65,6.783,219.52,43.74,-76.63,1,0.0544,0,Normal,Normal
2026-03-15 06:28:30,29.262,3.538,27.92,101.1,47.91,6.931,216.52,40.6,-82.88,1,0.0482,0,Normal,Normal
2026-03-15 06:28:40,28.912,3.61,26.66,101.43,46.18,5.966,233.13,41.0,-82.2,1,0.043,0,Normal,Normal
2026-03-15 06:28:50,29.056,3.436,26.38,101.22,47.57,6.291,223.72,40.25,-82.18,1,0.0535,0,Normal,Normal
2026-03-15 06:29:00,29.421,3.38,27.03,101.11,49.07,6.787,226.68,38.3,-85.43,1,0.0471,0,Normal,Normal
2026-03-15 06:29:10,29.29,3.296,26.74,101.36,48.69,6.336,226.41,43.13,-85.45,1,0.0471,0,Normal,Normal
2026-03-15 06:29:20,29.184,3.147,29.53,101.7,48.6,6.22,225.86,43.74,-85.59,1,0.0502,0,Normal,Normal
2026-03-15 06:29:30,28.992,3.22,27.61,101.52,48.06,6.856,222.39,41.61,-84.19,1,0.057,0,Normal,Normal
2026-03-15 06:29:40,29.728,3.409,25.26,101.0,48.01,6.048,237.14,40.83,-82.09,1,0.0596,0,Normal,Normal
2026-03-15 06:29:50,28.992,3.099,28.02,100.72,47.21,6.394,242.89,43.21,-83.03,1,0.0484,0,Normal,Normal
2026-03-15 06:30:00,29.308,3.154,27.92,101.51,48.84,6.615,236.58,41.56,-82.14,1,0.0419,0,Normal,Normal
2026-03-15 06:30:10,29.074,3.761,27.05,100.83,48.5,6.299,225.17,38.71,-77.29,1,0.0635,0,Normal,Normal
2026-03-15 06:30:20,29.219,3.556,28.17,101.09,48.59,6.774,224.62,42.85,-76.1,1,0.0566,0,Normal,Normal
2026-03-15 06:30:30,29.333,3.387,27.73,101.38,47.37,6.301,233.74,40.57,-83.71,1,0.0642,0,Normal,Normal
2026-03-15 06:30:40,28.773,4.068,28.77,101.76,45.41,6.993,218.94,44.25,-81.32,1,0.0457,0,Normal,Normal
2026-03-15 06:30:50,29.169,3.088,28.7,101.81,49.31,6.456,238.68,41.77,-82.2,1,0.076,0,Normal,Normal
2026-03-15 06:31:00,29.515,3.744,28.4,101.32,47.42,6.735,231.33,41.86,-81.04,1,0.0446,0,Normal,Normal
2026-03-15 06:31:10,29.673,3.472,25.92,101.1,46.96,6.761,222.76,38.31,-81.23,1,0.0451,0,Normal,Normal
2026-03-15 06:31:20,29.093,3.696,31.06,100.82,48.83,6.28,227.25,43.55,-86.02,1,0.0515,0,Normal,Normal
2026-03-15 06:31:30,29.131,3.527,25.57,102.08,47.53,5.781,230.01,39.44,-78.57,1,0.12,0,Normal,Normal
2026-03-15 06:31:40,29.768,3.032,27.72,101.18,49.27,6.626,221.58,41.48,-79.99,1,0.0434,0,Normal,Normal
2026-03-15 06:31:50,29.431,3.524,26.29,101.57,48.74,6.525,233.27,39.72,-81.74,1,0.0673,0,Normal,Normal
2026-03-15 06:32:00,28.891,3.584,28.53,101.38,48.82,6.694,235.18,45.0,-82.65,1,0.04,0,Normal,Normal
2026-03-15 06:32:10,28.876,2.952,28.16,101.1,46.36,6.42,222.9,42.88,-83.56,1,0.0441,0,Normal,Normal
2026-03-15 06:32:20,29.334,3.986,27.71,101.08,49.45,6.349,221.19,41.72,-84.19,1,0.0464,0,Normal,Normal
2026-03-15 06:32:30,28.729,3.578,30.25,100.75,48.31,7.202,224.15,40.94,-82.49,1,0.0557,0,Normal,Normal
2026-03-15 06:32:40,29.343,3.668,29.64,101.75,47.55,5.984,215.74,44.63,-84.12,1,0.0418,0,Normal,Normal
2026-03-15 06:32:50,29.102,3.209,27.49,101.25,48.17,6.756,211.66,45.09,-83.78,1,0.0421,0,Normal,Normal
2026-03-15 06:33:00,29.142,3.673,29.2,101.87,45.86,6.298,221.53,42.97,-84.87,1,0.0424,0,Normal,Normal
2026-03-15 06:33:10,28.894,3.773,30.34,101.12,48.48,6.382,217.32,43.37,-85.37,1,0.0563,0,Normal,Normal
2026-03-15 06:33:20,28.766,3.564,29.65,101.18,46.76,6.388,239.16,43.84,-79.24,1,0.0418,0,Normal,Normal
2026-03-15 06:33:30,29.377,3.498,27.79,100.85,46.37,6.218,221.34,40.08,-84.36,1,0.0476,0,Normal,Normal
2026-03-15 06:33:40,28.848,3.277,25.61,101.18,46.16,6.699,228.64,40.17,-85.85,1,0.0426,0,Normal,Normal
2026-03-15 06:33:50,28.783,3.446,28.49,100.8,49.33,6.985,219.97,44.29,-84.13,1,0.0472,0,Normal,Normal
2026-03-15 06:34:00,28.865,3.372,29.0,101.46,47.23,6.663,239.25,42.2,-88.24,1,0.0588,0,Normal,Normal
2026-03-15 06:34:10,28.93,3.643,26.84,101.34,49.83,6.535,223.44,40.08,-81.78,1,0.0449,0,Normal,Normal
2026-03-15 06:34:20,28.546,3.288,28.03,101.89,47.34,6.153,215.04,41.93,-84.55,1,0.0544,0,Normal,Normal
2026-03-15 06:34:30,28.669,3.642,27.86,100.72,45.94,6.679,230.35,41.26,-85.55,1,0.0443,0,Normal,Normal
2026-03-15 06:34:40,28.635,3.291,30.07,101.79,46.65,7.253,227.06,42.25,-85.83,1,0.0601,0,Normal,Normal
2026-03-15 06:34:50,29.057,3.435,30.76,100.91,49.47,6.365,234.61,44.3,-89.24,1,0.0625,0,Normal,Normal
2026-03-15 06:35:00,28.52,3.655,29.73,101.44,47.8,6.366,223.75,43.03,-78.99,1,0.0456,0,Normal,Normal
2026-03-15 06:35:10,28.241,3.325,27.83,100.84,47.32,6.301,225.85,43.47,-83.83,1,0.0404,0,Normal,Normal
2026-03-15 06:35:20,28.159,3.663,29.67,101.38,48.17,6.326,212.93,45.06,-78.95,1,0.0421,0,Normal,Normal
2026-03-15 06:35:30,28.29,3.639,28.91,100.3,48.58,5.536,231.67,44.59,-85.08,1,0.0501,0,Normal,Normal
2026-03-15 06:35:40,29.121,3.433,27.82,101.03,49.32,6.638,225.48,42.78,-82.88,1,0.0472,0,Normal,Normal
2026-03-15 06:35:50,28.699,3.791,31.05,101.34,49.71,6.2,223.99,45.3,-81.97,1,0.0464,0,Normal,Normal
2026-03-15 06:36:00,28.826,3.521,26.79,102.0,47.54,5.932,223.14,39.75,-82.64,1,0.053,0,Normal,Normal
2026-03-15 06:36:10,28.818,3.777,28.79,100.45,46.38,6.759,222.72,44.38,-85.39,1,0.0426,0,Normal,Normal
2026-03-15 06:36:20,28.654,3.95,29.13,101.3,47.47,6.116,231.77,43.55,-89.27,1,0.0492,0,Normal,Normal
2026-03-15 06:36:30,28.596,3.441,27.42,101.09,48.27,6.376,217.57,39.92,-77.1,1,0.0434,0,Normal,Normal
2026-03-15 06:36:40,28.912,3.663,28.67,100.53,46.8,7.007,230.92,41.58,-85.97,1,0.0995,0,Normal,Normal
2026-03-15 06:36:50,28.623,3.342,29.23,100.85,46.8,6.0,212.12,41.72,-76.08,1,0.0407,0,Normal,Normal
2026-03-15 06:37:00,28.98,3.244,28.16,101.11,48.36,5.956,209.63,39.7,-85.4,1,0.0402,0,Normal,Normal
2026-03-15 06:37:10,28.726,3.453,28.48,101.49,47.88,6.586,236.24,42.95,-79.35,1,0.0525,0,Normal,Normal
2026-03-15 06:37:20,28.335,3.162,27.91,101.34,47.97,6.893,216.77,40.42,-81.62,1,0.041,0,Normal,Normal
2026-03-15 06:37:30,28.351,3.268,28.92,100.78,47.02,5.939,225.79,42.02,-81.37,1,0.065,0,Normal,Normal
2026-03-15 06:37:40,28.262,3.651,27.36,100.57,47.64,6.632,222.8,41.41,-85.03,1,0.0657,0,Normal,Normal
2026-03-15 06:37:50,28.825,3.375,27.21,101.47,46.8,6.691,227.69,40.98,-84.24,1,0.0485,0,Normal,Normal
2026-03-15 06:38:00,28.317,3.681,27.68,101.22,48.97,5.766,225.34,40.83,-84.07,1,0.0673,0,Normal,Normal
2026-03-15 06:38:10,28.179,3.579,29.4,101.94,49.13,6.765,233.27,45.22,-82.33,1,0.0602,0,Normal,Normal
2026-03-15 06:38:20,28.494,3.967,24.97,101.16,45.66,6.791,213.48,37.14,-83.28,1,0.0422,0,Normal,Normal
2026-03-15 06:38:30,28.348,3.636,26.2,101.76,46.75,6.373,230.27,38.42,-84.1,1,0.0694,0,Normal,Normal
2026-03-15 06:38:40,28.444,3.784,30.95,101.52,46.06,6.918,224.48,45.5,-85.18,1,0.0711,0,Normal,Normal
2026-03-15 06:38:50,28.902,3.607,27.91,101.63,47.06,6.876,212.62,41.16,-84.74,1,0.0458,0,Normal,Normal
2026-03-15 06:39:00,28.587,3.585,26.86,101.47,47.72,6.511,220.63,40.06,-80.83,1,0.0624,0,Normal,Normal
2026-03-15 06:39:10,28.3,3.799,28.63,101.48,46.06,6.314,212.02,41.33,-84.38,1,0.0741,0,Normal,Normal
2026-03-15 06:39:20,27.848,3.676,26.22,100.38,46.67,6.129,211.45,40.63,-85.41,1,0.0605,0,Normal,Normal
2026-03-15 06:39:30,28.099,3.562,24.21,101.21,46.54,6.453,221.32,38.48,-81.52,1,0.0415,0,Normal,Normal
2026-03-15 06:39:40,28.441,3.562,27.86,101.03,47.97,6.661,234.29,42.0,-88.32,1,0.0415,0,Normal,Normal
2026-03-15 06:39:50,27.855,3.646,26.19,101.81,47.77,6.344,227.27,39.49,-81.62,1,0.1006,0,Normal,Normal
2026-03-15 06:40:00,28.826,3.345,27.4,100.9,46.79,5.684,235.14,40.5,-81.19,1,0.0517,0,Normal,Normal
2026-03-15 06:40:10,28.166,3.336,27.7,101.19,47.82,6.892,225.32,41.51,-79.56,1,0.0555,0,Normal,Normal
2026-03-15 06:40:20,28.155,3.873,27.38,101.62,46.91,6.508,237.08,42.54,-80.04,1,0.0765,0,Normal,Normal
2026-03-15 06:40:30,27.918,3.984,24.56,101.42,47.19,6.302,236.22,40.45,-84.71,1,0.0401,0,Normal,Normal
2026-03-15 06:40:40,28.245,3.288,27.12,101.37,49.47,6.727,217.01,42.46,-81.25,1,0.0483,0,Normal,Normal
2026-03-15 06:40:50,27.726,3.355,27.71,101.74,49.01,6.952,225.13,42.32,-78.54,1,0.0525,0,Normal,Normal
2026-03-15 06:41:00,28.701,3.811,24.9,101.4,45.77,5.428,218.73,40.08,-79.05,1,0.04,0,Normal,Normal
2026-03-15 06:41:10,28.424,3.661,24.67,101.08,48.25,6.551,223.3,37.25,-82.45,1,0.0547,0,Normal,Normal
2026-03-15 06:41:20,28.302,3.7,25.3,100.78,48.14,5.887,237.66,38.44,-78.65,1,0.0686,0,Normal,Normal
2026-03-15 06:41:30,27.567,3.759,27.98,101.49,45.69,6.548,219.19,42.61,-76.95,1,0.0408,0,Normal,Normal
2026-03-15 06:41:40,28.023,3.479,23.81,100.99,47.94,6.403,214.75,37.67,-82.42,1,0.0645,0,Normal,Normal
2026-03-15 06:41:50,28.301,3.626,28.0,101.2,48.68,6.565,215.19,42.41,-85.16,1,0.0969,0,Normal,Normal
2026-03-15 06:42:00,28.094,3.612,27.3,101.73,45.35,6.149,220.89,42.47,-73.75,1,0.0779,0,Normal,Normal
2026-03-15 06:42:10,27.592,3.34,26.27,101.21,45.44,5.647,253.9,41.26,-77.91,1,0.0516,0,Normal,Normal
2026-03-15 06:42:20,27.675,3.64,24.39,101.12,47.6,6.122,235.6,37.08,-80.01,1,0.0695,0,Normal,Normal
2026-03-15 06:42:30,27.712,3.877,25.36,101.19,46.51,6.397,200.69,39.37,-79.89,1,0.0621,0,Normal,Normal
2026-03-15 06:42:40,27.643,3.492,27.67,101.2,46.64,6.581,223.24,40.57,-77.76,1,0.0655,0,Normal,Normal
2026-03-15 06:42:50,28.26,3.623,28.33,100.9,46.15,5.784,218.32,41.4,-74.86,1,0.0476,0,Normal,Normal
2026-03-15 06:43:00,27.202,3.646,24.84,101.97,45.95,6.518,231.05,36.79,-82.29,1,0.0497,0,Normal,Normal
2026-03-15 06:43:10,27.952,3.534,28.05,101.08,43.59,5.892,213.52,42.21,-78.73,1,0.0441,0,Normal,Normal
2026-03-15 06:43:20,27.344,3.787,27.3,101.61,46.12,6.202,214.42,39.16,-72.34,1,0.0408,0,Normal,Normal
2026-03-15 06:43:30,27.421,3.461,26.21,100.89,45.91,5.849,217.88,40.68,-74.61,1,0.0536,0,Normal,Normal
2026-03-15 06:43:40,27.083,3.979,25.05,101.52,43.84,6.038,216.63,40.68,-74.63,1,0.0456,0,Normal,Normal
2026-03-15 06:43:50,27.498,3.819,25.23,101.37,43.63,6.227,227.06,39.86,-75.4,1,0.0505,0,Normal,Normal
2026-03-15 06:44:00,28.093,3.446,28.77,101.31,41.36,5.421,218.82,42.83,-75.46,1,0.0893,0,Normal,Normal
2026-03-15 06:44:10,27.696,4.124,26.24,101.37,43.29,5.541,229.14,42.09,-77.57,1,0.041,0,Normal,Normal
2026-03-15 06:44:20,27.234,3.763,27.91,101.47,42.79,5.766,214.22,42.3,-77.6,1,0.071,0,Normal,Normal
2026-03-15 06:44:30,27.875,3.564,26.21,101.21,41.4,6.457,227.17,39.18,-73.28,1,0.0414,0,Normal,Normal
2026-03-15 06:44:40,27.916,4.047,25.11,101.23,42.14,5.221,210.49,39.26,-77.08,1,0.0559,0,Normal,Normal
2026-03-15 06:44:50,27.554,3.922,26.6,101.53,39.65,6.137,224.12,42.95,-74.38,1,0.0463,0,Normal,Normal
2026-03-15 06:45:00,28.11,3.385,28.89,100.84,39.92,6.016,214.62,41.58,-74.54,1,0.0416,0,Normal,Normal
2026-03-15 06:45:10,27.723,3.729,24.62,100.78,37.16,5.163,225.12,36.97,-68.19,1,0.0612,0,Normal,Normal
2026-03-15 06:45:20,27.658,3.965,26.89,101.37,37.43,4.967,197.78,41.63,-75.02,1,0.058,0,Normal,Normal
2026-03-15 06:45:30,27.189,3.393,25.74,100.5,36.26,4.696,210.32,39.47,-70.8,1,0.0553,0,Normal,Normal
2026-03-15 06:45:40,27.595,3.993,23.21,100.63,35.69,4.772,225.17,36.57,-71.95,1,0.0902,0,Normal,Normal
2026-03-15 06:45:50,27.449,4.053,23.11,102.02,33.86,4.154,213.4,35.6,-74.19,1,0.0404,0,Normal,Normal
2026-03-15 06:46:00,27.516,3.761,24.57,101.92,32.99,4.462,200.56,36.23,-77.34,1,0.0486,0,Normal,Normal
2026-03-15 06:46:10,27.132,4.17,25.7,101.07,32.92,4.848,207.62,37.95,-73.54,1,0.0524,0,Normal,Normal
2026-03-15 06:46:20,27.353,4.152,26.42,101.7,30.14,3.939,215.43,42.36,-70.45,1,0.0466,0,Normal,Normal
2026-03-15 06:46:30,27.046,3.901,22.68,101.71,27.44,3.892,204.92,36.67,-76.6,1,0.0566,0,Normal,Normal
2026-03-15 06:46:40,26.624,4.479,25.94,101.49,30.13,3.2,219.73,37.59,-70.19,1,0.0744,0,Normal,Normal
2026-03-15 06:46:50,27.544,4.509,24.71,101.27,28.33,3.743,218.13,40.13,-68.44,1,0.0579,0,Normal,Normal
2026-03-15 06:47:00,26.771,4.279,24.82,101.55,23.75,3.518,213.79,40.3,-71.96,1,0.0526,0,Normal,Normal
2026-03-15 06:47:10,27.231,4.353,25.62,101.62,24.75,3.261,215.69,41.1,-69.28,1,0.0601,0,Normal,Normal
2026-03-15 06:47:20,27.276,4.636,27.28,101.56,21.94,2.976,202.31,40.78,-71.38,1,0.0417,0,Normal,Normal
2026-03-15 06:47:30,27.251,4.456,25.04,100.68,21.49,2.765,217.34,38.72,-69.87,1,0.0549,0,Normal,Normal
2026-03-15 06:47:40,27.045,4.074,22.48,102.11,20.18,2.861,213.07,36.64,-66.88,1,0.0478,0,Normal,Normal
2026-03-15 06:47:50,27.188,4.727,24.15,102.26,18.24,2.497,202.47,39.84,-75.81,1,0.0458,0,Normal,Normal
2026-03-15 06:48:00,27.225,4.45,25.64,100.54,16.3,2.445,189.56,38.97,-73.23,1,0.0506,0,Normal,Normal
2026-03-15 06:48:10,27.282,4.602,25.61,101.5,15.18,2.242,182.74,38.7,-66.97,1,0.0645,1,Sensor value drift,Warning
2026-03-15 06:48:20,27.559,5.109,25.2,101.73,13.72,2.4,208.72,40.03,-66.21,1,0.048,1,Sensor value drift,Warning
2026-03-15 06:48:30,27.086,4.753,23.36,100.92,12.69,2.09,187.09,38.81,-74.53,1,0.0582,1,Sensor value drift,Warning
2026-03-15 06:48:40,27.013,4.828,21.99,100.54,12.53,1.775,191.82,35.93,-65.41,1,0.0533,1,Sensor value drift,Warning
2026-03-15 06:48:50,26.699,4.993,24.84,99.16,10.73,2.101,202.27,39.65,-77.62,1,0.0772,1,Sensor value drift,Warning
2026-03-15 06:49:00,27.08,5.027,22.06,99.67,11.46,1.587,187.36,36.19,-67.82,1,0.0488,1,Sensor value drift,Warning
2026-03-15 06:49:10,27.127,4.705,24.84,99.06,11.53,1.776,216.58,38.53,-68.85,1,0.0657,1,Sensor value drift,Warning
2026-03-15 06:49:20,26.846,4.951,24.75,98.88,8.21,1.418,198.39,37.76,-71.51,1,0.0677,1,Sensor value drift,Warning
2026-03-15 06:49:30,27.045,5.004,22.93,97.77,8.42,0.456,207.75,35.55,-71.14,1,0.0494,1,Sensor value drift,Warning
2026-03-15 06:49:40,26.772,5.09,23.38,97.36,8.01,1.46,203.74,36.64,-70.84,1,0.0501,1,Sensor value drift,Warning
2026-03-15 06:49:50,27.039,5.119,23.76,97.34,7.31,0.961,174.62,36.59,-69.36,1,0.0461,1,Sensor value drift,Warning
2026-03-15 06:50:00,27.09,5.717,22.46,96.86,6.23,0.813,200.43,36.8,-62.61,1,0.0503,1,Sensor value drift,Warning
2026-03-15 06:50:10,27.064,4.797,21.22,96.56,6.47,0.854,193.94,36.68,-65.93,1,0.0443,1,Sensor value drift,Warning
2026-03-15 06:50:20,26.808,5.355,23.15,96.04,5.64,0.565,193.19,37.4,-63.92,1,0.0693,1,Sensor value drift,Warning
2026-03-15 06:50:30,26.439,5.424,23.22,95.76,3.11,0.701,193.15,36.12,-69.02,1,0.0443,1,Sensor value drift,Warning
2026-03-15 06:50:40,26.546,5.267,25.08,95.18,5.21,0.357,201.47,40.11,-67.2,1,0.0445,1,Sensor value drift,Warning
2026-03-15 06:50:50,26.886,4.996,21.78,95.04,4.84,0.957,205.92,36.14,-70.94,1,0.0739,1,Sensor value drift,Warning
2026-03-15 06:51:00,27.421,5.588,24.47,94.1,2.5,0.423,182.96,39.06,-68.4,1,0.0514,1,Sensor value drift,Warning
2026-03-15 06:51:10,26.563,4.636,21.06,94.49,3.14,0.286,192.88,34.44,-69.07,1,0.0417,1,Sensor value drift,Warning
2026-03-15 06:51:20,26.781,5.024,20.68,93.99,3.63,0.056,203.26,36.04,-65.8,1,0.0464,1,Sensor value drift,Warning
2026-03-15 06:51:30,26.456,5.498,22.15,93.0,2.29,0.438,190.19,37.51,-69.24,1,0.0583,1,Sensor value drift,Warning
2026-03-15 06:51:40,26.31,5.121,21.1,93.64,3.59,0.377,193.3,34.88,-69.49,1,0.0478,1,Sensor value drift,Warning
2026-03-15 06:51:50,26.379,5.621,20.39,92.39,4.92,0.418,193.26,35.25,-65.65,1,0.0483,1,Sensor value drift,Warning
2026-03-15 06:52:00,25.936,4.851,25.26,92.81,0.95,0.0,208.3,40.58,-66.87,1,0.0504,1,Sensor value drift,Warning
2026-03-15 06:52:10,26.947,4.958,21.57,92.07,0.05,0.0,197.24,35.01,-68.68,1,0.0438,1,Sensor value drift,Warning
2026-03-15 06:52:20,25.851,5.109,25.63,91.95,1.92,0.429,207.7,39.53,-69.0,1,0.0483,1,Sensor value drift,Warning
2026-03-15 06:52:30,26.421,5.352,20.58,91.23,2.27,0.71,204.97,34.67,-68.44,1,0.0436,1,Sensor value drift,Warning
2026-03-15 06:52:40,26.126,5.197,19.42,91.0,1.0,0.0,189.11,32.1,-63.78,1,0.0465,1,Sensor value drift,Warning
2026-03-15 06:52:50,26.195,5.134,23.83,90.78,2.9,0.713,193.25,38.36,-64.86,1,0.0514,1,Sensor value drift,Warning
2026-03-15 06:53:00,26.853,5.616,20.71,90.75,0.0,0.242,207.18,35.94,-68.28,1,0.0577,1,Sensor value drift,Warning
2026-03-15 06:53:10,26.481,5.643,21.92,90.03,1.79,0.127,181.56,35.74,-68.06,1,0.0551,1,Sensor value drift,Warning
2026-03-15 06:53:20,26.111,5.164,19.58,89.4,0.14,0.0,196.72,33.99,-69.26,1,0.0529,1,Sensor value drift,Warning
2026-03-15 06:53:30,26.205,4.843,21.47,88.29,2.85,0.0,196.74,37.15,-66.91,1,0.0536,1,Sensor value drift,Warning
2026-03-15 06:53:40,26.133,4.734,19.38,87.47,3.11,0.443,188.31,32.89,-65.27,1,0.0507,1,Sensor value drift,Warning
2026-03-15 06:53:50,26.33,5.335,21.23,88.0,0.0,0.0,187.43,35.66,-68.2,1,0.0543,1,Sensor value drift,Warning
2026-03-15 06:54:00,26.376,5.442,20.54,101.01,0.0,0.0,188.49,33.86,-58.93,1,0.0471,0,Normal,Normal
2026-03-15 06:54:10,26.874,5.295,21.5,101.03,1.57,0.421,196.02,34.79,-63.55,1,0.0745,0,Normal,Normal
2026-03-15 06:54:20,25.712,5.264,22.01,101.27,0.03,0.0,202.14,36.42,-65.45,1,0.0534,0,Normal,Normal
2026-03-15 06:54:30,26.258,5.082,21.34,101.57,0.4,0.0,196.24,35.63,-65.04,1,0.0814,0,Normal,Normal
2026-03-15 06:54:40,26.156,5.448,21.56,101.05,0.44,0.05,180.24,36.23,-69.42,1,0.0478,0,Normal,Normal
2026-03-15 06:54:50,26.516,5.705,20.63,101.66,0.0,0.154,202.32,34.72,-68.79,1,0.0475,0,Normal,Normal
2026-03-15 06:55:00,26.321,4.733,20.04,101.31,0.33,0.216,199.8,34.6,-61.18,1,0.0903,0,Normal,Normal
2026-03-15 06:55:10,26.374,5.269,21.31,101.32,0.0,0.0,188.27,37.31,-60.21,1,0.0596,0,Normal,Normal
2026-03-15 06:55:20,26.283,5.047,20.34,102.05,0.0,0.925,184.98,35.62,-71.73,1,0.051,0,Normal,Normal
2026-03-15 06:55:30,25.882,4.917,20.31,101.37,2.0,0.0,182.93,34.71,-63.64,1,0.059,0,Normal,Normal
2026-03-15 06:55:40,26.508,5.008,20.92,101.28,0.0,0.0,198.77,35.53,-60.89,1,0.0476,0,Normal,Normal
2026-03-15 06:55:50,26.367,5.387,18.68,101.51,1.2,0.0,175.13,32.32,-66.04,1,0.0613,0,Normal,Normal
2026-03-15 06:56:00,26.385,5.394,22.28,102.02,0.0,0.071,198.94,36.09,-60.45,1,0.0435,0,Normal,Normal
2026-03-15 06:56:10,26.473,5.658,19.67,101.28,0.0,0.241,186.53,34.26,-62.7,1,0.0852,0,Normal,Normal
2026-03-15 06:56:20,26.203,5.296,20.14,101.48,1.12,0.445,192.41,34.24,-63.65,1,0.0493,0,Normal,Normal
2026-03-15 06:56:30,26.506,4.854,19.79,101.26,0.57,0.0,162.75,34.75,-65.74,1,0.0415,0,Normal,Normal
2026-03-15 06:56:40,26.159,5.235,20.75,101.26,0.83,0.0,175.92,36.27,-64.74,1,0.068,0,Normal,Normal
2026-03-15 06:56:50,25.964,4.948,20.18,101.1,1.3,0.175,184.67,34.06,-66.38,1,0.0737,0,Normal,Normal
2026-03-15 06:57:00,26.012,4.994,19.51,101.08,0.0,0.223,182.79,31.1,-64.17,1,0.0596,0,Normal,Normal
2026-03-15 06:57:10,25.991,5.441,21.66,101.98,0.0,0.018,196.15,38.1,-64.32,1,0.0549,0,Normal,Normal
2026-03-15 06:57:20,25.827,5.344,14.59,101.08,0.0,0.205,192.51,27.81,-66.42,1,0.0796,0,Normal,Normal
2026-03-15 06:57:30,26.457,5.443,21.17,100.68,0.0,0.0,205.55,35.4,-70.99,1,0.0546,0,Normal,Normal
2026-03-15 06:57:40,26.042,5.207,20.59,101.35,3.63,0.558,194.18,35.46,-65.78,1,0.0635,0,Normal,Normal
2026-03-15 06:57:50,25.967,5.494,16.36,101.71,1.58,0.359,184.86,32.05,-68.3,1,0.0496,0,Normal,Normal
2026-03-15 06:58:00,26.04,5.194,20.42,101.8,0.0,0.0,199.85,36.59,-68.66,1,0.0595,0,Normal,Normal
2026-03-15 06:58:10,26.804,5.576,20.52,100.82,0.0,0.0,186.35,34.08,-67.43,1,0.12,0,Normal,Normal
2026-03-15 06:58:20,25.556,5.384,19.68,101.75,0.65,0.0,185.89,35.11,-62.94,1,0.0472,0,Normal,Normal
2026-03-15 06:58:30,25.628,5.246,16.41,102.12,0.72,0.246,190.07,30.65,-68.82,1,0.0591,0,Normal,Normal
2026-03-15 06:58:40,25.454,5.351,19.68,101.03,0.72,0.0,203.0,36.97,-68.23,1,0.0424,0,Normal,Normal
2026-03-15 06:58:50,25.785,5.293,20.08,101.23,0.0,0.0,198.45,35.4,-63.52,1,0.0551,0,Normal,Normal
2026-03-15 06:59:00,25.916,5.697,17.62,100.81,0.0,0.166,198.2,31.4,-68.03,1,0.0458,0,Normal,Normal
2026-03-15 06:59:10,25.689,5.359,19.04,102.04,0.44,0.0,205.72,32.09,-69.2,1,0.0702,0,Normal,Normal
2026-03-15 06:59:20,25.654,5.298,17.76,100.7,0.15,0.097,198.0,28.61,-63.49,1,0.0467,0,Normal,Normal
2026-03-15 06:59:30,25.847,5.239,19.53,101.14,0.0,0.0,180.2,34.34,-66.4,1,0.0488,0,Normal,Normal
2026-03-15 06:59:40,25.641,5.509,17.64,101.61,0.0,0.214,194.34,32.85,-65.92,1,0.0989,0,Normal,Normal
2026-03-15 06:59:50,25.873,5.475,17.15,101.03,0.0,0.0,203.01,32.04,-66.9,1,0.0436,0,Normal,Normal
2026-03-15 07:00:00,26.102,5.23,17.87,100.9,0.25,0.0,177.88,29.05,-65.07,1,0.0525,0,Normal,Normal
2026-03-15 07:00:10,25.96,5.01,15.83,101.28,3.62,0.088,189.9,28.32,-64.4,1,0.0699,0,Normal,Normal
2026-03-15 07:00:20,26.009,5.073,17.54,102.26,0.47,0.041,181.48,32.12,-66.95,1,0.0457,0,Normal,Normal
2026-03-15 07:00:30,26.06,5.253,18.2,101.2,0.0,0.013,191.05,34.35,-71.2,1,0.0402,0,Normal,Normal
2026-03-15 07:00:40,25.808,5.636,18.88,101.22,1.14,0.0,199.1,32.81,-65.95,1,0.074,0,Normal,Normal
2026-03-15 07:00:50,25.665,5.236,17.86,100.85,0.61,0.0,200.76,33.17,-68.0,1,0.0545,0,Normal,Normal
2026-03-15 07:01:00,25.471,5.15,15.25,101.45,0.53,0.004,188.55,28.01,-64.55,1,0.0439,0,Normal,Normal
2026-03-15 07:01:10,25.575,4.859,19.34,101.65,0.75,0.0,195.31,33.58,-69.95,1,0.0449,0,Normal,Normal
2026-03-15 07:01:20,25.525,5.677,19.37,101.06,2.49,0.0,177.99,33.04,-68.36,1,0.0641,0,Normal,Normal
2026-03-15 07:01:30,25.892,5.441,17.3,101.51,0.0,0.139,176.03,32.73,-72.01,1,0.0554,0,Normal,Normal
2026-03-15 07:01:40,25.768,5.498,15.92,101.06,0.59,0.0,198.97,29.27,-65.38,1,0.0598,0,Normal,Normal
2026-03-15 07:01:50,25.864,5.54,16.16,100.54,0.0,0.408,165.8,32.18,-64.21,1,0.0529,0,Normal,Normal
2026-03-15 07:02:00,25.298,5.258,16.57,101.48,0.69,0.447,184.52,30.2,-69.52,1,0.0634,0,Normal,Normal
2026-03-15 07:02:10,26.067,5.32,17.21,102.13,0.0,0.0,195.43,29.92,-68.8,1,0.0658,0,Normal,Normal
2026-03-15 07:02:20,25.501,5.671,16.25,100.82,0.0,0.478,191.78,29.0,-70.82,1,0.0473,0,Normal,Normal
2026-03-15 07:02:30,25.291,5.344,15.33,101.37,0.0,0.0,167.32,28.58,-70.71,1,0.0747,0,Normal,Normal
2026-03-15 07:02:40,25.481,5.446,18.07,101.82,1.19,0.149,194.22,32.51,-66.67,1,0.0506,0,Normal,Normal
2026-03-15 07:02:50,26.35,5.517,16.84,101.26,1.12,0.0,183.12,30.11,-70.45,1,0.0426,0,Normal,Normal
2026-03-15 07:03:00,25.482,5.46,14.79,100.73,0.0,0.325,190.98,27.8,-67.7,1,0.0437,0,Normal,Normal
2026-03-15 07:03:10,25.493,5.267,16.72,101.32,0.08,0.144,185.02,31.79,-69.36,1,0.0599,0,Normal,Normal
2026-03-15 07:03:20,25.526,5.291,16.45,101.9,0.0,0.0,184.47,26.59,-67.25,1,0.0471,0,Normal,Normal
2026-03-15 07:03:30,25.533,5.494,15.04,101.1,0.0,0.0,175.61,28.53,-70.88,1,0.0446,0,Normal,Normal
2026-03-15 07:03:40,25.337,5.493,17.83,101.39,0.0,0.0,187.14,30.23,-66.64,1,0.0539,0,Normal,Normal
2026-03-15 07:03:50,25.608,5.592,16.16,100.88,0.0,0.068,199.9,29.12,-64.47,1,0.0629,0,Normal,Normal
2026-03-15 07:04:00,25.882,5.437,15.55,101.26,2.93,0.202,186.63,29.85,-75.41,1,0.0417,0,Normal,Normal
2026-03-15 07:04:10,25.648,5.449,15.67,101.45,0.53,0.23,186.99,29.43,-70.79,1,0.0489,0,Normal,Normal
2026-03-15 07:04:20,25.215,5.188,16.39,101.35,0.0,0.0,184.37,30.03,-71.0,1,0.0621,0,Normal,Normal
2026-03-15 07:04:30,25.44,5.154,15.53,101.13,0.0,0.0,179.72,30.96,-73.08,1,0.0751,0,Normal,Normal
2026-03-15 07:04:40,25.374,5.495,15.44,101.48,1.24,0.0,182.03,29.43,-69.92,1,0.0402,0,Normal,Normal
2026-03-15 07:04:50,25.55,5.156,17.09,101.57,2.52,0.405,191.78,33.25,-68.0,1,0.056,0,Normal,Normal
2026-03-15 07:05:00,25.93,5.294,13.28,101.59,0.0,0.0,209.68,28.14,-77.5,1,0.0536,0,Normal,Normal
2026-03-15 07:05:10,25.482,5.644,13.46,101.18,0.0,0.052,197.81,26.3,-77.95,1,0.0509,0,Normal,Normal
2026-03-15 07:05:20,25.496,5.605,16.43,101.05,2.26,0.0,194.97,32.75,-67.05,1,0.0426,0,Normal,Normal
2026-03-15 07:05:30,26.053,5.375,18.81,102.09,0.48,0.119,205.94,33.14,-72.96,1,0.0603,0,Normal,Normal
2026-03-15 07:05:40,25.779,5.226,16.43,101.36,0.0,0.0,193.75,32.67,-72.2,1,0.0475,0,Normal,Normal
2026-03-15 07:05:50,25.686,5.269,17.83,101.2,0.65,0.368,198.6,31.52,-75.9,1,0.044,0,Normal,Normal
2026-03-15 07:06:00,26.098,5.517,14.31,100.71,0.0,0.272,191.72,28.64,-72.79,1,0.0685,0,Normal,Normal
2026-03-15 07:06:10,25.656,5.29,13.94,100.93,0.01,0.0,193.62,28.46,-69.04,1,0.0455,0,Normal,Normal
2026-03-15 07:06:20,24.911,5.16,15.51,101.04,0.4,0.0,178.74,29.31,-71.89,1,0.0433,0,Normal,Normal
2026-03-15 07:06:30,25.755,5.604,16.18,101.48,1.12,0.0,187.53,31.71,-73.03,1,0.0456,0,Normal,Normal
2026-03-15 07:06:40,25.026,5.345,12.71,101.16,0.0,0.0,185.51,29.03,-79.15,1,0.043,0,Normal,Normal
2026-03-15 07:06:50,25.638,5.155,14.29,101.31,0.11,0.0,185.09,25.54,-71.84,1,0.0625,0,Normal,Normal
2026-03-15 07:07:00,24.987,5.419,14.5,100.73,0.0,0.071,184.62,29.48,-74.27,1,0.043,0,Normal,Normal
2026-03-15 07:07:10,25.36,5.542,13.46,101.86,0.32,0.115,201.46,26.38,-76.36,1,0.0589,0,Normal,Normal
2026-03-15 07:07:20,25.391,5.048,13.57,101.01,0.0,0.053,187.06,24.45,-72.84,1,0.0427,0,Normal,Normal
2026-03-15 07:07:30,25.269,5.25,15.61,101.39,0.0,0.0,188.85,30.23,-77.54,1,0.0438,0,Normal,Normal
2026-03-15 07:07:40,25.395,5.238,14.98,101.09,0.0,0.328,208.13,29.61,-73.55,1,0.0463,0,Normal,Normal
2026-03-15 07:07:50,25.81,5.413,15.41,101.17,0.79,0.024,196.21,30.23,-71.81,1,0.085,0,Normal,Normal
2026-03-15 07:08:00,25.287,5.458,14.65,100.98,1.04,0.247,190.07,29.1,-75.23,1,0.0768,0,Normal,Normal
2026-03-15 07:08:10,25.666,5.162,12.78,101.42,0.0,0.0,198.47,27.83,-77.2,1,0.0413,0,Normal,Normal
2026-03-15 07:08:20,25.214,4.926,14.66,100.91,0.06,0.0,184.65,27.93,-77.88,1,0.0461,0,Normal,Normal
2026-03-15 07:08:30,25.448,5.558,12.53,101.43,0.0,0.101,186.61,26.85,-75.24,1,0.0464,0,Normal,Normal
2026-03-15 07:08:40,25.604,5.02,13.43,101.25,0.0,0.0,187.11,28.27,-77.92,1,0.0436,0,Normal,Normal
2026-03-15 07:08:50,25.21,5.367,12.29,101.55,0.0,0.0,192.0,27.91,-69.75,1,0.0486,0,Normal,Normal
2026-03-15 07:09:00,25.117,5.267,12.87,101.59,3.16,0.0,193.74,26.92,-81.32,1,0.0607,0,Normal,Normal
2026-03-15 07:09:10,25.661,5.34,13.86,101.17,0.0,0.557,182.41,27.6,-77.7,1,0.0416,0,Normal,Normal
2026-03-15 07:09:20,25.853,5.712,12.98,101.45,1.77,0.141,193.26,26.91,-76.71,1,0.0567,0,Normal,Normal
2026-03-15 07:09:30,25.496,6.059,12.29,101.12,1.21,0.06,194.84,24.85,-77.3,1,0.0445,0,Normal,Normal
2026-03-15 07:09:40,25.386,4.891,15.26,101.83,0.35,0.294,186.27,30.19,-79.66,1,0.0554,0,Normal,Normal
2026-03-15 07:09:50,25.573,5.546,13.32,101.16,2.12,0.13,188.68,25.57,-74.5,1,0.0572,0,Normal,Normal
2026-03-15 07:10:00,25.547,5.261,12.65,101.22,0.46,0.0,180.91,27.12,-76.42,1,0.0595,0,Normal,Normal
2026-03-15 07:10:10,25.607,5.562,11.77,101.11,0.48,0.377,177.94,25.87,-76.42,1,0.0697,0,Normal,Normal
2026-03-15 07:10:20,24.781,5.539,10.53,101.01,0.0,0.0,180.83,22.67,-80.86,1,0.0745,0,Normal,Normal
2026-03-15 07:10:30,25.223,5.652,12.96,102.11,1.48,0.115,195.77,25.16,-80.28,1,0.0614,0,Normal,Normal
2026-03-15 07:10:40,25.295,5.371,11.17,101.49,1.33,0.0,194.19,24.15,-77.81,1,0.0498,0,Normal,Normal
2026-03-15 07:10:50,25.599,5.077,14.26,101.33,0.0,0.073,205.43,27.85,-82.79,1,0.0407,0,Normal,Normal
2026-03-15 07:11:00,25.615,5.531,13.19,101.11,0.0,0.069,190.32,28.96,-77.7,1,0.0815,0,Normal,Normal
2026-03-15 07:11:10,25.756,5.329,15.43,101.75,0.0,0.589,190.42,29.3,-80.2,1,0.0538,0,Normal,Normal
2026-03-15 07:11:20,25.648,5.241,13.38,101.08,0.0,0.0,192.71,28.04,-76.91,1,0.0515,0,Normal,Normal
2026-03-15 07:11:30,25.187,5.18,11.91,101.35,0.0,0.0,181.47,27.43,-81.58,1,0.0441,0,Normal,Normal
2026-03-15 07:11:40,26.018,5.551,10.14,102.18,1.5,0.29,197.24,25.43,-75.05,1,0.0573,0,Normal,Normal
2026-03-15 07:11:50,25.972,5.7,14.12,100.92,0.0,0.119,193.07,28.12,-79.46,1,0.1187,0,Normal,Normal
2026-03-15 07:12:00,25.22,5.001,10.92,101.52,0.0,0.065,182.43,24.08,-79.32,1,0.046,0,Normal,Normal
2026-03-15 07:12:10,25.705,5.455,12.22,101.42,0.09,0.0,192.99,26.82,-83.14,1,0.0641,0,Normal,Normal
2026-03-15 07:12:20,25.434,5.206,15.3,101.51,1.04,0.0,196.08,28.48,-80.49,1,0.0452,0,Normal,Normal
2026-03-15 07:12:30,25.662,4.933,13.67,101.19,0.0,0.438,179.36,29.84,-83.08,1,0.05,0,Normal,Normal
2026-03-15 07:12:40,25.945,5.336,13.3,101.06,0.0,0.0,198.47,28.34,-86.23,1,0.0436,0,Normal,Normal
2026-03-15 07:12:50,26.276,5.091,14.09,101.39,0.27,0.134,186.41,28.34,-82.36,1,0.0508,0,Normal,Normal
2026-03-15 07:13:00,25.871,4.905,14.0,101.12,1.46,0.0,165.45,28.61,-78.46,1,0.0492,0,Normal,Normal
2026-03-15 07:13:10,25.743,5.104,14.97,100.37,0.0,0.0,197.79,29.19,-82.3,1,0.0406,0,Normal,Normal
2026-03-15 07:13:20,25.562,5.042,11.66,100.97,0.0,0.33,200.76,25.22,-83.16,1,0.0472,0,Normal,Normal
2026-03-15 07:13:30,25.728,5.137,11.97,101.17,0.77,0.179,181.03,26.56,-83.35,1,0.041,0,Normal,Normal
2026-03-15 07:13:40,26.09,4.968,11.11,100.87,0.0,0.81,176.65,24.82,-75.86,1,0.049,0,Normal,Normal
2026-03-15 07:13:50,25.679,5.2,12.42,101.36,0.0,0.0,200.64,28.74,-80.91,1,0.0988,0,Normal,Normal
2026-03-15 07:14:00,25.437,5.121,12.24,101.0,0.0,0.292,185.08,25.41,-87.65,1,0.0452,0,Normal,Normal
2026-03-15 07:14:10,25.227,5.393,9.77,101.28,0.0,0.0,200.78,24.38,-84.65,1,0.0509,0,Normal,Normal
2026-03-15 07:14:20,25.877,5.447,11.4,102.17,0.0,0.059,175.69,24.46,-84.36,1,0.0421,0,Normal,Normal
2026-03-15 07:14:30,25.808,5.364,14.51,101.79,0.0,0.346,201.26,27.56,-85.45,1,0.0425,0,Normal,Normal
2026-03-15 07:14:40,25.551,5.24,12.69,101.54,1.11,0.0,198.61,24.55,-83.23,1,0.0466,0,Normal,Normal
2026-03-15 07:14:50,26.064,5.233,13.37,102.02,1.57,0.0,194.35,27.86,-85.26,1,0.0501,0,Normal,Normal
2026-03-15 07:15:00,25.641,5.089,12.09,101.27,0.82,0.0,173.99,25.45,-85.2,1,0.0581,0,Normal,Normal
2026-03-15 07:15:10,25.739,5.095,9.42,101.28,0.0,0.0,187.13,24.72,-83.31,1,0.0492,0,Normal,Normal
2026-03-15 07:15:20,25.787,5.474,12.03,100.88,0.0,0.141,198.09,26.53,-88.51,1,0.0404,0,Normal,Normal
2026-03-15 07:15:30,25.699,4.858,13.77,101.81,0.04,0.398,176.54,27.95,-90.44,1,0.0447,0,Normal,Normal
2026-03-15 07:15:40,25.887,5.278,10.41,102.08,0.77,0.0,185.86,22.71,-80.36,1,0.0404,0,Normal,Normal
2026-03-15 07:15:50,26.174,5.217,13.29,101.66,0.85,0.079,193.21,27.99,-81.67,1,0.0775,0,Normal,Normal
2026-03-15 07:16:00,25.499,5.448,9.59,101.87,0.0,0.047,180.77,22.8,-83.17,1,0.0404,0,Normal,Normal
2026-03-15 07:16:10,26.002,4.942,12.16,100.21,0.16,0.008,200.45,24.44,-83.44,1,0.0408,0,Normal,Normal
2026-03-15 07:16:20,25.92,5.301,12.93,102.24,0.61,0.0,198.87,27.45,-85.0,1,0.0453,0,Normal,Normal
2026-03-15 07:16:30,25.928,5.383,11.63,101.26,1.81,0.397,191.99,24.12,-75.46,1,0.055,0,Normal,Normal
2026-03-15 07:16:40,26.157,4.821,15.79,102.24,0.92,0.113,193.52,27.28,-84.0,1,0.0466,0,Normal,Normal
2026-03-15 07:16:50,25.925,5.029,11.33,101.99,1.02,0.148,185.73,26.89,-76.82,1,0.041,0,Normal,Normal
2026-03-15 07:17:00,26.068,5.274,11.19,101.61,0.18,0.0,194.78,24.52,-78.51,1,0.0671,0,Normal,Normal
2026-03-15 07:17:10,26.153,5.425,12.36,101.16,1.78,0.0,185.28,24.26,-83.37,1,0.0581,0,Normal,Normal
2026-03-15 07:17:20,25.802,5.342,10.91,101.36,0.59,0.0,188.49,23.75,-85.43,1,0.0476,0,Normal,Normal
2026-03-15 07:17:30,26.058,5.436,9.87,100.54,0.0,0.0,186.13,23.0,-84.8,1,0.0569,0,Normal,Normal
2026-03-15 07:17:40,25.908,5.026,10.38,101.67,1.79,0.0,201.56,25.75,-86.09,1,0.0448,0,Normal,Normal
2026-03-15 07:17:50,25.958,4.898,13.15,100.28,0.96,0.0,199.74,25.16,-83.54,1,0.0513,0,Normal,Normal
2026-03-15 07:18:00,25.917,5.316,11.55,101.18,0.0,0.2,182.07,23.95,-82.92,1,0.0719,0,Normal,Normal
2026-03-15 07:18:10,26.171,4.988,14.56,101.92,0.0,0.0,200.8,29.74,-88.64,1,0.0417,0,Normal,Normal
2026-03-15 07:18:20,26.07,5.078,11.34,101.59,0.5,0.0,183.72,24.8,-77.14,1,0.0681,0,Normal,Normal
2026-03-15 07:18:30,26.18,5.527,13.07,100.69,0.72,0.0,204.94,27.34,-87.34,1,0.0633,0,Normal,Normal
2026-03-15 07:18:40,26.072,5.341,12.77,100.76,0.41,0.0,202.7,26.18,-92.0,1,0.0847,0,Normal,Normal
2026-03-15 07:18:50,25.613,5.151,11.32,101.06,0.56,0.0,207.68,27.74,-85.24,1,0.0508,0,Normal,Normal
2026-03-15 07:19:00,26.12,5.118,10.68,101.33,2.25,0.786,192.49,23.14,-88.44,1,0.0448,0,Normal,Normal
2026-03-15 07:19:10,26.147,5.447,9.41,101.65,1.51,0.399,187.92,23.74,-85.14,1,0.0465,0,Normal,Normal
2026-03-15 07:19:20,26.217,5.344,12.84,101.54,0.47,0.392,187.76,28.64,-84.75,1,0.0553,0,Normal,Normal
2026-03-15 07:19:30,25.984,4.986,13.81,100.88,1.4,0.445,193.2,27.36,-83.61,1,0.0423,0,Normal,Normal
2026-03-15 07:19:40,25.82,4.802,9.63,101.55,0.0,0.0,182.1,22.73,-81.9,1,0.0465,0,Normal,Normal
2026-03-15 07:19:50,26.384,5.759,11.47,101.59,0.79,0.0,170.95,26.39,-87.91,1,0.0594,0,Normal,Normal
2026-03-15 07:20:00,26.132,4.981,11.03,101.5,2.52,0.0,187.05,26.23,-85.94,1,0.0528,0,Normal,Normal
2026-03-15 07:20:10,26.284,5.418,12.87,102.29,0.12,0.518,190.6,25.91,-82.77,1,0.041,0,Normal,Normal
2026-03-15 07:20:20,26.166,5.662,11.56,101.59,0.0,0.0,194.75,27.31,-86.73,1,0.0503,0,Normal,Normal
2026-03-15 07:20:30,26.267,5.32,14.04,101.69,0.0,0.0,193.51,28.11,-90.34,1,0.0511,0,Normal,Normal
2026-03-15 07:20:40,26.152,5.131,11.49,102.05,0.0,0.0,191.49,26.11,-82.79,1,0.0581,0,Normal,Normal
2026-03-15 07:20:50,26.015,4.923,10.23,101.64,0.0,0.0,199.75,26.02,-86.28,1,0.0402,0,Normal,Normal
2026-03-15 07:21:00,26.467,4.918,11.4,101.08,0.15,0.175,183.45,26.32,-86.41,1,0.0484,0,Normal,Normal
2026-03-15 07:21:10,26.162,5.37,11.58,101.8,0.0,0.176,185.1,25.58,-84.08,1,0.0727,0,Normal,Normal
2026-03-15 07:21:20,26.412,5.636,12.92,101.14,0.74,0.0,207.4,26.11,-84.34,1,0.0404,0,Normal,Normal
2026-03-15 07:21:30,26.505,5.172,11.59,100.91,1.87,0.347,165.1,28.84,-81.28,1,0.0567,0,Normal,Normal
2026-03-15 07:21:40,26.225,5.129,12.83,100.94,0.0,0.0,199.58,25.88,-87.93,1,0.0438,0,Normal,Normal
2026-03-15 07:21:50,26.059,5.439,11.0,101.79,2.78,0.075,195.2,25.38,-77.3,1,0.0474,0,Normal,Normal
2026-03-15 07:22:00,27.168,5.089,11.76,101.55,1.66,0.383,190.76,26.38,-88.23,1,0.0723,0,Normal,Normal
2026-03-15 07:22:10,26.302,5.325,11.05,101.72,2.39,0.0,198.01,25.72,-85.05,1,0.0468,0,Normal,Normal
2026-03-15 07:22:20,26.667,5.263,10.98,101.55,0.49,0.0,196.68,27.53,-86.38,1,0.0518,0,Normal,Normal
2026-03-15 07:22:30,27.082,5.145,14.18,101.38,2.43,0.398,179.35,28.24,-83.49,1,0.0414,0,Normal,Normal
2026-03-15 07:22:40,26.757,5.238,11.22,101.43,0.24,0.0,183.34,25.11,-83.49,1,0.0459,0,Normal,Normal
2026-03-15 07:22:50,26.45,5.677,11.8,101.54,2.78,0.097,187.4,27.66,-82.92,1,0.0423,0,Normal,Normal
2026-03-15 07:23:00,26.541,5.38,13.92,101.06,2.1,0.45,174.41,27.75,-82.51,1,0.0524,0,Normal,Normal
2026-03-15 07:23:10,26.332,5.495,13.5,100.78,2.75,1.001,191.45,28.55,-79.24,1,0.0492,0,Normal,Normal
2026-03-15 07:23:20,26.867,4.984,14.87,101.11,0.89,0.524,196.78,29.1,-82.55,1,0.0446,0,Normal,Normal
2026-03-15 07:23:30,26.793,5.479,13.16,101.52,1.47,0.51,201.18,28.27,-78.72,1,0.12,0,Normal,Normal
2026-03-15 07:23:40,26.49,5.354,11.57,101.04,3.52,0.566,192.67,26.44,-87.99,1,0.0425,0,Normal,Normal
2026-03-15 07:23:50,26.353,4.809,15.58,102.15,1.96,0.044,186.26,29.1,-89.14,1,0.0662,0,Normal,Normal
2026-03-15 07:24:00,26.29,5.307,13.4,101.48,3.98,0.504,194.29,25.19,-82.05,1,0.0405,0,Normal,Normal
2026-03-15 07:24:10,27.004,5.03,12.33,101.35,2.13,0.501,192.12,24.32,-81.29,1,0.0681,0,Normal,Normal
2026-03-15 07:24:20,26.765,4.757,12.69,101.06,5.18,0.677,199.32,24.48,-83.71,1,0.0497,0,Normal,Normal
2026-03-15 07:24:30,26.815,5.16,12.9,101.67,3.11,0.663,192.99,26.8,-81.98,1,0.0664,0,Normal,Normal
2026-03-15 07:24:40,26.526,5.245,12.32,100.82,5.73,0.818,200.81,23.49,-78.55,1,0.0606,0,Normal,Normal
2026-03-15 07:24:50,26.355,5.129,10.65,101.43,6.33,0.646,191.97,24.45,-79.59,1,0.0528,0,Normal,Normal
2026-03-15 07:25:00,27.105,5.043,15.19,101.13,5.3,0.851,204.8,29.35,-82.42,1,0.047,0,Normal,Normal
2026-03-15 07:25:10,26.85,4.964,12.76,101.35,7.45,0.484,196.34,27.78,-80.65,1,0.0564,0,Normal,Normal
2026-03-15 07:25:20,27.132,5.639,13.11,101.49,7.72,0.892,190.62,27.71,-78.79,1,0.0668,0,Normal,Normal
2026-03-15 07:25:30,26.766,4.7,15.99,100.84,7.48,1.588,193.26,31.07,-84.57,1,0.0505,0,Normal,Normal
2026-03-15 07:25:40,26.833,5.184,11.89,100.63,7.7,1.318,202.31,26.39,-83.1,1,0.048,0,Normal,Normal
2026-03-15 07:25:50,27.14,4.939,13.94,100.93,7.39,1.312,186.94,27.55,-77.73,1,0.0423,0,Normal,Normal
2026-03-15 07:26:00,27.168,4.688,11.81,101.65,11.06,2.104,196.72,25.69,-85.49,1,0.074,0,Normal,Normal
2026-03-15 07:26:10,27.21,4.853,13.53,101.45,9.72,1.094,207.01,26.51,-83.37,1,0.0447,0,Normal,Normal
2026-03-15 07:26:20,26.905,4.479,13.4,101.14,12.72,1.319,203.33,27.67,-83.54,1,0.042,0,Normal,Normal
2026-03-15 07:26:30,27.201,4.638,14.33,102.09,13.37,2.453,190.77,26.43,-76.94,1,0.041,0,Normal,Normal
2026-03-15 07:26:40,27.371,4.733,15.0,101.81,15.63,2.023,203.29,30.28,-82.74,1,0.0608,0,Normal,Normal
2026-03-15 07:26:50,27.03,4.312,12.37,101.72,15.64,2.082,190.93,25.22,-76.9,1,0.0569,0,Normal,Normal
2026-03-15 07:27:00,26.93,4.78,15.42,101.01,16.84,1.915,204.06,29.6,-80.13,1,0.0419,0,Normal,Normal
2026-03-15 07:27:10,27.51,4.365,15.57,101.71,19.39,2.664,214.54,29.96,-73.52,1,0.0513,0,Normal,Normal
2026-03-15 07:27:20,26.933,4.193,13.02,101.44,20.23,2.876,205.05,28.41,-78.25,1,0.0425,0,Normal,Normal
2026-03-15 07:27:30,27.342,4.236,13.44,101.01,21.55,2.484,196.39,25.42,-75.22,1,0.0473,0,Normal,Normal
2026-03-15 07:27:40,27.158,4.999,12.76,101.26,23.1,3.003,204.91,26.37,-76.82,1,0.0629,0,Normal,Normal
2026-03-15 07:27:50,26.646,3.909,13.1,100.88,22.08,3.121,209.0,27.76,-79.33,1,0.0439,0,Normal,Normal
2026-03-15 07:28:00,27.56,4.46,11.81,101.01,26.21,3.515,217.18,27.91,-77.79,1,0.0404,0,Normal,Normal
2026-03-15 07:28:10,26.417,4.112,14.83,100.84,27.41,3.22,218.11,28.79,-77.51,1,0.0432,0,Normal,Normal
2026-03-15 07:28:20,26.673,4.161,10.65,101.68,26.81,4.234,201.72,23.94,-78.69,1,0.0477,0,Normal,Normal
2026-03-15 07:28:30,27.449,4.35,12.74,101.27,29.07,4.297,208.82,29.17,-74.42,1,0.0441,0,Normal,Normal
2026-03-15 07:28:40,27.472,4.289,13.77,100.92,30.62,4.026,215.51,28.74,-69.32,1,0.0592,0,Normal,Normal
2026-03-15 07:28:50,27.146,3.933,15.85,101.51,31.77,4.248,208.44,31.5,-76.27,1,0.0634,0,Normal,Normal
2026-03-15 07:29:00,27.405,3.718,13.14,101.3,33.54,4.44,218.15,25.69,-74.24,1,0.0441,0,Normal,Normal
2026-03-15 07:29:10,26.624,4.169,14.67,101.72,36.03,4.373,204.23,29.29,-74.57,1,0.0447,0,Normal,Normal
2026-03-15 07:29:20,27.619,4.11,13.96,101.35,36.71,4.641,217.92,26.66,-83.76,1,0.0523,0,Normal,Normal
2026-03-15 07:29:30,27.505,3.861,15.57,100.73,34.89,4.843,224.81,28.0,-74.22,1,0.0609,0,Normal,Normal
2026-03-15 07:29:40,27.44,4.006,14.78,101.1,38.2,5.636,217.74,29.47,-74.14,1,0.088,0,Normal,Normal
2026-03-15 07:29:50,27.483,3.749,15.52,100.84,39.97,5.529,219.39,30.31,-78.98,1,0.0454,0,Normal,Normal
2026-03-15 07:30:00,27.648,3.622,13.52,101.53,39.71,5.641,225.37,26.94,-80.37,1,0.0763,0,Normal,Normal
2026-03-15 07:30:10,27.515,3.799,12.89,101.73,41.36,5.552,215.65,28.61,-73.49,1,0.043,0,Normal,Normal
2026-03-15 07:30:20,26.984,3.9,15.03,100.68,43.2,5.132,224.72,28.58,-69.6,1,0.0406,0,Normal,Normal
2026-03-15 07:30:30,28.229,3.822,13.81,101.25,42.7,5.602,220.0,27.49,-75.41,1,0.0636,0,Normal,Normal
2026-03-15 07:30:40,27.953,3.849,14.66,101.76,42.4,6.041,213.43,28.61,-75.07,1,0.0498,0,Normal,Normal
2026-03-15 07:30:50,27.231,3.509,15.16,100.68,43.93,5.339,228.34,28.87,-66.91,1,0.0412,0,Normal,Normal
2026-03-15 07:31:00,27.536,4.075,16.61,101.13,43.38,6.073,232.71,32.15,-70.92,1,0.0411,0,Normal,Normal
2026-03-15 07:31:10,27.592,3.576,16.0,101.3,43.71,6.728,231.12,28.75,-77.02,1,0.0402,0,Normal,Normal
2026-03-15 07:31:20,28.01,3.616,13.87,101.73,43.69,6.345,229.38,26.97,-75.29,1,0.0455,0,Normal,Normal
2026-03-15 07:31:30,27.061,3.301,13.25,101.52,46.38,6.522,226.54,25.82,-66.38,1,0.0599,0,Normal,Normal
2026-03-15 07:31:40,27.582,3.569,17.6,101.6,43.88,6.152,225.62,33.86,-74.68,1,0.0564,0,Normal,Normal
2026-03-15 07:31:50,27.227,3.739,12.74,101.54,47.03,6.458,222.2,26.35,-74.07,1,0.12,0,Normal,Normal
2026-03-15 07:32:00,27.693,3.785,14.51,101.15,46.08,5.907,217.86,27.58,-70.23,1,0.0535,0,Normal,Normal
2026-03-15 07:32:10,27.66,3.975,16.23,101.96,44.06,6.472,206.82,29.88,-72.81,1,0.0418,0,Normal,Normal
2026-03-15 07:32:20,27.848,3.706,17.79,101.03,46.41,6.455,210.98,32.81,-70.47,1,0.0976,0,Normal,Normal
2026-03-15 07:32:30,27.666,3.637,15.13,100.19,43.66,6.356,223.79,29.92,-70.72,1,0.0577,0,Normal,Normal
2026-03-15 07:32:40,27.645,3.449,15.53,100.58,47.13,6.74,213.6,28.84,-71.8,1,0.047,0,Normal,Normal
2026-03-15 07:32:50,28.079,3.389,14.25,101.25,47.61,6.114,227.25,27.77,-67.52,1,0.0443,0,Normal,Normal
2026-03-15 07:33:00,28.052,3.791,15.83,101.17,45.99,6.258,238.03,28.09,-74.76,1,0.0438,0,Normal,Normal
2026-03-15 07:33:10,28.104,3.782,14.0,101.09,46.98,6.375,198.35,28.16,-70.37,1,0.0869,0,Normal,Normal
2026-03-15 07:33:20,27.908,3.27,14.67,101.36,49.3,5.998,216.46,30.21,-72.25,1,0.0482,0,Normal,Normal
2026-03-15 07:33:30,27.812,3.716,17.03,101.78,46.46,6.453,241.81,30.33,-65.38,1,0.05,0,Normal,Normal
2026-03-15 07:33:40,27.971,3.694,15.31,101.48,45.89,5.785,231.06,30.07,-70.62,1,0.0672,0,Normal,Normal
2026-03-15 07:33:50,28.179,3.25,17.42,101.56,49.03,6.765,223.56,30.72,-64.13,1,0.0898,0,Normal,Normal
2026-03-15 07:34:00,27.398,3.66,15.89,100.87,49.68,6.425,220.26,28.58,-70.97,1,0.0401,0,Normal,Normal
2026-03-15 07:34:10,28.192,3.26,14.15,101.09,47.4,6.236,229.25,28.97,-69.18,1,0.1094,0,Normal,Normal
2026-03-15 07:34:20,28.189,2.913,18.04,101.58,48.68,6.135,232.44,34.86,-66.05,1,0.0412,0,Normal,Normal
2026-03-15 07:34:30,28.137,3.478,14.4,101.34,49.13,6.353,214.49,29.05,-71.99,1,0.0672,0,Normal,Normal
2026-03-15 07:34:40,28.095,3.581,15.55,101.49,46.68,6.682,236.62,29.05,-64.41,1,0.085,0,Normal,Normal
2026-03-15 07:34:50,27.392,3.486,16.24,101.55,47.03,6.639,227.91,29.82,-68.67,1,0.0524,0,Normal,Normal
2026-03-15 07:35:00,28.052,4.23,18.13,101.37,49.13,6.206,232.25,34.42,-67.34,1,0.052,0,Normal,Normal
2026-03-15 07:35:10,28.743,3.606,15.91,101.93,49.71,6.162,232.96,30.28,-66.76,1,0.0566,0,Normal,Normal
2026-03-15 07:35:20,28.231,3.547,15.4,101.09,48.4,6.692,227.29,28.48,-68.45,1,0.0465,0,Normal,Normal
2026-03-15 07:35:30,28.157,3.617,17.12,100.97,46.69,6.213,228.38,31.04,-70.48,1,0.0427,0,Normal,Normal
2026-03-15 07:35:40,28.276,3.398,16.64,100.59,50.16,6.49,228.98,30.9,-67.61,1,0.041,0,Normal,Normal
2026-03-15 07:35:50,28.399,3.74,16.35,101.6,47.16,6.516,222.0,30.91,-73.76,1,0.0719,0,Normal,Normal
2026-03-15 07:36:00,28.511,3.597,17.46,101.07,47.42,6.584,230.05,33.27,-71.5,1,0.0519,0,Normal,Normal
2026-03-15 07:36:10,28.266,3.585,15.41,101.81,48.25,6.778,222.8,30.95,-67.84,1,0.0578,0,Normal,Normal
2026-03-15 07:36:20,28.483,3.35,14.72,101.4,49.72,6.038,224.9,28.96,-62.62,1,0.0461,0,Normal,Normal
2026-03-15 07:36:30,28.88,3.114,20.6,101.16,48.89,5.813,237.41,34.55,-62.57,1,0.0647,0,Normal,Normal
2026-03-15 07:36:40,28.699,3.379,17.64,100.88,48.38,6.285,224.62,32.12,-64.04,1,0.0465,0,Normal,Normal
2026-03-15 07:36:50,29.12,3.575,17.83,101.64,48.45,7.116,228.23,31.1,-71.46,1,0.0405,0,Normal,Normal
2026-03-15 07:37:00,28.242,3.392,16.49,101.28,47.95,7.195,223.53,31.66,-65.81,1,0.0462,0,Normal,Normal
2026-03-15 07:37:10,28.962,3.576,19.1,101.41,48.58,7.129,222.01,32.85,-69.16,1,0.0685,0,Normal,Normal
2026-03-15 07:37:20,28.243,3.445,17.04,101.54,44.88,6.422,240.37,31.63,-66.66,1,0.0713,0,Normal,Normal
2026-03-15 07:37:30,28.606,3.61,13.75,101.41,47.57,5.867,213.23,29.81,-63.48,1,0.0809,0,Normal,Normal
2026-03-15 07:37:40,28.74,3.258,17.17,100.96,48.22,5.671,225.37,31.83,-64.25,1,0.0504,0,Normal,Normal
2026-03-15 07:37:50,28.387,3.55,17.69,101.51,46.56,6.277,215.34,31.96,-62.27,1,0.0871,0,Normal,Normal
2026-03-15 07:38:00,28.586,3.342,17.95,101.63,48.41,6.423,235.0,31.32,-70.24,1,0.0504,0,Normal,Normal
2026-03-15 07:38:10,28.853,3.117,17.99,101.44,47.71,6.949,224.47,31.9,-68.98,1,0.0425,0,Normal,Normal
2026-03-15 07:38:20,28.386,3.46,17.41,101.55,50.06,6.798,221.22,30.05,-61.3,1,0.0505,0,Normal,Normal
2026-03-15 07:38:30,29.119,3.886,17.36,101.59,49.85,6.574,210.29,32.0,-61.16,1,0.0704,0,Normal,Normal
2026-03-15 07:38:40,28.222,3.137,18.12,101.14,47.4,6.184,237.58,29.56,-65.69,1,0.0631,0,Normal,Normal
2026-03-15 07:38:50,29.239,3.531,16.19,101.13,47.79,6.159,214.35,31.35,-65.63,1,0.0485,0,Normal,Normal
2026-03-15 07:39:00,28.976,3.701,15.81,102.19,47.88,6.585,228.87,30.69,-61.97,1,0.0436,0,Normal,Normal
2026-03-15 07:39:10,28.667,4.076,18.99,101.83,47.43,6.74,232.43,33.11,-63.82,1,0.0531,0,Normal,Normal
2026-03-15 07:39:20,28.592,3.378,19.1,101.28,48.21,6.634,242.37,32.47,-63.54,1,0.0802,0,Normal,Normal
2026-03-15 07:39:30,28.579,3.343,20.34,101.57,47.07,6.135,220.57,34.32,-68.07,1,0.0429,0,Normal,Normal
2026-03-15 07:39:40,28.709,3.209,18.73,100.92,46.62,6.725,218.14,30.61,-61.8,1,0.0663,0,Normal,Normal
2026-03-15 07:39:50,28.753,3.786,17.42,101.06,48.73,6.647,221.57,32.41,-65.79,1,0.0424,0,Normal,Normal
2026-03-15 07:40:00,29.162,3.284,16.39,100.8,48.74,6.123,220.28,30.2,-69.33,1,0.0778,0,Normal,Normal
2026-03-15 07:40:10,29.394,3.408,18.06,101.41,47.02,6.223,209.92,33.88,-67.46,1,0.0577,0,Normal,Normal
2026-03-15 07:40:20,28.881,3.038,20.12,101.42,49.06,6.739,238.07,34.59,-66.87,1,0.0417,0,Normal,Normal
2026-03-15 07:40:30,28.585,3.721,21.74,101.73,47.23,6.416,221.65,36.02,-60.62,1,0.0434,0,Normal,Normal
2026-03-15 07:40:40,22.516,3.79,60.27,101.22,48.29,7.055,223.71,67.17,-111.21,0,2.6303,1,Multiple simultaneous abnormalities,Critical
2026-03-15 07:40:50,22.862,3.712,57.14,101.73,48.97,6.674,230.01,59.46,-97.4,1,2.2018,1,Multiple simultaneous abnormalities,Critical
2026-03-15 07:41:00,24.247,3.099,57.52,101.56,47.95,6.328,236.08,62.83,-101.78,0,1.9853,1,Multiple simultaneous abnormalities,Critical
2026-03-15 07:41:10,22.333,3.652,44.05,102.28,48.54,6.495,215.71,55.38,-92.9,0,2.2482,1,Multiple simultaneous abnormalities,Critical
2026-03-15 07:41:20,23.267,3.082,48.91,101.97,47.37,6.521,227.85,63.37,-102.21,0,2.1377,1,Multiple simultaneous abnormalities,Critical
2026-03-15 07:41:30,23.804,3.515,50.1,101.9,47.76,6.244,215.27,60.36,-109.69,1,1.9687,1,Multiple simultaneous abnormalities,Critical
2026-03-15 07:41:40,23.652,3.552,63.93,101.63,47.75,6.18,227.66,67.98,-97.69,0,1.9019,1,Multiple simultaneous abnormalities,Critical
2026-03-15 07:41:50,23.476,3.578,54.66,100.94,47.1,6.745,227.33,60.51,-104.7,0,2.6863,1,Multiple simultaneous abnormalities,Critical
2026-03-15 07:42:00,24.126,3.634,48.65,101.42,47.78,6.795,221.21,63.6,-96.55,0,1.5455,1,Multiple simultaneous abnormalities,Critical
2026-03-15 07:42:10,24.351,3.498,54.02,102.2,46.14,6.711,226.86,60.72,-102.06,0,1.4984,1,Multiple simultaneous abnormalities,Critical
2026-03-15 07:42:20,22.134,3.01,54.84,101.5,47.41,7.03,227.01,54.88,-97.14,0,2.5359,1,Multiple simultaneous abnormalities,Critical
2026-03-15 07:42:30,24.888,3.634,62.38,100.97,47.65,6.31,224.34,69.75,-95.33,1,1.4474,1,Multiple simultaneous abnormalities,Critical
2026-03-15 07:42:40,24.101,3.525,47.05,101.43,47.69,7.085,223.36,63.9,-96.99,0,2.7922,1,Multiple simultaneous abnormalities,Critical
2026-03-15 07:42:50,22.995,3.275,52.61,100.9,47.71,6.184,214.08,59.95,-99.4,1,1.7283,1,Multiple simultaneous abnormalities,Critical
2026-03-15 07:43:00,22.923,3.108,53.8,100.96,47.92,6.145,216.27,72.82,-105.4,0,2.6206,1,Multiple simultaneous abnormalities,Critical
2026-03-15 07:43:10,23.015,3.885,53.74,101.47,48.57,5.884,220.08,70.63,-104.88,0,2.2755,1,Multiple simultaneous abnormalities,Critical
2026-03-15 07:43:20,22.947,3.808,51.39,101.6,49.05,6.343,216.93,68.24,-95.88,0,2.5827,1,Multiple simultaneous abnormalities,Critical
2026-03-15 07:43:30,21.578,3.677,50.92,100.98,47.22,6.323,220.41,62.82,-109.47,0,1.9254,1,Multiple simultaneous abnormalities,Critical
2026-03-15 07:43:40,23.64,3.331,52.49,101.08,46.55,6.684,224.39,62.2,-105.68,0,1.6089,1,Multiple simultaneous abnormalities,Critical
2026-03-15 07:43:50,23.211,2.871,48.81,100.73,46.75,6.585,225.7,54.21,-94.37,1,2.79,1,Multiple simultaneous abnormalities,Critical
2026-03-15 07:44:00,25.409,3.691,59.53,101.25,47.41,6.082,229.49,60.92,-96.09,0,2.502,1,Multiple simultaneous abnormalities,Critical
2026-03-15 07:44:10,23.964,3.592,50.4,100.52,47.58,6.362,226.25,60.6,-110.72,0,1.5368,1,Multiple simultaneous abnormalities,Critical
2026-03-15 07:44:20,24.173,3.406,62.0,101.18,47.07,6.37,225.95,68.34,-97.99,1,1.9697,1,Multiple simultaneous abnormalities,Critical
2026-03-15 07:44:30,24.204,3.781,54.05,101.33,46.44,5.878,229.29,68.09,-97.44,0,1.7841,1,Multiple simultaneous abnormalities,Critical
2026-03-15 07:44:40,23.709,3.712,52.87,100.6,47.45,6.156,217.66,67.64,-96.63,0,1.5303,1,Multiple simultaneous abnormalities,Critical
2026-03-15 07:44:50,23.793,3.544,56.36,100.9,48.22,6.23,218.33,53.14,-108.77,0,2.1951,1,Multiple simultaneous abnormalities,Critical
2026-03-15 07:45:00,22.374,3.509,48.13,101.28,48.71,7.002,222.01,64.53,-98.95,1,2.4639,1,Multiple simultaneous abnormalities,Critical
2026-03-15 07:45:10,23.072,3.513,61.41,101.22,47.33,6.567,219.42,65.85,-103.28,0,1.6277,1,Multiple simultaneous abnormalities,Critical
2026-03-15 07:45:20,22.59,3.67,49.84,101.24,47.5,6.732,210.97,61.98,-98.92,0,2.1328,1,Multiple simultaneous abnormalities,Critical
2026-03-15 07:45:30,23.353,3.286,49.46,101.42,46.89,5.975,229.61,65.37,-114.17,1,1.5769,1,Multiple simultaneous abnormalities,Critical
2026-03-15 07:45:40,22.987,3.607,63.35,100.63,47.96,6.918,217.01,61.18,-115.43,1,2.3186,1,Multiple simultaneous abnormalities,Critical
2026-03-15 07:45:50,25.057,3.27,56.58,101.58,46.98,6.955,239.49,67.08,-107.0,0,2.3671,1,Multiple simultaneous abnormalities,Critical
2026-03-15 07:46:00,25.151,3.834,54.53,101.17,48.69,5.8,226.32,72.65,-101.36,0,2.1031,1,Multiple simultaneous abnormalities,Critical
2026-03-15 07:46:10,22.881,3.633,54.47,101.06,45.86,6.253,212.99,69.65,-98.55,0,2.3048,1,Multiple simultaneous abnormalities,Critical
2026-03-15 07:46:20,22.081,3.328,56.96,100.55,47.57,6.673,230.33,65.69,-107.62,0,2.3949,1,Multiple simultaneous abnormalities,Critical
2026-03-15 07:46:30,29.336,3.52,22.76,101.19,48.36,6.725,225.27,38.42,-64.68,1,0.0561,0,Normal,Normal
2026-03-15 07:46:40,29.417,3.287,22.81,101.5,48.22,6.262,227.33,37.4,-66.31,1,0.0761,0,Normal,Normal
2026-03-15 07:46:50,29.349,3.876,24.58,101.36,51.23,6.393,221.02,37.54,-61.19,1,0.0469,0,Normal,Normal
2026-03-15 07:47:00,29.047,3.906,23.57,101.37,48.42,6.291,217.55,35.6,-65.64,1,0.0665,0,Normal,Normal
2026-03-15 07:47:10,29.37,3.674,24.18,101.16,46.79,6.539,213.31,38.63,-70.02,1,0.0544,0,Normal,Normal
2026-03-15 07:47:20,28.971,3.889,22.26,101.28,47.88,6.919,214.74,35.78,-72.45,1,0.0667,0,Normal,Normal
2026-03-15 07:47:30,29.342,3.538,20.5,100.86,45.87,6.23,214.05,36.05,-67.92,1,0.0459,0,Normal,Normal
2026-03-15 07:47:40,29.878,3.691,24.4,101.3,47.9,6.85,222.14,37.83,-71.84,1,0.0774,0,Normal,Normal
2026-03-15 07:47:50,29.642,3.806,25.2,101.1,47.0,6.226,224.59,39.18,-71.14,1,0.0787,0,Normal,Normal
2026-03-15 07:48:00,29.125,3.499,23.3,100.85,49.1,6.203,212.62,35.9,-72.02,1,0.0497,0,Normal,Normal
2026-03-15 07:48:10,29.387,3.518,25.05,101.6,47.34,6.786,232.22,38.63,-71.06,1,0.0477,0,Normal,Normal
2026-03-15 07:48:20,29.166,3.733,23.29,100.67,47.86,6.823,226.13,36.16,-65.14,1,0.0528,0,Normal,Normal
2026-03-15 07:48:30,29.404,3.662,23.74,101.51,47.24,6.798,244.42,36.72,-72.6,1,0.0434,0,Normal,Normal
2026-03-15 07:48:40,29.741,3.311,26.59,101.53,50.09,6.039,221.76,40.52,-71.17,1,0.0503,0,Normal,Normal
2026-03-15 07:48:50,29.631,2.953,23.6,101.09,47.61,6.337,242.86,36.87,-74.39,1,0.0741,0,Normal,Normal
2026-03-15 07:49:00,30.186,3.456,23.59,101.71,50.2,6.788,230.97,40.75,-75.42,1,0.0468,0,Normal,Normal
2026-03-15 07:49:10,29.804,10.514,21.39,101.08,48.98,6.514,397.83,47.52,-71.35,1,0.06,1,Current surge,Critical
2026-03-15 07:49:20,29.513,12.319,25.31,101.06,48.58,6.124,386.05,49.69,-70.1,1,0.0546,1,Current surge,Critical
2026-03-15 07:49:30,29.659,10.609,23.29,100.82,48.44,6.66,342.51,50.48,-74.38,1,0.0445,1,Current surge,Critical
2026-03-15 07:49:40,29.4,12.498,24.66,101.3,48.47,6.25,371.22,47.41,-75.7,1,0.0514,1,Current surge,Critical
2026-03-15 07:49:50,29.127,14.092,24.04,100.92,45.69,7.128,402.85,46.45,-76.98,1,0.0687,1,Current surge,Critical
2026-03-15 07:50:00,29.861,13.707,23.92,100.98,47.66,7.041,347.3,53.61,-71.14,1,0.0521,1,Current surge,Critical
2026-03-15 07:50:10,29.776,13.319,24.49,101.27,49.01,6.711,398.94,50.14,-68.99,1,0.0579,1,Current surge,Critical
2026-03-15 07:50:20,29.405,13.955,24.68,101.29,47.94,6.976,361.95,48.06,-76.31,1,0.0624,1,Current surge,Critical
2026-03-15 07:50:30,29.563,12.614,26.58,101.8,46.31,6.523,402.74,51.49,-74.19,1,0.0408,1,Current surge,Critical
2026-03-15 07:50:40,29.856,12.451,27.17,101.67,47.94,6.768,416.7,56.52,-69.22,1,0.0408,1,Current surge,Critical
2026-03-15 07:50:50,29.74,13.099,25.94,101.52,50.04,7.017,374.22,55.44,-73.33,1,0.0418,1,Current surge,Critical
2026-03-15 07:51:00,29.05,13.449,26.94,101.24,49.5,6.586,373.46,53.89,-73.22,1,0.0427,1,Current surge,Critical
2026-03-15 07:51:10,29.564,12.716,26.39,101.14,47.93,6.411,330.53,49.97,-72.01,1,0.065,1,Current surge,Critical
2026-03-15 07:51:20,29.443,10.569,25.92,101.29,49.14,5.903,357.93,51.64,-74.71,1,0.0486,1,Current surge,Critical
2026-03-15 07:51:30,29.829,10.738,27.43,101.08,47.56,6.471,388.74,50.95,-75.94,1,0.0431,1,Current surge,Critical
2026-03-15 07:51:40,29.806,11.364,23.36,101.02,45.95,6.788,336.38,53.74,-72.92,1,0.0514,1,Current surge,Critical
2026-03-15 07:51:50,29.893,12.768,24.36,101.27,46.89,6.831,344.72,52.61,-78.21,1,0.0616,1,Current surge,Critical
2026-03-15 07:52:00,29.163,12.866,24.22,100.95,49.87,6.676,384.83,48.64,-79.14,1,0.0423,1,Current surge,Critical
2026-03-15 07:52:10,29.264,11.004,25.07,100.97,47.67,6.31,395.89,48.53,-76.61,1,0.0463,1,Current surge,Critical
2026-03-15 07:52:20,29.834,13.534,26.62,101.68,47.71,5.808,419.3,48.77,-72.63,1,0.0432,1,Current surge,Critical
2026-03-15 07:52:30,29.323,3.675,23.98,100.75,47.64,6.327,217.94,36.77,-71.51,1,0.0556,0,Normal,Normal
2026-03-15 07:52:40,29.043,3.41,26.48,100.88,50.28,6.393,232.56,40.97,-76.66,1,0.0422,0,Normal,Normal
2026-03-15 07:52:50,29.659,3.538,24.91,101.81,49.95,6.39,227.47,38.69,-72.97,1,0.0628,0,Normal,Normal
2026-03-15 07:53:00,29.335,3.503,25.33,101.14,50.66,6.716,222.48,39.62,-71.55,1,0.0435,0,Normal,Normal
2026-03-15 07:53:10,30.035,3.497,26.21,101.85,47.81,7.195,237.73,41.68,-75.82,1,0.0409,0,Normal,Normal
2026-03-15 07:53:20,29.585,3.332,28.5,100.83,48.35,6.543,227.44,41.71,-74.25,1,0.0763,0,Normal,Normal
2026-03-15 07:53:30,29.543,3.189,24.97,101.33,46.18,6.424,239.22,39.08,-70.79,1,0.0461,0,Normal,Normal
2026-03-15 07:53:40,29.383,3.416,25.98,101.61,49.77,6.409,229.53,38.37,-78.74,1,0.0505,0,Normal,Normal
2026-03-15 07:53:50,29.969,3.402,24.54,100.94,46.6,6.543,230.21,39.94,-77.58,1,0.0416,0,Normal,Normal
2026-03-15 07:54:00,29.597,3.316,25.13,101.97,48.26,6.21,216.39,40.45,-72.28,1,0.0498,0,Normal,Normal
2026-03-15 07:54:10,29.364,3.713,24.64,101.14,46.68,6.542,220.54,39.08,-80.13,1,0.0438,0,Normal,Normal
2026-03-15 07:54:20,29.245,3.207,26.7,101.5,47.29,6.658,236.66,40.84,-77.07,1,0.0675,0,Normal,Normal
2026-03-15 07:54:30,29.458,3.457,27.03,101.03,46.99,6.573,234.3,40.42,-79.64,1,0.0588,0,Normal,Normal
2026-03-15 07:54:40,29.184,3.792,27.48,101.9,47.27,6.66,222.13,39.8,-73.89,1,0.0563,0,Normal,Normal
2026-03-15 07:54:50,29.782,3.727,25.37,101.42,47.35,6.652,214.18,39.74,-81.76,1,0.0628,0,Normal,Normal
2026-03-15 07:55:00,28.927,3.804,27.32,102.14,47.34,5.88,238.28,42.22,-78.62,1,0.0452,0,Normal,Normal
2026-03-15 07:55:10,29.424,3.352,26.78,101.77,49.0,6.723,233.53,43.2,-81.78,1,0.0491,0,Normal,Normal
2026-03-15 07:55:20,29.644,3.696,26.57,101.63,46.67,6.265,215.84,40.1,-83.25,1,0.0414,0,Normal,Normal
2026-03-15 07:55:30,29.559,3.234,24.85,100.92,48.26,6.116,215.84,39.17,-84.76,1,0.0411,0,Normal,Normal
2026-03-15 07:55:40,29.236,3.431,26.99,101.33,49.46,6.113,239.67,42.33,-79.77,1,0.046,0,Normal,Normal
2026-03-15 07:55:50,29.644,3.455,27.09,101.17,47.38,6.652,220.94,42.46,-78.04,1,0.066,0,Normal,Normal
2026-03-15 07:56:00,29.175,3.356,27.01,101.31,47.14,6.422,221.08,40.26,-79.64,1,0.0537,0,Normal,Normal
2026-03-15 07:56:10,29.428,3.41,27.5,101.36,47.72,5.911,219.56,41.17,-79.2,1,0.0483,0,Normal,Normal
2026-03-15 07:56:20,29.624,3.377,27.99,100.94,49.41,6.667,227.84,41.36,-81.4,1,0.0912,0,Normal,Normal
2026-03-15 07:56:30,29.561,3.254,25.35,101.24,48.23,5.996,213.8,38.27,-77.35,1,0.0488,0,Normal,Normal
2026-03-15 07:56:40,29.213,3.714,26.72,101.26,47.36,6.549,226.9,42.48,-78.31,1,0.0495,0,Normal,Normal
2026-03-15 07:56:50,29.768,3.454,27.86,100.9,48.58,6.583,213.75,41.93,-80.31,1,0.1135,0,Normal,Normal
2026-03-15 07:57:00,29.428,3.55,26.73,101.62,46.68,6.81,213.8,40.64,-80.26,1,0.0421,0,Normal,Normal
2026-03-15 07:57:10,29.618,3.541,28.61,101.39,48.82,7.123,214.07,42.91,-82.46,1,0.0444,0,Normal,Normal
2026-03-15 07:57:20,20.935,8.24,27.35,101.63,48.49,6.022,279.43,41.41,-75.41,1,0.0491,1,Battery voltage drop,Critical
2026-03-15 07:57:30,21.968,8.94,24.32,101.49,47.63,6.482,308.35,38.05,-79.0,1,0.0527,1,Battery voltage drop,Critical
2026-03-15 07:57:40,21.542,8.785,28.55,100.61,46.99,6.403,286.47,41.63,-81.91,1,0.0424,1,Battery voltage drop,Critical
2026-03-15 07:57:50,22.522,8.806,27.15,100.97,46.94,6.652,285.9,43.03,-82.3,1,0.046,1,Battery voltage drop,Critical
2026-03-15 07:58:00,20.542,7.545,24.71,101.96,48.64,6.575,298.21,38.03,-83.12,1,0.0437,1,Battery voltage drop,Critical
2026-03-15 07:58:10,21.461,8.573,27.02,101.61,49.47,6.376,312.04,39.9,-83.01,1,0.0684,1,Battery voltage drop,Critical
2026-03-15 07:58:20,20.553,7.781,25.53,100.65,47.23,6.346,271.79,39.44,-81.53,1,0.067,1,Battery voltage drop,Critical
2026-03-15 07:58:30,20.91,8.873,28.6,101.49,48.55,6.109,269.66,45.19,-87.55,1,0.0441,1,Battery voltage drop,Critical
2026-03-15 07:58:40,22.071,8.327,27.45,100.97,45.49,6.846,297.36,40.46,-83.33,1,0.0486,1,Battery voltage drop,Critical
2026-03-15 07:58:50,20.598,7.81,26.15,100.46,47.3,6.661,267.43,41.0,-83.13,1,0.0558,1,Battery voltage drop,Critical
2026-03-15 07:59:00,20.26,7.282,28.78,101.96,47.96,6.821,305.27,42.48,-82.91,1,0.0407,1,Battery voltage drop,Critical
2026-03-15 07:59:10,21.012,7.803,28.28,101.33,46.91,6.391,307.07,42.58,-82.5,1,0.0723,1,Battery voltage drop,Critical
2026-03-15 07:59:20,20.267,7.835,27.27,101.39,46.87,6.27,261.91,42.38,-83.06,1,0.0507,1,Battery voltage drop,Critical
2026-03-15 07:59:30,21.889,8.172,25.78,100.8,47.2,6.122,287.13,37.72,-82.08,1,0.0439,1,Battery voltage drop,Critical
2026-03-15 07:59:40,21.949,7.628,26.41,100.84,48.35,6.625,296.67,39.34,-83.82,1,0.0476,1,Battery voltage drop,Critical
2026-03-15 07:59:50,22.541,7.125,26.42,100.66,47.77,6.136,293.42,41.51,-80.58,1,0.0748,1,Battery voltage drop,Critical
2026-03-15 08:00:00,21.61,8.3,28.85,101.87,45.31,7.147,284.61,42.96,-81.69,1,0.0404,1,Battery voltage drop,Critical
2026-03-15 08:00:10,19.897,7.84,25.23,100.64,45.45,6.042,290.2,39.48,-77.04,1,0.0423,1,Battery voltage drop,Critical
2026-03-15 08:00:20,21.496,7.012,27.7,101.95,47.27,6.595,263.6,42.56,-81.78,1,0.0432,1,Battery voltage drop,Critical
2026-03-15 08:00:30,21.015,7.455,27.42,100.91,48.55,7.048,310.05,40.35,-86.22,1,0.0409,1,Battery voltage drop,Critical
2026-03-15 08:00:40,20.868,7.256,29.37,100.81,44.7,6.709,295.22,44.63,-84.56,1,0.0438,1,Battery voltage drop,Critical
2026-03-15 08:00:50,22.616,8.591,28.18,101.28,47.4,6.561,301.86,43.17,-85.7,1,0.0655,1,Battery voltage drop,Critical
2026-03-15 08:01:00,21.406,8.96,28.66,101.03,47.37,6.161,275.62,42.94,-84.25,1,0.0512,1,Battery voltage drop,Critical
2026-03-15 08:01:10,20.821,8.04,27.08,101.34,49.66,6.016,292.5,41.64,-81.06,1,0.0539,1,Battery voltage drop,Critical
2026-03-15 08:01:20,21.079,8.259,26.04,100.95,47.53,6.769,291.99,41.44,-85.41,1,0.0425,1,Battery voltage drop,Critical
2026-03-15 08:01:30,20.301,8.625,27.41,101.17,48.46,7.027,271.5,40.7,-86.22,1,0.0449,1,Battery voltage drop,Critical
2026-03-15 08:01:40,22.704,7.463,29.08,101.0,48.17,6.346,280.0,43.87,-83.03,1,0.0774,1,Battery voltage drop,Critical
2026-03-15 08:01:50,21.828,7.016,29.09,101.64,45.44,6.101,307.75,45.18,-87.09,1,0.0435,1,Battery voltage drop,Critical
2026-03-15 08:02:00,20.811,7.878,27.29,101.51,48.92,5.639,262.47,42.06,-87.33,1,0.0756,1,Battery voltage drop,Critical
2026-03-15 08:02:10,21.59,8.031,26.66,101.4,48.25,6.156,298.43,40.39,-83.61,1,0.0563,1,Battery voltage drop,Critical
2026-03-15 08:02:20,28.988,2.98,26.38,101.72,48.61,6.46,221.86,43.16,-90.18,1,0.0505,0,Normal,Normal
2026-03-15 08:02:30,29.26,3.668,27.76,101.41,52.71,7.059,229.71,42.04,-86.3,1,0.0429,0,Normal,Normal
2026-03-15 08:02:40,29.544,3.638,28.18,101.37,45.49,6.735,239.1,43.86,-82.32,1,0.0568,0,Normal,Normal
2026-03-15 08:02:50,28.831,3.802,30.19,101.25,50.06,6.606,230.28,43.69,-90.42,1,0.0726,0,Normal,Normal
2026-03-15 08:03:00,28.651,3.236,28.17,101.01,47.65,6.359,236.33,43.46,-90.23,1,0.0426,0,Normal,Normal
2026-03-15 08:03:10,29.435,3.687,28.91,101.01,48.34,6.295,222.02,42.26,-89.27,1,0.0401,0,Normal,Normal
2026-03-15 08:03:20,28.419,3.514,26.83,101.36,47.94,6.991,225.76,41.21,-92.0,1,0.0602,0,Normal,Normal
2026-03-15 08:03:30,28.636,7.963,28.06,101.71,47.48,6.569,278.53,41.33,-79.3,1,0.0538,1,Current surge,Warning
2026-03-15 08:03:40,28.848,8.086,28.21,101.53,47.31,5.763,265.14,44.49,-84.64,1,0.0505,1,Current surge,Warning
2026-03-15 08:03:50,28.438,8.262,27.79,101.53,48.39,6.263,316.85,41.52,-87.01,1,0.0491,1,Current surge,Warning
2026-03-15 08:04:00,29.223,7.45,27.97,100.86,46.17,6.198,317.06,40.64,-88.86,1,0.0503,1,Current surge,Warning
2026-03-15 08:04:10,29.13,8.208,28.19,101.51,48.89,6.307,295.37,42.3,-78.38,1,0.047,1,Current surge,Warning
2026-03-15 08:04:20,28.683,8.186,28.71,101.14,47.49,6.695,289.93,43.36,-83.0,1,0.0413,1,Current surge,Warning
2026-03-15 08:04:30,29.222,7.538,29.74,101.37,46.63,6.461,299.78,43.71,-85.33,1,0.0624,1,Current surge,Warning
2026-03-15 08:04:40,29.256,7.507,24.59,101.52,47.45,6.471,277.71,37.61,-81.26,1,0.0495,1,Current surge,Warning
2026-03-15 08:04:50,28.769,6.787,29.65,100.84,49.49,6.958,304.41,44.89,-83.72,1,0.0661,1,Current surge,Warning
2026-03-15 08:05:00,28.65,7.275,25.4,101.36,47.34,6.254,314.15,40.91,-86.35,1,0.1004,1,Current surge,Warning
2026-03-15 08:05:10,29.446,8.066,28.42,101.39,48.41,7.15,303.83,40.45,-86.62,1,0.0428,1,Current surge,Warning
2026-03-15 08:05:20,28.966,8.533,31.48,101.7,47.1,6.262,292.12,44.43,-86.53,1,0.0637,1,Current surge,Warning
2026-03-15 08:05:30,28.808,7.205,27.88,101.09,48.89,6.528,298.01,41.69,-87.75,1,0.0969,1,Current surge,Warning
2026-03-15 08:05:40,29.122,8.427,28.2,101.28,48.8,6.398,290.63,41.56,-81.31,1,0.0593,1,Current surge,Warning
2026-03-15 08:05:50,28.785,7.535,27.45,101.37,50.19,6.54,282.13,42.08,-86.13,1,0.0442,1,Current surge,Warning
2026-03-15 08:06:00,28.524,3.985,28.9,101.09,47.76,6.652,241.66,45.11,-80.45,1,0.074,0,Normal,Normal
2026-03-15 08:06:10,28.681,3.115,28.43,101.09,48.77,6.647,214.07,41.97,-86.92,1,0.0636,0,Normal,Normal
2026-03-15 08:06:20,28.949,3.844,26.86,101.07,48.08,6.232,222.34,42.75,-86.15,1,0.0489,0,Normal,Normal
2026-03-15 08:06:30,28.021,3.076,27.68,101.25,49.52,6.102,232.87,39.92,-85.63,1,0.0527,0,Normal,Normal
2026-03-15 08:06:40,28.513,3.17,26.16,102.0,47.09,7.37,234.19,40.7,-86.88,1,0.0592,0,Normal,Normal
2026-03-15 08:06:50,28.994,3.083,27.64,101.26,48.85,6.324,213.02,40.92,-85.85,1,0.042,0,Normal,Normal
2026-03-15 08:07:00,28.406,3.565,27.17,101.5,47.71,6.737,222.69,41.74,-82.34,1,0.0793,0,Normal,Normal
2026-03-15 08:07:10,29.004,3.209,27.98,101.31,47.86,5.929,230.92,39.87,-80.28,1,0.1057,0,Normal,Normal
2026-03-15 08:07:20,28.945,3.165,26.69,101.18,48.04,6.393,236.74,39.14,-82.88,1,0.046,0,Normal,Normal
2026-03-15 08:07:30,28.48,3.553,27.41,101.29,48.23,6.446,236.06,41.98,-87.23,1,0.0588,0,Normal,Normal
2026-03-15 08:07:40,28.309,3.616,27.72,101.61,47.78,6.655,230.55,40.96,-85.34,1,0.0482,0,Normal,Normal
2026-03-15 08:07:50,28.373,3.513,27.79,101.28,48.17,5.535,225.65,41.41,-85.15,1,0.0404,0,Normal,Normal
2026-03-15 08:08:00,29.238,3.463,28.06,101.24,49.8,6.545,223.49,44.27,-78.19,1,0.0878,0,Normal,Normal
2026-03-15 08:08:10,28.981,3.961,27.36,101.21,49.07,6.083,228.91,41.53,-80.2,1,0.0423,0,Normal,Normal
2026-03-15 08:08:20,28.435,3.541,26.41,100.9,48.92,6.597,236.38,41.5,-79.38,1,0.0412,0,Normal,Normal
2026-03-15 08:08:30,28.194,3.706,27.69,101.72,47.32,6.119,223.19,40.78,-85.01,1,0.0672,0,Normal,Normal
2026-03-15 08:08:40,28.391,3.541,27.27,101.12,46.78,6.181,222.71,39.66,-104.89,1,0.0405,1,Communication signal drop,Warning
2026-03-15 08:08:50,28.408,3.232,29.04,101.89,48.98,6.382,234.04,42.94,-106.65,1,0.0575,1,Communication signal drop,Warning
2026-03-15 08:09:00,27.94,3.644,29.19,101.4,48.87,6.107,233.36,41.41,-103.88,1,0.0799,1,Communication signal drop,Warning
2026-03-15 08:09:10,28.316,3.344,25.38,101.86,49.56,6.306,220.85,38.54,-108.57,1,0.0478,1,Communication signal drop,Warning
2026-03-15 08:09:20,28.667,3.486,28.33,101.22,47.05,6.052,214.29,42.61,-107.22,1,0.0411,1,Communication signal drop,Warning
2026-03-15 08:09:30,27.709,3.586,28.59,101.01,47.47,5.824,211.11,42.46,-108.82,1,0.0437,1,Communication signal drop,Warning
2026-03-15 08:09:40,28.476,3.025,25.31,101.72,45.75,6.818,225.84,39.71,-103.73,1,0.0844,1,Communication signal drop,Warning
2026-03-15 08:09:50,28.618,3.109,28.16,101.08,47.22,6.004,215.94,42.88,-108.69,1,0.0494,1,Communication signal drop,Warning
2026-03-15 08:10:00,28.016,3.74,28.59,101.81,48.85,6.39,231.92,41.16,-107.08,1,0.0517,1,Communication signal drop,Warning
2026-03-15 08:10:10,28.67,3.349,25.79,101.53,47.05,6.711,210.98,38.66,-105.4,1,0.0425,1,Communication signal drop,Warning
2026-03-15 08:10:20,27.933,3.362,26.82,101.89,48.34,6.226,237.59,38.2,-94.94,1,0.0775,1,Communication signal drop,Warning
2026-03-15 08:10:30,28.25,3.56,27.41,100.91,47.29,6.146,221.95,40.96,-101.78,1,0.0509,1,Communication signal drop,Warning
2026-03-15 08:10:40,28.004,3.424,27.94,101.68,47.85,6.506,218.22,42.83,-98.09,1,0.0513,1,Communication signal drop,Warning
2026-03-15 08:10:50,27.982,3.627,25.56,101.0,46.02,6.81,220.23,41.35,-96.17,1,0.0529,1,Communication signal drop,Warning
2026-03-15 08:11:00,27.866,3.512,28.73,100.34,47.43,6.0,217.59,42.96,-101.05,1,0.0619,1,Communication signal drop,Warning
2026-03-15 08:11:10,28.238,3.578,23.91,101.66,43.66,6.346,236.57,39.56,-102.97,1,0.0434,1,Communication signal drop,Warning
2026-03-15 08:11:20,28.261,3.356,28.89,101.3,46.94,5.78,229.76,43.35,-97.64,1,0.0828,1,Communication signal drop,Warning
2026-03-15 08:11:30,27.965,3.583,27.68,101.68,45.11,6.236,225.09,41.81,-99.08,1,0.0429,1,Communication signal drop,Warning
2026-03-15 08:11:40,27.553,3.815,25.88,101.34,48.4,6.371,214.62,39.14,-109.78,1,0.0433,1,Communication signal drop,Warning
2026-03-15 08:11:50,28.06,3.402,28.06,101.31,47.77,6.043,223.71,39.19,-101.95,1,0.0402,1,Communication signal drop,Warning
2026-03-15 08:12:00,28.042,3.778,25.14,101.9,47.26,6.164,217.89,40.61,-81.82,1,0.0403,0,Normal,Normal
2026-03-15 08:12:10,27.828,3.542,26.83,101.35,48.37,5.81,202.89,40.77,-74.26,1,0.0484,0,Normal,Normal
2026-03-15 08:12:20,28.43,3.745,26.96,101.11,45.24,6.307,218.27,42.63,-78.13,1,0.043,0,Normal,Normal
2026-03-15 08:12:30,27.378,3.6,26.91,101.26,48.28,6.624,228.52,39.77,-82.38,1,0.0436,0,Normal,Normal
2026-03-15 08:12:40,27.159,3.568,25.24,101.36,47.09,5.842,220.11,42.15,-75.55,1,0.1063,0,Normal,Normal
2026-03-15 08:12:50,27.582,3.672,25.7,100.16,45.45,5.976,222.19,39.4,-74.01,1,0.0797,0,Normal,Normal
2026-03-15 08:13:00,27.991,3.898,26.58,101.5,46.84,6.334,231.49,39.75,-78.97,1,0.0458,0,Normal,Normal
2026-03-15 08:13:10,27.439,3.665,25.24,101.84,43.86,6.543,229.84,38.99,-78.87,1,0.0463,0,Normal,Normal
2026-03-15 08:13:20,27.438,3.737,26.68,101.28,43.88,5.553,238.4,40.89,-76.7,1,0.0452,0,Normal,Normal
2026-03-15 08:13:30,27.994,3.539,25.3,101.13,43.78,5.968,204.91,39.21,-82.51,1,0.0721,0,Normal,Normal
2026-03-15 08:13:40,27.825,4.038,27.66,101.46,43.48,6.073,215.43,41.04,-74.72,1,0.0416,0,Normal,Normal
2026-03-15 08:13:50,27.776,3.822,28.44,102.0,42.41,5.879,229.11,40.28,-71.55,1,0.0532,0,Normal,Normal
2026-03-15 08:14:00,27.874,3.699,25.59,101.49,44.67,4.983,224.95,38.63,-78.34,1,0.0431,0,Normal,Normal
2026-03-15 08:14:10,27.489,3.669,27.36,101.39,42.37,5.954,221.91,42.65,-70.63,1,0.0613,0,Normal,Normal
2026-03-15 08:14:20,27.479,3.966,25.6,101.14,42.52,6.233,215.86,38.54,-72.95,1,0.055,0,Normal,Normal
2026-03-15 08:14:30,27.813,3.593,24.45,100.87,40.79,5.657,222.05,36.39,-75.93,1,0.0474,0,Normal,Normal
2026-03-15 08:14:40,27.143,3.325,25.15,101.31,38.6,5.163,221.09,37.88,-73.56,1,0.0415,0,Normal,Normal
2026-03-15 08:14:50,26.88,3.816,25.85,101.32,40.37,5.243,204.38,39.74,-70.44,1,0.0619,0,Normal,Normal
2026-03-15 08:15:00,27.37,4.126,22.98,100.53,36.95,5.934,220.32,36.07,-74.57,1,0.0412,0,Normal,Normal
2026-03-15 08:15:10,27.756,4.259,26.53,101.01,38.3,5.516,213.85,40.19,-73.59,1,0.0448,0,Normal,Normal
2026-03-15 08:15:20,27.53,3.869,25.65,101.76,35.81,5.296,224.04,38.69,-76.14,1,0.0444,0,Normal,Normal
2026-03-15 08:15:30,27.687,3.943,26.96,101.2,38.85,5.063,219.35,42.17,-74.66,1,0.053,0,Normal,Normal
2026-03-15 08:15:40,26.802,4.102,26.3,100.32,36.51,4.565,231.47,40.89,-71.97,1,0.0508,0,Normal,Normal
2026-03-15 08:15:50,27.478,3.947,25.5,101.94,34.43,4.576,215.02,42.16,-74.38,1,0.0449,0,Normal,Normal
2026-03-15 08:16:00,27.557,4.186,24.71,100.94,34.66,4.461,205.44,38.26,-75.12,1,0.0484,0,Normal,Normal
2026-03-15 08:16:10,26.932,4.081,27.46,101.11,30.91,4.516,193.37,41.12,-69.93,1,0.0486,0,Normal,Normal
2026-03-15 08:16:20,27.573,4.403,28.36,101.72,31.32,4.681,204.85,43.78,-71.7,1,0.0528,0,Normal,Normal
2026-03-15 08:16:30,27.257,4.38,24.53,101.0,29.6,4.368,214.43,39.0,-74.36,1,0.0743,0,Normal,Normal
2026-03-15 08:16:40,28.189,4.451,26.53,100.51,28.35,3.299,215.5,39.4,-67.44,1,0.0423,0,Normal,Normal
2026-03-15 08:16:50,26.592,4.248,23.83,101.39,28.2,3.69,204.61,38.5,-66.13,1,0.0522,0,Normal,Normal
2026-03-15 08:17:00,27.632,4.833,23.93,101.62,26.18,3.684,205.01,38.41,-69.2,1,0.0403,1,Sensor value drift,Warning
2026-03-15 08:17:10,27.08,4.524,24.16,100.74,24.26,3.455,208.0,36.01,-75.6,1,0.058,1,Sensor value drift,Warning
2026-03-15 08:17:20,26.69,4.517,25.69,100.51,20.55,2.832,209.48,38.91,-70.58,1,0.0553,1,Sensor value drift,Warning
2026-03-15 08:17:30,26.995,4.316,22.98,99.73,20.02,3.887,213.6,37.2,-69.81,1,0.0578,1,Sensor value drift,Warning
2026-03-15 08:17:40,27.213,4.532,26.84,99.43,19.68,2.239,199.76,42.57,-76.12,1,0.0497,1,Sensor value drift,Warning
2026-03-15 08:17:50,27.418,4.634,25.84,99.33,18.63,2.128,197.56,40.68,-67.57,1,0.0431,1,Sensor value drift,Warning
2026-03-15 08:18:00,27.601,4.457,25.35,99.35,15.88,2.416,218.77,38.67,-70.31,1,0.0489,1,Sensor value drift,Warning
2026-03-15 08:18:10,27.488,4.627,23.84,98.77,18.9,2.908,215.94,36.99,-67.35,1,0.0404,1,Sensor value drift,Warning
2026-03-15 08:18:20,26.749,4.703,25.44,98.77,16.64,1.714,196.57,40.4,-71.43,1,0.0472,1,Sensor value drift,Warning
2026-03-15 08:18:30,27.355,4.801,19.74,98.65,14.41,1.76,209.12,30.83,-68.85,1,0.0674,1,Sensor value drift,Warning
2026-03-15 08:18:40,27.111,4.386,24.7,97.97,12.7,2.085,216.83,37.73,-68.51,1,0.0462,1,Sensor value drift,Warning
2026-03-15 08:18:50,26.775,4.831,24.2,96.62,11.34,1.564,208.99,39.89,-69.33,1,0.0534,1,Sensor value drift,Warning
2026-03-15 08:19:00,26.885,4.807,21.05,96.78,9.49,1.323,191.65,35.41,-68.23,1,0.0445,1,Sensor value drift,Warning
2026-03-15 08:19:10,26.713,4.929,24.41,96.87,9.83,1.517,197.94,37.5,-69.92,1,0.0422,1,Sensor value drift,Warning
2026-03-15 08:19:20,26.915,5.225,24.6,96.1,9.21,1.301,182.48,37.16,-72.86,1,0.051,1,Sensor value drift,Warning
2026-03-15 08:19:30,26.663,5.508,20.85,95.13,6.64,1.461,188.21,35.86,-75.25,1,0.0405,1,Sensor value drift,Warning
2026-03-15 08:19:40,26.551,5.192,21.77,95.2,7.81,1.456,195.28,35.86,-70.79,1,0.0752,1,Sensor value drift,Warning
2026-03-15 08:19:50,26.982,4.738,26.56,94.14,6.56,1.021,196.68,40.3,-66.38,1,0.0625,1,Sensor value drift,Warning
2026-03-15 08:20:00,27.005,4.984,23.1,94.57,3.85,0.933,188.93,37.55,-71.69,1,0.12,1,Sensor value drift,Warning
2026-03-15 08:20:10,26.738,5.24,24.76,94.04,4.54,0.83,172.05,38.96,-65.21,1,0.1148,1,Sensor value drift,Warning
2026-03-15 08:20:20,27.183,5.231,24.9,93.81,4.57,0.857,195.24,39.01,-64.05,1,0.0596,1,Sensor value drift,Warning
2026-03-15 08:20:30,26.673,5.375,23.72,94.05,6.86,0.641,199.17,36.13,-66.64,1,0.0625,1,Sensor value drift,Warning
2026-03-15 08:20:40,26.638,5.119,24.57,92.68,4.83,0.564,199.17,37.33,-68.39,1,0.0513,1,Sensor value drift,Warning
2026-03-15 08:20:50,26.906,5.068,19.78,92.55,2.17,0.93,191.11,34.68,-64.65,1,0.0437,1,Sensor value drift,Warning
2026-03-15 08:21:00,26.647,5.61,22.52,92.02,4.0,0.994,191.41,37.19,-64.1,1,0.0648,1,Sensor value drift,Warning
2026-03-15 08:21:10,26.691,5.198,18.16,92.54,1.24,0.0,194.23,32.62,-68.09,1,0.0447,1,Sensor value drift,Warning
2026-03-15 08:21:20,25.888,4.941,20.07,92.19,4.11,0.384,195.32,33.37,-67.01,1,0.0557,1,Sensor value drift,Warning
2026-03-15 08:21:30,26.628,5.573,21.79,91.51,1.98,0.103,191.11,36.7,-69.56,1,0.0597,1,Sensor value drift,Warning
2026-03-15 08:21:40,26.054,4.84,21.52,91.13,2.19,0.203,173.1,35.07,-66.12,1,0.0525,1,Sensor value drift,Warning
2026-03-15 08:21:50,26.215,4.348,22.49,90.16,3.68,0.423,202.7,38.05,-73.04,1,0.0563,1,Sensor value drift,Warning
2026-03-15 08:22:00,26.16,5.421,22.31,90.35,0.34,0.49,187.66,35.41,-67.59,1,0.0452,1,Sensor value drift,Warning
2026-03-15 08:22:10,26.228,5.463,22.45,89.45,0.04,0.193,181.46,35.82,-69.14,1,0.0614,1,Sensor value drift,Warning
2026-03-15 08:22:20,26.356,5.345,22.42,89.55,0.85,0.0,187.99,36.24,-66.72,1,0.0831,1,Sensor value drift,Warning
2026-03-15 08:22:30,26.354,4.922,22.57,89.03,2.65,0.0,191.92,37.59,-68.73,1,0.0499,1,Sensor value drift,Warning
2026-03-15 08:22:40,26.679,5.237,20.54,88.56,0.0,0.487,186.06,34.5,-71.96,1,0.0419,1,Sensor value drift,Warning
2026-03-15 08:22:50,26.527,5.187,20.8,101.31,0.0,0.0,186.52,34.85,-68.08,1,0.0545,0,Normal,Normal
2026-03-15 08:23:00,16.667,9.127,21.74,101.57,0.51,0.558,267.12,35.27,-67.44,1,0.0463,1,Battery voltage drop,Critical
2026-03-15 08:23:10,17.739,10.507,21.68,102.01,1.62,0.312,251.05,36.0,-62.72,1,0.0481,1,Battery voltage drop,Critical
2026-03-15 08:23:20,18.745,9.124,19.99,101.52,2.31,0.578,248.59,33.91,-67.74,1,0.0425,1,Battery voltage drop,Critical
2026-03-15 08:23:30,19.492,9.192,23.15,102.21,0.23,0.037,253.43,36.21,-68.27,1,0.0547,1,Battery voltage drop,Critical
2026-03-15 08:23:40,17.306,9.901,22.52,101.38,0.22,0.0,239.2,36.67,-69.22,1,0.0632,1,Battery voltage drop,Critical
2026-03-15 08:23:50,19.391,9.106,20.05,102.01,2.04,0.239,282.12,34.23,-62.14,1,0.0618,1,Battery voltage drop,Critical
2026-03-15 08:24:00,18.034,9.885,20.94,101.47,0.0,0.527,242.73,37.76,-66.16,1,0.1164,1,Battery voltage drop,Critical
2026-03-15 08:24:10,18.314,10.645,24.17,101.4,0.08,0.397,242.03,37.44,-64.6,1,0.0436,1,Battery voltage drop,Critical
2026-03-15 08:24:20,17.135,9.635,21.31,101.23,0.72,0.0,244.48,34.3,-69.99,1,0.0768,1,Battery voltage drop,Critical
2026-03-15 08:24:30,18.46,9.903,21.57,101.42,0.99,0.092,234.02,35.9,-70.56,1,0.0598,1,Battery voltage drop,Critical
2026-03-15 08:24:40,19.493,10.516,19.97,101.47,0.0,0.0,271.3,32.78,-67.95,1,0.0584,1,Battery voltage drop,Critical
2026-03-15 08:24:50,19.95,9.721,20.32,100.73,0.42,0.0,239.84,33.03,-60.33,1,0.0573,1,Battery voltage drop,Critical
2026-03-15 08:25:00,19.238,8.557,22.96,101.58,0.0,0.381,243.72,35.24,-68.43,1,0.0516,1,Battery voltage drop,Critical
2026-03-15 08:25:10,19.097,9.457,20.77,100.71,0.0,0.0,266.96,33.84,-66.99,1,0.0471,1,Battery voltage drop,Critical
2026-03-15 08:25:20,18.129,10.869,20.41,101.58,0.83,0.0,239.7,33.51,-65.04,1,0.0831,1,Battery voltage drop,Critical
2026-03-15 08:25:30,18.975,10.457,20.43,101.54,0.0,0.0,262.7,32.89,-66.93,1,0.0425,1,Battery voltage drop,Critical
2026-03-15 08:25:40,18.569,10.175,24.14,101.87,0.31,0.0,238.1,37.84,-63.6,1,0.0429,1,Battery voltage drop,Critical
2026-03-15 08:25:50,18.241,9.497,20.29,100.96,0.76,0.082,239.14,31.45,-67.51,1,0.0403,1,Battery voltage drop,Critical
2026-03-15 08:26:00,20.411,9.521,18.89,100.91,0.0,0.434,244.23,33.48,-68.31,1,0.0602,1,Battery voltage drop,Critical
2026-03-15 08:26:10,16.818,9.845,19.06,101.74,0.39,0.0,253.9,32.4,-58.0,1,0.0737,1,Battery voltage drop,Critical
2026-03-15 08:26:20,19.2,9.748,21.12,100.87,0.0,0.0,234.12,34.63,-67.81,1,0.0431,1,Battery voltage drop,Critical
2026-03-15 08:26:30,16.927,10.075,17.72,100.83,0.0,0.316,269.59,32.42,-62.62,1,0.0405,1,Battery voltage drop,Critical
2026-03-15 08:26:40,18.779,9.61,20.44,101.38,0.88,0.61,240.45,34.89,-67.84,1,0.0442,1,Battery voltage drop,Critical
2026-03-15 08:26:50,17.789,9.4,18.59,101.28,0.33,0.0,224.59,31.83,-69.66,1,0.0723,1,Battery voltage drop,Critical
2026-03-15 08:27:00,18.25,9.626,16.79,101.36,0.0,0.0,247.28,31.34,-65.33,1,0.0402,1,Battery voltage drop,Critical
2026-03-15 08:27:10,18.153,9.668,18.02,101.52,0.39,0.196,260.2,33.88,-69.1,1,0.0416,1,Battery voltage drop,Critical
2026-03-15 08:27:20,18.901,8.802,19.44,101.52,0.97,0.582,225.05,32.22,-66.29,1,0.0404,1,Battery voltage drop,Critical
2026-03-15 08:27:30,16.988,9.043,21.4,101.27,0.0,0.0,270.72,36.3,-67.54,1,0.083,1,Battery voltage drop,Critical
2026-03-15 08:27:40,18.422,10.176,20.58,101.32,1.48,0.0,242.61,33.24,-61.44,1,0.0422,1,Battery voltage drop,Critical
2026-03-15 08:27:50,18.849,9.13,18.68,101.27,0.0,0.233,247.93,34.09,-69.87,1,0.0746,1,Battery voltage drop,Critical
2026-03-15 08:28:00,25.875,5.215,20.48,101.31,0.59,0.291,198.05,33.63,-63.27,1,0.0496,0,Normal,Normal
2026-03-15 08:28:10,25.964,5.01,18.4,100.75,1.51,0.012,191.54,31.5,-64.5,1,0.0475,0,Normal,Normal
2026-03-15 08:28:20,25.884,5.256,16.64,101.6,0.0,0.0,192.85,32.02,-66.11,1,0.0483,0,Normal,Normal
2026-03-15 08:28:30,26.112,5.358,18.78,101.72,0.0,0.357,190.65,33.65,-67.76,1,0.0481,0,Normal,Normal
2026-03-15 08:28:40,26.238,5.091,16.4,101.55,0.0,0.193,191.31,29.58,-65.05,1,0.0463,0,Normal,Normal
2026-03-15 08:28:50,25.611,5.404,19.75,101.52,0.0,0.0,199.05,33.9,-64.97,1,0.065,0,Normal,Normal
2026-03-15 08:29:00,25.749,4.958,19.68,100.9,2.14,0.024,188.25,32.83,-64.55,1,0.0506,0,Normal,Normal
2026-03-15 08:29:10,26.1,5.02,17.06,100.73,0.0,0.0,194.84,29.15,-66.63,1,0.1106,0,Normal,Normal
2026-03-15 08:29:20,25.39,5.27,18.51,101.63,0.0,0.246,183.06,32.74,-69.35,1,0.0509,0,Normal,Normal
2026-03-15 08:29:30,25.213,5.47,18.4,101.31,0.29,0.0,194.29,31.98,-63.38,1,0.0656,0,Normal,Normal
2026-03-15 08:29:40,25.86,5.515,19.42,101.37,0.0,0.0,187.85,32.28,-66.13,1,0.0605,0,Normal,Normal
2026-03-15 08:29:50,25.929,5.702,16.15,101.39,0.0,0.0,193.45,31.72,-68.06,1,0.0477,0,Normal,Normal
2026-03-15 08:30:00,25.551,5.204,18.83,101.4,0.42,0.019,183.11,31.73,-69.34,1,0.0633,0,Normal,Normal
2026-03-15 08:30:10,25.583,5.267,15.86,101.56,0.0,0.318,193.62,30.04,-63.69,1,0.0425,0,Normal,Normal
2026-03-15 08:30:20,25.517,5.041,18.92,101.26,0.0,0.211,189.65,34.21,-62.43,1,0.0434,0,Normal,Normal
2026-03-15 08:30:30,25.474,4.985,19.26,100.54,0.0,0.0,202.54,32.95,-64.98,1,0.0545,0,Normal,Normal
2026-03-15 08:30:40,25.931,5.356,16.57,101.58,0.0,0.271,192.09,29.69,-64.91,1,0.0586,0,Normal,Normal
2026-03-15 08:30:50,25.359,5.105,19.31,101.53,0.41,0.144,193.97,33.67,-63.46,1,0.0555,0,Normal,Normal
2026-03-15 08:31:00,25.623,5.607,15.03,100.78,2.13,0.0,186.49,29.58,-68.21,1,0.0507,0,Normal,Normal
2026-03-15 08:31:10,25.421,4.933,18.96,100.83,0.05,0.0,192.52,34.01,-60.86,1,0.0422,0,Normal,Normal
2026-03-15 08:31:20,25.246,5.421,19.38,101.65,0.29,0.0,193.81,35.62,-70.59,1,0.047,0,Normal,Normal
2026-03-15 08:31:30,25.934,5.048,17.65,101.75,0.85,0.18,187.18,31.1,-68.3,1,0.0539,0,Normal,Normal
2026-03-15 08:31:40,25.508,5.094,16.75,100.23,0.0,0.0,186.56,30.99,-70.04,1,0.0438,0,Normal,Normal
2026-03-15 08:31:50,25.711,5.434,17.43,101.48,2.06,0.0,183.56,29.91,-67.7,1,0.0552,0,Normal,Normal
2026-03-15 08:32:00,25.193,5.13,15.97,101.21,0.26,0.692,189.41,30.77,-62.86,1,0.044,0,Normal,Normal
2026-03-15 08:32:10,25.414,5.17,20.73,101.33,1.98,0.332,184.79,34.95,-68.94,1,0.0415,0,Normal,Normal
2026-03-15 08:32:20,25.856,5.096,15.82,101.35,0.0,0.0,192.35,29.61,-67.13,1,0.0459,0,Normal,Normal
2026-03-15 08:32:30,26.397,5.746,18.6,101.0,2.2,0.202,183.69,31.85,-77.3,1,0.0448,0,Normal,Normal
2026-03-15 08:32:40,25.02,5.145,15.42,101.56,0.95,0.044,189.03,29.0,-67.47,1,0.0649,0,Normal,Normal
2026-03-15 08:32:50,25.545,5.312,18.85,101.02,0.68,0.139,182.45,33.13,-65.94,1,0.0499,0,Normal,Normal
2026-03-15 08:33:00,25.722,5.249,19.39,101.6,0.3,0.05,199.17,32.23,-68.75,1,0.041,0,Normal,Normal
2026-03-15 08:33:10,25.406,5.355,16.86,101.69,0.0,0.418,190.21,30.5,-72.51,1,0.0654,0,Normal,Normal
2026-03-15 08:33:20,25.839,5.146,16.63,100.95,1.46,0.123,190.14,30.65,-73.11,1,0.0447,0,Normal,Normal
2026-03-15 08:33:30,25.317,5.249,14.69,100.96,0.18,0.0,194.77,26.84,-71.36,1,0.0526,0,Normal,Normal
2026-03-15 08:33:40,25.617,5.398,14.43,101.35,0.0,0.367,204.21,27.17,-73.53,1,0.0517,0,Normal,Normal
2026-03-15 08:33:50,25.409,5.084,16.41,101.9,0.0,0.083,190.66,29.61,-65.37,1,0.0934,0,Normal,Normal
2026-03-15 08:34:00,25.925,5.572,18.07,101.06,0.0,0.044,178.08,33.95,-68.9,1,0.0444,0,Normal,Normal
2026-03-15 08:34:10,25.351,5.596,14.98,101.14,0.38,0.112,199.46,27.98,-66.18,1,0.0424,0,Normal,Normal
2026-03-15 08:34:20,25.443,5.451,19.03,101.43,0.0,0.0,179.15,32.97,-71.59,1,0.0445,0,Normal,Normal
2026-03-15 08:34:30,25.827,5.317,14.73,101.56,1.47,0.005,186.04,27.48,-73.23,1,0.0529,0,Normal,Normal
2026-03-15 08:34:40,25.231,4.552,15.91,101.51,0.0,0.0,199.55,28.98,-73.26,1,0.0437,0,Normal,Normal
2026-03-15 08:34:50,25.555,5.406,15.84,101.31,0.18,0.0,187.33,28.11,-72.75,1,0.0462,0,Normal,Normal
2026-03-15 08:35:00,24.984,5.202,15.26,101.18,0.0,0.0,185.43,30.06,-73.06,1,0.0561,0,Normal,Normal
2026-03-15 08:35:10,25.2,5.238,12.27,101.43,0.92,0.0,192.26,24.68,-68.13,1,0.0419,0,Normal,Normal
2026-03-15 08:35:20,25.637,4.825,14.33,100.02,0.0,0.0,190.09,29.42,-69.28,1,0.0836,0,Normal,Normal
2026-03-15 08:35:30,25.222,5.423,15.48,102.05,0.51,0.0,184.46,30.05,-71.43,1,0.0514,0,Normal,Normal
2026-03-15 08:35:40,25.353,4.937,14.97,101.23,0.0,0.038,197.03,28.88,-77.45,1,0.0499,0,Normal,Normal
2026-03-15 08:35:50,25.661,5.329,15.99,101.37,1.55,0.0,199.83,31.12,-71.81,1,0.0468,0,Normal,Normal
2026-03-15 08:36:00,25.337,5.526,16.1,102.14,1.26,0.0,201.11,33.82,-73.85,1,0.0442,0,Normal,Normal
2026-03-15 08:36:10,25.756,5.182,14.53,101.0,0.71,0.552,194.42,29.11,-68.93,1,0.0499,0,Normal,Normal
2026-03-15 08:36:20,25.571,5.604,13.38,102.23,0.0,0.382,184.4,26.03,-70.69,1,0.05,0,Normal,Normal
2026-03-15 08:36:30,25.636,13.451,17.07,101.6,0.71,0.157,368.01,41.9,-73.18,1,0.0409,1,Current surge,Critical
2026-03-15 08:36:40,25.876,12.34,12.65,101.48,0.0,0.669,282.13,36.94,-80.13,1,0.0682,1,Current surge,Critical
2026-03-15 08:36:50,25.598,11.515,13.72,101.56,1.04,0.0,358.1,41.64,-74.48,1,0.0658,1,Current surge,Critical
2026-03-15 08:37:00,25.963,13.798,13.27,100.96,1.99,0.662,346.49,38.09,-76.26,1,0.0489,1,Current surge,Critical
2026-03-15 08:37:10,25.774,15.913,15.6,100.64,1.29,0.0,297.57,44.29,-73.32,1,0.0462,1,Current surge,Critical
2026-03-15 08:37:20,25.343,14.02,16.38,100.83,0.0,0.085,334.17,43.01,-78.19,1,0.0504,1,Current surge,Critical
2026-03-15 08:37:30,25.888,13.27,14.08,101.73,0.44,0.0,354.28,39.96,-74.21,1,0.0438,1,Current surge,Critical
2026-03-15 08:37:40,25.579,13.27,14.62,100.93,0.0,0.006,290.56,43.0,-81.89,1,0.04,1,Current surge,Critical
2026-03-15 08:37:50,25.382,12.896,14.86,100.64,0.7,0.136,351.68,47.29,-79.62,1,0.0466,1,Current surge,Critical
2026-03-15 08:38:00,25.585,15.984,16.86,101.27,0.55,0.0,363.5,46.19,-78.34,1,0.0403,1,Current surge,Critical
2026-03-15 08:38:10,25.836,12.365,11.43,101.53,0.0,0.251,353.0,36.2,-77.57,1,0.0406,1,Current surge,Critical
2026-03-15 08:38:20,25.64,14.192,15.14,101.32,0.0,0.036,378.91,41.73,-74.99,1,0.0404,1,Current surge,Critical
2026-03-15 08:38:30,26.052,13.324,14.53,101.54,0.0,0.0,300.76,41.47,-81.36,1,0.0718,1,Current surge,Critical
2026-03-15 08:38:40,25.833,12.723,13.35,101.76,0.0,0.0,355.88,39.75,-78.55,1,0.0423,1,Current surge,Critical
2026-03-15 08:38:50,25.666,14.273,14.33,101.53,0.0,0.285,360.47,39.56,-78.7,1,0.0444,1,Current surge,Critical
2026-03-15 08:39:00,25.203,13.87,14.89,101.24,0.48,0.0,321.24,41.85,-75.02,1,0.0501,1,Current surge,Critical
2026-03-15 08:39:10,25.46,12.077,14.6,101.08,0.31,0.322,375.6,36.97,-77.88,1,0.0513,1,Current surge,Critical
2026-03-15 08:39:20,25.538,13.487,16.91,101.61,0.0,0.429,357.75,39.84,-80.43,1,0.042,1,Current surge,Critical
2026-03-15 08:39:30,25.728,14.932,13.8,101.41,0.0,0.0,371.14,36.92,-80.99,1,0.076,1,Current surge,Critical
2026-03-15 08:39:40,25.714,12.217,13.6,100.96,1.27,0.398,357.53,36.69,-79.64,1,0.0439,1,Current surge,Critical
2026-03-15 08:39:50,25.577,5.912,13.23,101.82,2.0,0.723,192.32,27.38,-83.15,1,0.0829,0,Normal,Normal
2026-03-15 08:40:00,25.566,4.9,14.28,101.4,0.0,0.09,185.81,25.48,-73.54,1,0.0445,0,Normal,Normal
2026-03-15 08:40:10,25.751,5.253,13.35,101.56,0.0,0.211,198.82,28.53,-78.65,1,0.04,0,Normal,Normal
2026-03-15 08:40:20,25.281,5.628,13.36,101.14,0.6,0.365,183.31,29.39,-81.59,1,0.0936,0,Normal,Normal
2026-03-15 08:40:30,26.052,5.487,13.32,101.75,0.0,0.0,193.13,27.55,-82.23,1,0.0499,0,Normal,Normal
2026-03-15 08:40:40,24.935,5.262,13.04,100.67,0.0,0.065,187.29,25.11,-82.9,1,0.0716,0,Normal,Normal
2026-03-15 08:40:50,25.991,5.263,12.28,101.97,0.9,0.0,183.06,27.17,-78.37,1,0.0599,0,Normal,Normal
2026-03-15 08:41:00,25.546,5.011,13.77,100.52,0.0,0.05,187.79,26.85,-84.65,1,0.043,0,Normal,Normal
2026-03-15 08:41:10,25.866,5.233,12.67,100.75,1.6,0.176,184.72,26.89,-80.43,1,0.068,0,Normal,Normal
2026-03-15 08:41:20,25.68,5.36,13.97,101.4,0.1,0.183,195.28,28.79,-78.38,1,0.0408,0,Normal,Normal
2026-03-15 08:41:30,25.681,5.576,13.17,101.09,0.0,0.375,189.25,27.82,-82.06,1,0.0506,0,Normal,Normal
2026-03-15 08:41:40,25.75,5.144,12.38,101.17,0.0,0.0,200.96,27.68,-83.53,1,0.0444,0,Normal,Normal
2026-03-15 08:41:50,25.834,5.252,15.26,101.09,0.0,0.0,182.4,29.44,-78.17,1,0.0467,0,Normal,Normal
2026-03-15 08:42:00,25.499,5.062,12.72,100.99,0.0,0.666,172.44,26.93,-84.27,1,0.0612,0,Normal,Normal
2026-03-15 08:42:10,25.916,5.356,13.76,101.43,1.81,0.0,193.17,28.65,-81.9,1,0.0573,0,Normal,Normal
2026-03-15 08:42:20,25.287,5.495,11.74,101.28,0.07,0.072,203.79,25.65,-80.9,1,0.0487,0,Normal,Normal
2026-03-15 08:42:30,25.619,5.457,9.71,101.65,0.55,0.0,193.92,22.89,-83.24,1,0.0407,0,Normal,Normal
2026-03-15 08:42:40,25.879,5.007,11.86,101.33,1.16,0.0,182.47,26.4,-85.2,1,0.0406,0,Normal,Normal
2026-03-15 08:42:50,25.936,5.336,9.47,101.13,0.0,0.571,181.83,22.11,-83.45,1,0.0582,0,Normal,Normal
2026-03-15 08:43:00,25.784,5.13,12.28,101.61,0.59,0.0,206.22,26.18,-80.93,1,0.0846,0,Normal,Normal
2026-03-15 08:43:10,25.536,5.552,14.8,100.57,0.0,0.0,186.98,27.15,-84.3,1,0.0682,0,Normal,Normal
2026-03-15 08:43:20,25.933,5.259,11.21,100.27,1.04,0.0,181.9,24.54,-80.91,1,0.042,0,Normal,Normal
2026-03-15 08:43:30,25.472,4.919,48.39,100.66,0.0,0.0,233.23,58.18,-83.2,1,0.0419,1,Temperature spike,Critical
2026-03-15 08:43:40,26.208,5.244,58.78,101.16,0.0,0.0,214.31,58.14,-84.4,1,0.0541,1,Temperature spike,Critical
2026-03-15 08:43:50,25.667,5.414,55.23,101.46,0.0,0.0,208.16,57.55,-84.91,1,0.0561,1,Temperature spike,Critical
2026-03-15 08:44:00,25.241,5.36,60.25,100.23,0.55,0.22,258.77,60.37,-82.18,1,0.0544,1,Temperature spike,Critical
2026-03-15 08:44:10,25.354,5.171,57.82,101.3,0.59,0.0,233.78,70.32,-79.64,1,0.0725,1,Temperature spike,Critical
2026-03-15 08:44:20,25.736,5.153,50.28,101.16,0.0,0.315,212.23,64.17,-82.79,1,0.0439,1,Temperature spike,Critical
2026-03-15 08:44:30,25.776,5.052,52.32,101.35,0.0,0.494,261.15,60.16,-86.18,1,0.0428,1,Temperature spike,Critical
2026-03-15 08:44:40,26.336,5.2,50.01,100.54,0.0,0.278,226.83,65.58,-80.14,1,0.0768,1,Temperature spike,Critical
2026-03-15 08:44:50,25.445,5.085,55.75,102.35,0.0,0.0,213.93,54.62,-86.2,1,0.0592,1,Temperature spike,Critical
2026-03-15 08:45:00,25.78,5.541,55.99,101.31,1.05,0.054,214.99,61.22,-78.47,1,0.0587,1,Temperature spike,Critical
2026-03-15 08:45:10,25.462,5.073,60.8,100.81,0.0,0.0,234.16,65.83,-84.26,1,0.0461,1,Temperature spike,Critical
2026-03-15 08:45:20,25.644,5.329,54.29,101.35,0.0,0.0,252.8,67.08,-86.52,1,0.0548,1,Temperature spike,Critical
2026-03-15 08:45:30,26.309,5.312,48.96,101.9,0.0,0.0,241.43,62.15,-82.31,1,0.0595,1,Temperature spike,Critical
2026-03-15 08:45:40,25.475,5.535,56.84,100.79,0.0,0.249,258.78,64.59,-85.02,1,0.0538,1,Temperature spike,Critical
2026-03-15 08:45:50,26.005,5.57,49.38,100.7,0.0,0.907,229.64,59.96,-82.85,1,0.06,1,Temperature spike,Critical
2026-03-15 08:46:00,25.96,5.472,51.0,101.25,0.0,0.182,223.16,66.75,-84.0,1,0.0534,1,Temperature spike,Critical
2026-03-15 08:46:10,25.848,5.386,45.03,101.29,0.19,0.0,245.61,56.57,-88.49,1,0.1003,1,Temperature spike,Critical
2026-03-15 08:46:20,26.024,5.036,52.62,101.58,1.66,0.0,259.19,62.11,-84.65,1,0.0502,1,Temperature spike,Critical
2026-03-15 08:46:30,25.534,5.03,52.68,101.89,0.44,0.052,247.17,66.23,-83.01,1,0.0402,1,Temperature spike,Critical
2026-03-15 08:46:40,26.393,5.086,53.94,101.61,0.0,0.04,229.06,62.54,-84.24,1,0.0427,1,Temperature spike,Critical
2026-03-15 08:46:50,26.487,5.485,58.71,100.74,0.62,0.0,226.89,58.17,-80.88,1,0.0899,1,Temperature spike,Critical
2026-03-15 08:47:00,25.938,5.315,43.58,100.87,0.0,0.097,218.62,59.77,-83.77,1,0.0495,1,Temperature spike,Critical
2026-03-15 08:47:10,26.665,5.514,50.24,100.98,0.0,0.0,223.35,59.28,-85.48,1,0.0419,1,Temperature spike,Critical
2026-03-15 08:47:20,25.833,5.547,55.35,101.61,0.0,0.0,248.01,60.63,-84.17,1,0.0425,1,Temperature spike,Critical
2026-03-15 08:47:30,26.088,5.115,59.26,101.54,0.0,0.24,244.63,65.01,-86.33,1,0.0404,1,Temperature spike,Critical
2026-03-15 08:47:40,26.413,5.304,48.7,101.8,0.0,0.0,251.76,63.14,-83.8,1,0.0438,1,Temperature spike,Critical
2026-03-15 08:47:50,25.861,5.292,53.54,101.52,0.31,0.204,229.21,55.83,-83.84,1,0.1047,1,Temperature spike,Critical
2026-03-15 08:48:00,25.599,5.213,48.84,101.05,0.01,0.0,251.08,63.14,-88.66,1,0.046,1,Temperature spike,Critical
2026-03-15 08:48:10,25.546,5.161,10.09,101.22,0.0,0.636,207.63,26.89,-82.65,1,0.0443,0,Normal,Normal
2026-03-15 08:48:20,26.664,5.591,8.18,100.72,0.0,0.0,199.93,22.29,-78.28,1,0.0565,0,Normal,Normal
2026-03-15 08:48:30,25.903,5.307,11.21,101.55,0.89,0.0,189.42,24.93,-83.36,1,0.0568,0,Normal,Normal
2026-03-15 08:48:40,26.022,5.297,9.66,101.05,0.0,0.139,191.52,24.33,-91.09,1,0.0916,0,Normal,Normal
2026-03-15 08:48:50,25.76,5.092,12.26,101.79,1.12,0.0,183.42,26.04,-86.28,1,0.0596,0,Normal,Normal
2026-03-15 08:49:00,26.395,5.461,12.27,101.54,0.0,0.078,191.43,25.57,-88.83,1,0.0417,0,Normal,Normal
2026-03-15 08:49:10,25.893,5.04,10.54,102.08,0.0,0.232,182.3,23.43,-85.86,1,0.1036,0,Normal,Normal
2026-03-15 08:49:20,25.997,5.405,11.2,101.47,0.0,0.369,200.82,22.0,-82.91,1,0.0608,0,Normal,Normal
2026-03-15 08:49:30,26.252,5.411,14.66,101.46,0.0,0.313,187.44,29.54,-87.1,1,0.0445,0,Normal,Normal
2026-03-15 08:49:40,25.86,5.186,13.18,101.23,1.46,0.0,193.06,25.21,-79.26,1,0.0445,0,Normal,Normal
2026-03-15 08:49:50,26.143,5.368,11.34,101.15,0.93,0.0,171.98,24.29,-92.0,1,0.0883,0,Normal,Normal
2026-03-15 08:50:00,26.635,5.333,15.47,101.2,1.52,0.869,188.11,29.82,-85.59,1,0.0432,0,Normal,Normal
2026-03-15 08:50:10,26.361,5.276,10.24,101.7,1.0,0.384,187.3,23.86,-83.67,1,0.0439,0,Normal,Normal
2026-03-15 08:50:20,26.29,5.288,10.83,100.76,0.0,0.0,197.67,27.41,-88.41,1,0.0467,0,Normal,Normal
2026-03-15 08:50:30,26.333,5.299,11.89,101.33,0.05,0.096,194.51,24.08,-87.97,1,0.0571,0,Normal,Normal
2026-03-15 08:50:40,26.17,5.314,9.78,100.63,0.0,0.0,198.51,26.46,-82.38,1,0.0484,0,Normal,Normal
2026-03-15 08:50:50,26.905,5.295,14.77,101.45,2.14,0.026,193.94,30.43,-78.79,1,0.0456,0,Normal,Normal
2026-03-15 08:51:00,26.081,5.002,12.37,101.12,0.0,0.0,200.28,27.46,-78.37,1,0.0447,0,Normal,Normal
2026-03-15 08:51:10,26.407,5.237,10.93,101.5,1.73,0.0,193.83,26.66,-85.48,1,0.042,0,Normal,Normal
2026-03-15 08:51:20,26.397,5.339,12.8,101.0,1.79,0.731,179.51,27.29,-80.3,1,0.0519,0,Normal,Normal
2026-03-15 08:51:30,26.684,5.295,12.37,101.2,2.98,0.309,189.85,24.32,-84.48,1,0.0448,0,Normal,Normal
2026-03-15 08:51:40,26.732,5.506,11.71,101.55,0.38,0.0,190.32,26.33,-81.43,1,0.046,0,Normal,Normal
2026-03-15 08:51:50,26.411,5.419,10.37,101.35,1.81,0.555,164.57,22.6,-84.72,1,0.0401,0,Normal,Normal
2026-03-15 08:52:00,26.527,5.043,10.05,101.92,3.79,0.524,182.63,23.42,-87.39,1,0.0514,0,Normal,Normal
2026-03-15 08:52:10,26.559,5.215,15.51,101.11,0.42,0.031,207.18,29.41,-79.08,1,0.0579,0,Normal,Normal
2026-03-15 08:52:20,25.798,5.174,10.22,101.07,0.0,0.424,188.73,23.13,-78.19,1,0.0794,0,Normal,Normal
2026-03-15 08:52:30,26.023,5.246,14.82,101.79,0.0,0.0,190.18,29.95,-84.92,1,0.0433,0,Normal,Normal
2026-03-15 08:52:40,26.339,5.241,11.03,101.15,2.41,0.046,173.7,24.77,-80.73,1,0.0778,0,Normal,Normal
2026-03-15 08:52:50,26.372,5.389,13.51,101.13,0.0,0.756,180.47,28.0,-83.85,1,0.0467,0,Normal,Normal
2026-03-15 08:53:00,26.201,5.273,13.05,101.45,1.44,0.161,195.25,27.04,-76.75,1,0.0643,0,Normal,Normal
2026-03-15 08:53:10,26.807,5.529,13.38,101.23,2.61,0.0,187.8,27.53,-87.64,1,0.0741,0,Normal,Normal
2026-03-15 08:53:20,26.603,5.274,13.5,101.18,2.52,0.29,182.81,26.44,-83.56,1,0.0888,0,Normal,Normal
2026-03-15 08:53:30,26.559,4.997,10.02,101.02,3.05,0.317,202.23,22.61,-87.22,1,0.0459,0,Normal,Normal
2026-03-15 08:53:40,26.267,5.078,11.45,101.84,3.07,0.8,186.44,25.27,-87.49,1,0.0445,0,Normal,Normal
2026-03-15 08:53:50,26.652,5.335,10.45,101.24,4.63,0.425,181.85,23.29,-82.93,1,0.0487,0,Normal,Normal
2026-03-15 08:54:00,25.899,4.768,12.82,101.08,2.28,0.316,192.82,28.49,-83.78,1,0.0521,0,Normal,Normal
2026-03-15 08:54:10,26.659,4.822,10.58,101.18,2.96,0.877,186.23,22.93,-85.31,1,0.0576,0,Normal,Normal
2026-03-15 08:54:20,26.748,5.146,9.63,101.44,3.24,0.606,186.51,26.43,-79.6,1,0.0577,0,Normal,Normal
2026-03-15 08:54:30,26.823,5.365,12.28,101.88,5.59,0.359,192.86,26.64,-78.05,1,0.0419,0,Normal,Normal
2026-03-15 08:54:40,26.303,5.437,9.36,101.23,6.14,1.09,188.54,23.44,-80.24,1,0.0542,0,Normal,Normal
2026-03-15 08:54:50,26.862,5.037,13.1,100.95,6.12,0.823,180.73,26.45,-87.23,1,0.0428,0,Normal,Normal
2026-03-15 08:55:00,26.504,5.335,10.86,102.07,7.56,0.832,198.94,25.65,-80.41,1,0.0586,1,Sensor value drift,Warning
2026-03-15 08:55:10,26.594,5.065,11.53,100.9,5.33,0.976,201.85,25.28,-80.26,1,0.0963,1,Sensor value drift,Warning
2026-03-15 08:55:20,27.075,4.639,9.41,100.36,9.41,0.629,193.4,23.77,-83.59,1,0.0621,1,Sensor value drift,Warning
2026-03-15 08:55:30,27.486,4.993,15.35,99.97,9.96,0.916,200.89,30.36,-79.84,1,0.0578,1,Sensor value drift,Warning
2026-03-15 08:55:40,26.92,4.811,10.72,98.99,9.79,1.207,193.54,25.52,-82.21,1,0.0412,1,Sensor value drift,Warning
2026-03-15 08:55:50,26.681,5.164,12.41,99.02,11.88,1.251,181.82,27.9,-82.96,1,0.0431,1,Sensor value drift,Warning
2026-03-15 08:56:00,27.005,4.895,10.32,98.89,8.65,1.886,204.93,24.96,-83.85,1,0.0466,1,Sensor value drift,Warning
2026-03-15 08:56:10,27.253,4.546,11.8,98.62,10.96,1.646,197.66,24.65,-77.6,1,0.0807,1,Sensor value drift,Warning
2026-03-15 08:56:20,27.18,4.452,15.72,97.54,11.73,2.007,200.4,27.23,-76.02,1,0.046,1,Sensor value drift,Warning
2026-03-15 08:56:30,27.839,4.782,13.59,97.31,14.55,1.857,199.13,27.84,-80.12,1,0.0652,1,Sensor value drift,Warning
2026-03-15 08:56:40,26.824,4.139,12.11,97.28,13.56,2.376,199.35,26.38,-76.53,1,0.0416,1,Sensor value drift,Warning
2026-03-15 08:56:50,27.137,4.57,13.19,96.34,16.91,2.306,202.81,29.5,-74.7,1,0.0563,1,Sensor value drift,Warning
2026-03-15 08:57:00,27.549,4.711,12.45,96.16,18.88,2.339,203.86,26.31,-78.67,1,0.0627,1,Sensor value drift,Warning
2026-03-15 08:57:10,27.553,4.341,13.2,95.59,19.35,2.503,213.61,27.65,-79.09,1,0.0517,1,Sensor value drift,Warning
2026-03-15 08:57:20,26.545,4.805,14.51,94.7,20.17,2.351,207.97,29.44,-77.23,1,0.0618,1,Sensor value drift,Warning
2026-03-15 08:57:30,27.152,4.804,12.95,94.14,19.99,3.045,214.85,27.57,-80.93,1,0.0593,1,Sensor value drift,Warning
2026-03-15 08:57:40,27.621,4.201,13.83,94.48,21.52,3.038,218.49,28.84,-76.56,1,0.0497,1,Sensor value drift,Warning
2026-03-15 08:57:50,28.066,4.329,13.91,92.54,25.42,3.063,194.55,26.93,-77.53,1,0.0701,1,Sensor value drift,Warning
2026-03-15 08:58:00,27.433,4.6,13.12,92.89,26.23,3.813,218.66,25.95,-81.68,1,0.0463,1,Sensor value drift,Warning
2026-03-15 08:58:10,27.134,4.299,12.56,92.14,26.63,3.174,214.67,26.23,-81.42,1,0.0483,1,Sensor value drift,Warning
2026-03-15 08:58:20,26.965,3.9,12.94,92.67,27.53,3.648,214.35,24.33,-80.26,1,0.0516,1,Sensor value drift,Warning
2026-03-15 08:58:30,27.957,4.163,14.83,92.35,26.93,4.336,219.33,28.78,-75.54,1,0.0421,1,Sensor value drift,Warning
2026-03-15 08:58:40,27.533,3.937,15.02,91.06,29.38,4.263,210.24,28.22,-77.86,1,0.0509,1,Sensor value drift,Warning
2026-03-15 08:58:50,27.083,4.38,12.19,92.0,34.22,4.307,218.1,26.58,-76.7,1,0.0459,1,Sensor value drift,Warning
2026-03-15 08:59:00,27.3,4.209,13.57,90.99,31.61,4.576,205.71,27.25,-72.29,1,0.0444,1,Sensor value drift,Warning
2026-03-15 08:59:10,27.477,3.935,12.89,90.07,34.54,4.709,203.72,25.68,-74.83,1,0.0529,1,Sensor value drift,Warning
2026-03-15 08:59:20,27.57,4.007,15.29,90.14,36.63,4.265,220.08,30.86,-77.86,1,0.046,1,Sensor value drift,Warning
2026-03-15 08:59:30,27.16,3.606,13.44,88.82,34.96,4.816,216.03,27.54,-78.66,1,0.069,1,Sensor value drift,Warning
2026-03-15 08:59:40,27.269,3.707,17.51,88.52,37.68,5.638,217.29,32.55,-74.55,1,0.0479,1,Sensor value drift,Warning
2026-03-15 08:59:50,26.981,4.249,14.6,88.37,39.51,4.966,211.6,28.82,-78.15,1,0.048,1,Sensor value drift,Warning
2026-03-15 09:00:00,27.812,3.842,16.12,87.45,39.26,5.203,221.74,30.67,-71.24,1,0.1002,1,Sensor value drift,Warning
2026-03-15 09:00:10,27.421,4.031,12.89,86.76,43.49,5.233,215.79,25.25,-74.03,1,0.0463,1,Sensor value drift,Warning
2026-03-15 09:00:20,27.686,3.828,14.49,86.44,38.79,5.493,219.37,30.03,-74.15,1,0.0421,1,Sensor value drift,Warning
2026-03-15 09:00:30,27.996,4.073,15.47,86.29,42.74,5.412,216.35,30.52,-77.17,1,0.0714,1,Sensor value drift,Warning
2026-03-15 09:00:40,27.659,3.222,13.06,86.11,41.89,5.872,214.28,27.04,-72.21,1,0.0773,1,Sensor value drift,Warning
2026-03-15 09:00:50,27.582,3.653,14.71,101.16,43.6,5.848,219.46,29.06,-70.45,1,0.0439,0,Normal,Normal
2026-03-15 09:01:00,27.698,4.091,16.33,100.64,43.73,6.121,230.99,31.53,-74.02,1,0.0721,0,Normal,Normal
2026-03-15 09:01:10,27.682,3.901,14.33,101.49,42.8,5.547,218.07,27.88,-70.59,1,0.0502,0,Normal,Normal
2026-03-15 09:01:20,28.06,3.977,13.62,101.81,44.39,5.855,221.15,25.72,-74.36,1,0.0407,0,Normal,Normal
2026-03-15 09:01:30,27.802,3.629,17.67,101.04,42.28,5.948,220.33,31.25,-73.11,1,0.0519,0,Normal,Normal
2026-03-15 09:01:40,27.569,3.483,13.28,101.97,45.59,6.235,217.62,27.46,-66.44,1,0.0683,0,Normal,Normal
2026-03-15 09:01:50,28.07,3.349,15.35,101.65,45.54,5.841,232.78,29.31,-73.58,1,0.0476,0,Normal,Normal
2026-03-15 09:02:00,28.147,3.32,14.12,100.88,46.24,6.479,212.27,29.7,-70.62,1,0.052,0,Normal,Normal
2026-03-15 09:02:10,27.4,3.787,13.85,101.04,47.01,6.609,222.67,26.7,-73.19,1,0.0423,0,Normal,Normal
2026-03-15 09:02:20,28.284,3.704,16.45,101.17,46.41,5.879,216.77,29.45,-70.96,1,0.0677,0,Normal,Normal
2026-03-15 09:02:30,27.957,3.551,15.1,101.23,46.36,6.082,228.21,27.83,-69.49,1,0.0417,0,Normal,Normal
2026-03-15 09:02:40,27.955,3.688,16.1,100.32,45.32,6.094,224.89,30.61,-74.06,1,0.0415,0,Normal,Normal
2026-03-15 09:02:50,28.195,3.59,12.18,101.0,45.69,7.224,233.4,24.35,-73.26,1,0.0807,0,Normal,Normal
2026-03-15 09:03:00,27.746,3.789,16.4,101.08,48.12,6.173,229.93,31.29,-69.23,1,0.071,0,Normal,Normal
2026-03-15 09:03:10,28.225,3.782,14.64,102.06,48.56,6.929,224.8,27.52,-70.24,1,0.0528,0,Normal,Normal
2026-03-15 09:03:20,27.848,3.273,12.98,101.39,46.67,5.915,230.19,26.05,-66.99,1,0.0417,0,Normal,Normal
2026-03-15 09:03:30,27.541,3.603,18.71,100.98,47.12,6.027,231.0,34.83,-69.5,1,0.0518,0,Normal,Normal
2026-03-15 09:03:40,27.707,3.114,16.86,101.12,46.08,6.146,217.09,32.34,-64.52,1,0.078,0,Normal,Normal
2026-03-15 09:03:50,28.199,3.561,16.38,101.47,48.66,6.103,230.64,30.52,-67.81,1,0.0542,0,Normal,Normal
2026-03-15 09:04:00,27.768,3.676,18.0,101.15,48.13,6.315,226.89,30.42,-64.06,1,0.0433,0,Normal,Normal
2026-03-15 09:04:10,28.557,3.194,16.57,101.07,49.73,6.171,228.48,32.99,-64.44,1,0.0754,0,Normal,Normal
2026-03-15 09:04:20,28.453,3.416,15.09,101.08,46.41,6.14,221.35,28.85,-71.24,1,0.0701,0,Normal,Normal
2026-03-15 09:04:30,28.518,3.52,16.11,101.49,47.06,6.84,217.81,30.4,-64.68,1,0.0519,0,Normal,Normal
2026-03-15 09:04:40,28.178,3.575,15.43,100.75,47.85,6.87,216.41,30.53,-66.11,1,0.0687,0,Normal,Normal
2026-03-15 09:04:50,28.239,3.445,15.78,100.87,48.39,6.78,197.45,27.43,-66.14,1,0.0409,0,Normal,Normal
2026-03-15 09:05:00,27.826,3.22,14.73,100.93,47.39,6.636,219.07,27.96,-65.02,1,0.0493,0,Normal,Normal
2026-03-15 09:05:10,28.505,3.498,15.25,100.86,46.64,6.49,244.29,29.17,-69.32,1,0.0429,0,Normal,Normal
2026-03-15 09:05:20,28.342,3.097,18.13,100.97,48.78,6.288,231.38,32.29,-67.24,1,0.0673,0,Normal,Normal
2026-03-15 09:05:30,28.419,3.451,17.37,101.66,48.61,6.132,227.36,29.81,-69.32,1,0.0932,0,Normal,Normal
2026-03-15 09:05:40,28.777,3.398,16.21,101.71,46.67,6.596,232.52,30.6,-60.96,1,0.08,0,Normal,Normal
2026-03-15 09:05:50,28.11,3.474,15.5,101.41,49.42,6.062,222.77,29.54,-69.98,1,0.0505,0,Normal,Normal
2026-03-15 09:06:00,28.276,3.367,16.52,101.39,49.22,6.127,221.73,32.53,-71.4,1,0.0507,0,Normal,Normal
2026-03-15 09:06:10,28.433,3.129,14.69,101.03,48.0,6.881,222.56,29.89,-69.87,1,0.0758,0,Normal,Normal
2026-03-15 09:06:20,28.075,3.414,17.5,100.47,47.95,7.145,219.0,31.17,-88.9,1,0.0592,1,Communication signal drop,Warning
2026-03-15 09:06:30,28.32,3.738,18.81,101.36,48.53,6.62,219.67,32.58,-86.64,1,0.0412,1,Communication signal drop,Warning
2026-03-15 09:06:40,28.545,3.82,21.03,101.42,46.85,6.871,224.79,36.25,-88.1,1,0.0421,1,Communication signal drop,Warning
2026-03-15 09:06:50,28.321,4.114,15.92,101.03,47.93,6.399,225.44,30.26,-91.89,1,0.0855,1,Communication signal drop,Warning
2026-03-15 09:07:00,28.832,3.927,19.02,100.87,45.32,6.019,235.54,31.37,-86.98,1,0.0468,1,Communication signal drop,Warning
2026-03-15 09:07:10,28.006,3.204,16.69,100.79,48.96,6.702,233.13,33.2,-89.35,1,0.0431,1,Communication signal drop,Warning
2026-03-15 09:07:20,28.817,3.401,16.15,101.37,46.05,6.688,213.06,28.96,-84.68,1,0.06,1,Communication signal drop,Warning
2026-03-15 09:07:30,28.698,3.497,16.24,101.33,49.73,6.515,222.59,33.21,-84.97,1,0.0718,1,Communication signal drop,Warning
2026-03-15 09:07:40,28.349,3.481,18.23,101.78,47.54,6.406,216.11,32.74,-87.98,1,0.0435,1,Communication signal drop,Warning
2026-03-15 09:07:50,28.263,3.52,16.71,100.98,47.69,6.829,204.09,29.95,-86.56,1,0.0443,1,Communication signal drop,Warning
2026-03-15 09:08:00,27.936,4.104,17.29,101.18,47.19,6.148,225.66,28.45,-86.49,1,0.0745,1,Communication signal drop,Warning
2026-03-15 09:08:10,28.341,3.231,17.63,101.31,47.61,6.223,229.58,32.56,-82.76,1,0.0402,1,Communication signal drop,Warning
2026-03-15 09:08:20,28.913,3.323,17.27,101.08,49.66,6.141,225.54,29.41,-87.14,1,0.0758,1,Communication signal drop,Warning
2026-03-15 09:08:30,28.602,3.912,17.25,101.64,44.97,6.524,228.47,31.68,-86.92,1,0.0406,1,Communication signal drop,Warning
2026-03-15 09:08:40,28.986,3.347,14.92,101.8,49.5,6.114,222.3,31.24,-88.77,1,0.0415,1,Communication signal drop,Warning
2026-03-15 09:08:50,28.471,3.6,18.79,100.86,48.37,6.256,216.75,31.42,-87.28,1,0.0697,1,Communication signal drop,Warning
2026-03-15 09:09:00,28.888,3.76,18.85,101.12,46.52,6.249,222.04,33.74,-87.67,1,0.0443,1,Communication signal drop,Warning
2026-03-15 09:09:10,28.479,3.623,17.64,101.83,46.68,6.405,235.93,30.67,-81.4,1,0.0438,1,Communication signal drop,Warning
2026-03-15 09:09:20,28.423,3.549,19.47,101.43,49.99,5.976,227.98,34.83,-91.49,1,0.0679,1,Communication signal drop,Warning
2026-03-15 09:09:30,28.699,3.736,21.12,101.35,46.84,6.527,212.82,35.2,-89.18,1,0.0517,1,Communication signal drop,Warning
2026-03-15 09:09:40,28.55,3.278,19.15,101.44,46.6,6.934,226.03,33.13,-64.81,1,0.0465,0,Normal,Normal
2026-03-15 09:09:50,28.305,3.377,21.21,101.56,49.35,6.545,235.18,36.65,-64.43,1,0.0588,0,Normal,Normal
2026-03-15 09:10:00,28.731,3.635,22.66,101.46,48.39,7.037,231.08,37.41,-63.59,1,0.0649,0,Normal,Normal
2026-03-15 09:10:10,28.835,2.983,23.19,101.39,46.86,6.965,235.28,36.23,-66.94,1,0.0698,0,Normal,Normal
2026-03-15 09:10:20,29.201,3.855,17.71,101.3,48.25,6.77,213.08,33.85,-70.18,1,0.0419,0,Normal,Normal
2026-03-15 09:10:30,29.119,3.576,35.33,101.84,46.76,6.524,226.0,29.96,-80.54,1,0.4691,1,Multiple simultaneous abnormalities,Warning
2026-03-15 09:10:40,29.221,3.539,36.99,101.19,49.31,6.506,222.21,33.34,-83.12,1,0.9117,1,Multiple simultaneous abnormalities,Warning
2026-03-15 09:10:50,29.089,3.093,33.64,101.3,49.26,6.766,229.75,32.97,-77.9,1,0.7837,1,Multiple simultaneous abnormalities,Warning
2026-03-15 09:11:00,28.989,3.179,36.61,101.92,48.63,6.362,218.2,34.46,-83.39,1,0.5921,1,Multiple simultaneous abnormalities,Warning
2026-03-15 09:11:10,28.537,3.401,32.99,101.43,48.42,5.84,218.06,33.53,-78.62,1,0.7822,1,Multiple simultaneous abnormalities,Warning
2026-03-15 09:11:20,28.967,3.702,30.83,101.27,50.1,6.671,224.97,32.18,-90.38,1,0.5926,1,Multiple simultaneous abnormalities,Warning
2026-03-15 09:11:30,29.118,2.981,33.7,101.55,47.99,6.103,217.62,33.64,-88.86,1,0.5727,1,Multiple simultaneous abnormalities,Warning
2026-03-15 09:11:40,29.392,3.697,33.66,101.39,46.57,6.162,227.07,35.44,-83.36,1,0.6759,1,Multiple simultaneous abnormalities,Warning
2026-03-15 09:11:50,29.177,3.41,34.03,101.0,48.53,6.499,208.68,33.86,-85.56,1,0.7432,1,Multiple simultaneous abnormalities,Warning
2026-03-15 09:12:00,29.358,3.444,39.23,101.4,50.5,6.466,234.4,34.77,-83.91,1,0.568,1,Multiple simultaneous abnormalities,Warning
2026-03-15 09:12:10,28.692,3.564,36.51,100.98,46.78,6.005,202.71,32.2,-88.25,1,0.8134,1,Multiple simultaneous abnormalities,Warning
2026-03-15 09:12:20,28.919,3.568,36.17,102.03,47.56,6.557,232.23,33.38,-76.56,1,0.7503,1,Multiple simultaneous abnormalities,Warning
2026-03-15 09:12:30,29.161,3.322,36.08,101.4,48.49,6.837,220.35,32.54,-82.83,1,0.4453,1,Multiple simultaneous abnormalities,Warning
2026-03-15 09:12:40,29.395,3.656,39.01,100.92,47.93,6.104,213.4,33.49,-81.47,1,0.7235,1,Multiple simultaneous abnormalities,Warning
2026-03-15 09:12:50,29.018,2.92,34.93,101.14,46.82,6.945,226.36,36.62,-87.99,1,0.6685,1,Multiple simultaneous abnormalities,Warning
2026-03-15 09:13:00,29.051,3.388,37.54,101.6,49.34,5.953,232.08,36.71,-81.87,1,0.7773,1,Multiple simultaneous abnormalities,Warning
2026-03-15 09:13:10,29.296,3.539,39.11,100.86,50.78,7.241,234.27,35.57,-88.5,1,0.9098,1,Multiple simultaneous abnormalities,Warning
2026-03-15 09:13:20,28.766,3.414,39.52,102.39,48.23,6.356,234.0,38.84,-95.88,1,0.6173,1,Multiple simultaneous abnormalities,Warning
2026-03-15 09:13:30,29.6,3.043,39.79,100.72,46.91,6.551,218.13,36.26,-86.65,1,0.7838,1,Multiple simultaneous abnormalities,Warning
2026-03-15 09:13:40,28.868,3.69,40.99,101.67,46.14,5.837,226.64,35.96,-83.66,1,0.5158,1,Multiple simultaneous abnormalities,Warning
2026-03-15 09:13:50,28.569,3.188,39.32,101.11,48.31,6.478,210.77,35.01,-86.75,1,0.4925,1,Multiple simultaneous abnormalities,Warning
2026-03-15 09:14:00,29.161,3.483,40.69,100.98,49.32,6.58,225.63,36.53,-84.35,1,0.9408,1,Multiple simultaneous abnormalities,Warning
2026-03-15 09:14:10,29.681,3.538,34.76,101.52,48.57,6.47,227.7,30.53,-85.34,1,0.8875,1,Multiple simultaneous abnormalities,Warning
2026-03-15 09:14:20,29.36,3.505,37.72,101.12,47.99,6.303,222.0,37.0,-83.23,1,0.7089,1,Multiple simultaneous abnormalities,Warning
2026-03-15 09:14:30,29.421,3.792,39.67,101.94,47.29,6.168,210.31,35.52,-83.69,1,0.5328,1,Multiple simultaneous abnormalities,Warning
2026-03-15 09:14:40,29.221,3.487,39.92,100.74,46.69,6.895,220.25,32.49,-88.91,1,0.6075,1,Multiple simultaneous abnormalities,Warning
2026-03-15 09:14:50,29.175,3.607,41.8,101.52,49.0,6.511,240.26,39.16,-80.96,1,0.7257,1,Multiple simultaneous abnormalities,Warning
2026-03-15 09:15:00,28.769,3.486,40.94,101.19,49.09,7.039,228.13,35.59,-84.84,1,0.7793,1,Multiple simultaneous abnormalities,Warning
2026-03-15 09:15:10,28.566,3.653,22.0,101.42,46.14,6.315,221.12,36.96,-65.82,1,0.0731,0,Normal,Normal
2026-03-15 09:15:20,29.314,3.848,23.79,101.51,49.91,6.348,223.73,37.45,-66.16,1,0.0624,0,Normal,Normal
2026-03-15 09:15:30,29.66,3.534,22.67,100.61,48.69,6.785,228.08,37.85,-62.23,1,0.0443,0,Normal,Normal
2026-03-15 09:15:40,29.38,3.696,24.43,101.39,49.68,5.932,212.61,38.52,-64.31,1,0.0711,0,Normal,Normal
2026-03-15 09:15:50,29.474,3.864,21.99,101.74,46.39,6.075,213.02,35.42,-69.05,1,0.0452,0,Normal,Normal
2026-03-15 09:16:00,29.773,3.839,25.14,101.49,46.36,6.884,219.11,38.37,-70.45,1,0.0479,0,Normal,Normal
2026-03-15 09:16:10,29.406,3.404,21.53,101.15,47.82,6.09,220.91,33.15,-69.65,1,0.0431,0,Normal,Normal
2026-03-15 09:16:20,29.281,3.759,24.76,100.73,48.6,5.863,239.35,40.15,-66.13,1,0.0725,0,Normal,Normal
2026-03-15 09:16:30,29.082,3.562,19.47,101.5,50.15,7.154,225.56,34.73,-70.88,1,0.0415,0,Normal,Normal
2026-03-15 09:16:40,29.943,3.779,21.3,102.05,48.85,6.012,220.86,38.82,-69.68,1,0.117,0,Normal,Normal
2026-03-15 09:16:50,29.503,3.642,23.49,101.56,47.71,6.564,225.45,37.09,-71.92,1,0.046,0,Normal,Normal
2026-03-15 09:17:00,29.071,3.569,22.53,101.76,46.77,6.524,208.8,35.73,-65.26,1,0.0586,0,Normal,Normal
2026-03-15 09:17:10,29.012,3.609,23.1,101.67,49.48,5.516,217.77,35.06,-66.23,1,0.0421,0,Normal,Normal
2026-03-15 09:17:20,29.747,3.564,23.36,101.14,46.84,6.406,219.01,38.51,-65.76,1,0.05,0,Normal,Normal
2026-03-15 09:17:30,29.068,3.574,21.59,101.34,49.95,6.657,216.83,36.47,-70.0,1,0.0406,0,Normal,Normal
2026-03-15 09:17:40,29.943,3.46,21.79,101.65,47.66,6.624,234.88,37.65,-74.03,1,0.0716,0,Normal,Normal
2026-03-15 09:17:50,28.568,3.437,23.9,100.67,49.91,6.816,230.28,36.8,-71.44,1,0.0489,0,Normal,Normal
2026-03-15 09:18:00,29.829,3.941,22.63,101.56,48.81,6.364,215.32,37.49,-73.16,1,0.0604,0,Normal,Normal
2026-03-15 09:18:10,29.555,3.619,25.73,101.8,47.83,6.749,214.86,39.1,-73.39,1,0.0737,0,Normal,Normal
2026-03-15 09:18:20,29.452,3.357,23.51,101.28,47.38,6.259,214.92,39.12,-66.09,1,0.0411,0,Normal,Normal
2026-03-15 09:18:30,29.37,3.431,24.96,101.63,47.59,6.006,223.51,39.6,-70.44,1,0.0507,0,Normal,Normal
2026-03-15 09:18:40,29.996,3.764,24.62,101.08,48.51,6.046,226.6,36.76,-69.03,1,0.0432,0,Normal,Normal
2026-03-15 09:18:50,29.647,3.316,23.14,101.32,48.09,5.988,228.33,36.98,-66.79,1,0.0411,0,Normal,Normal
2026-03-15 09:19:00,29.17,3.13,21.15,101.19,47.29,6.853,216.88,32.81,-73.36,1,0.0546,0,Normal,Normal
2026-03-15 09:19:10,28.93,3.148,25.98,101.48,47.8,5.97,223.57,38.58,-68.67,1,0.0418,0,Normal,Normal
2026-03-15 09:19:20,29.505,3.068,22.81,101.26,48.09,6.596,224.55,35.49,-75.08,1,0.0502,0,Normal,Normal
2026-03-15 09:19:30,29.456,3.175,23.75,100.63,45.44,6.407,234.58,36.98,-70.18,1,0.0433,0,Normal,Normal
2026-03-15 09:19:40,29.005,3.205,24.21,101.01,48.55,6.464,231.19,37.89,-67.94,1,0.0433,0,Normal,Normal
2026-03-15 09:19:50,29.449,3.846,24.44,102.08,46.82,6.977,213.52,38.63,-74.78,1,0.0511,0,Normal,Normal
2026-03-15 09:20:00,29.297,3.488,26.03,101.53,46.62,6.346,209.93,40.17,-69.09,1,0.0522,0,Normal,Normal
2026-03-15 09:20:10,29.476,3.409,24.67,100.46,45.97,6.714,224.11,38.64,-71.12,1,0.0401,0,Normal,Normal
2026-03-15 09:20:20,29.695,3.139,24.55,101.78,45.85,6.513,219.9,38.95,-73.38,1,0.0504,0,Normal,Normal
2026-03-15 09:20:30,29.928,3.464,26.34,100.84,46.37,6.447,217.31,38.84,-75.85,1,0.0566,0,Normal,Normal
2026-03-15 09:20:40,29.756,3.066,25.79,101.66,47.15,7.305,218.95,39.88,-71.74,1,0.057,0,Normal,Normal
2026-03-15 09:20:50,29.27,3.408,23.86,101.82,50.34,5.995,229.64,39.58,-71.21,1,0.0684,0,Normal,Normal
2026-03-15 09:21:00,29.6,4.016,23.31,101.34,47.37,6.951,212.97,37.11,-73.87,1,0.0738,0,Normal,Normal
2026-03-15 09:21:10,29.51,3.666,23.87,100.9,48.21,6.73,239.79,38.46,-76.09,1,0.0546,0,Normal,Normal
2026-03-15 09:21:20,29.094,3.448,25.1,101.01,48.48,6.332,219.26,39.59,-71.09,1,0.0499,0,Normal,Normal
2026-03-15 09:21:30,29.615,3.675,23.38,101.55,48.16,7.07,230.06,38.41,-70.05,1,0.0434,0,Normal,Normal
2026-03-15 09:21:40,30.054,3.37,25.45,100.85,47.91,5.853,219.65,39.8,-70.98,1,0.042,0,Normal,Normal
2026-03-15 09:21:50,29.508,3.3,25.19,101.07,46.57,6.317,212.85,40.21,-69.3,1,0.0541,0,Normal,Normal
2026-03-15 09:22:00,29.021,3.926,21.64,101.51,49.74,6.077,223.83,36.25,-76.26,1,0.0839,0,Normal,Normal
2026-03-15 09:22:10,29.509,3.214,23.41,101.04,50.17,6.644,214.97,38.2,-78.78,1,0.0449,0,Normal,Normal
2026-03-15 09:22:20,29.136,3.411,21.26,101.87,45.98,6.11,226.18,35.79,-73.54,1,0.0416,0,Normal,Normal
2026-03-15 09:22:30,29.759,3.577,25.14,100.88,46.77,6.652,224.8,37.93,-76.21,1,0.0483,0,Normal,Normal
2026-03-15 09:22:40,29.657,3.266,27.33,99.98,47.66,6.435,219.44,39.93,-72.27,1,0.04,0,Normal,Normal
2026-03-15 09:22:50,29.448,3.663,22.95,100.99,46.84,6.332,226.21,36.53,-78.58,1,0.0521,0,Normal,Normal
2026-03-15 09:23:00,29.399,3.423,23.87,101.42,48.61,6.636,233.31,39.73,-78.59,1,0.0408,0,Normal,Normal
2026-03-15 09:23:10,29.434,3.666,25.67,101.65,47.13,6.406,224.12,39.46,-75.73,1,0.0801,0,Normal,Normal
2026-03-15 09:23:20,29.499,3.647,24.38,101.14,50.6,6.119,219.17,38.75,-75.64,1,0.0706,0,Normal,Normal
2026-03-15 09:23:30,29.263,3.439,24.43,101.19,49.43,7.48,228.2,36.07,-74.37,1,0.0418,0,Normal,Normal
2026-03-15 09:23:40,29.077,3.928,26.91,101.29,48.25,6.329,228.53,41.14,-76.92,1,0.0424,0,Normal,Normal
2026-03-15 09:23:50,29.833,3.334,25.42,102.0,49.23,5.724,222.72,39.52,-82.6,1,0.086,0,Normal,Normal
2026-03-15 09:24:00,29.373,3.837,23.99,101.45,49.33,6.205,235.99,34.78,-66.72,1,0.0652,0,Normal,Normal
2026-03-15 09:24:10,29.537,3.794,23.14,101.1,47.32,6.056,222.6,37.49,-77.21,1,0.0827,0,Normal,Normal
2026-03-15 09:24:20,29.569,3.943,29.65,102.12,47.02,6.789,236.9,41.66,-68.87,1,0.0461,0,Normal,Normal
2026-03-15 09:24:30,29.577,3.544,28.08,101.3,48.09,6.613,219.76,41.21,-78.13,1,0.0418,0,Normal,Normal
2026-03-15 09:24:40,29.125,3.303,25.77,100.47,49.03,6.639,231.8,40.96,-81.14,1,0.0543,0,Normal,Normal
2026-03-15 09:24:50,28.971,4.019,26.63,100.75,48.17,6.37,223.24,40.82,-79.15,1,0.091,0,Normal,Normal
2026-03-15 09:25:00,29.293,3.416,25.82,101.52,46.11,6.402,227.15,39.28,-75.12,1,0.0421,0,Normal,Normal
2026-03-15 09:25:10,29.584,3.297,27.37,100.59,47.04,6.37,208.79,40.73,-76.78,1,0.0656,0,Normal,Normal
2026-03-15 09:25:20,29.243,3.453,25.38,101.5,47.91,6.472,242.35,38.88,-77.93,1,0.0467,0,Normal,Normal
2026-03-15 09:25:30,29.35,3.255,25.89,100.99,47.91,6.792,227.54,40.09,-79.25,1,0.0418,0,Normal,Normal
2026-03-15 09:25:40,30.09,3.632,27.44,101.77,50.37,6.618,233.13,40.0,-78.89,1,0.0492,0,Normal,Normal
2026-03-15 09:25:50,28.892,3.349,28.99,101.37,46.34,6.675,213.98,44.34,-79.93,1,0.0501,0,Normal,Normal
2026-03-15 09:26:00,29.214,3.428,27.97,100.65,48.61,6.675,226.37,40.59,-76.1,1,0.0401,0,Normal,Normal
2026-03-15 09:26:10,30.004,3.742,28.76,101.67,49.79,6.809,223.56,40.68,-77.15,1,0.0496,0,Normal,Normal
2026-03-15 09:26:20,29.415,3.656,26.48,101.85,50.73,6.601,216.54,41.67,-82.93,1,0.0556,0,Normal,Normal
2026-03-15 09:26:30,29.211,3.504,26.06,100.79,47.51,6.625,235.28,39.54,-84.73,1,0.0617,0,Normal,Normal
2026-03-15 09:26:40,29.767,3.543,24.13,100.98,48.59,6.916,226.17,38.22,-84.17,1,0.0416,0,Normal,Normal
2026-03-15 09:26:50,29.426,3.503,27.19,101.5,48.68,6.267,224.57,41.98,-81.76,1,0.0714,0,Normal,Normal
2026-03-15 09:27:00,29.298,3.392,27.7,101.57,48.23,6.2,230.0,40.83,-80.21,1,0.0428,0,Normal,Normal
2026-03-15 09:27:10,29.453,3.499,26.72,102.24,47.88,6.085,218.16,40.88,-81.23,1,0.0561,0,Normal,Normal
2026-03-15 09:27:20,29.19,3.623,26.05,101.66,48.52,6.564,226.29,40.82,-79.36,1,0.0521,0,Normal,Normal
2026-03-15 09:27:30,29.074,3.468,29.12,102.26,44.96,5.851,225.72,45.09,-81.47,1,0.0718,0,Normal,Normal
2026-03-15 09:27:40,29.337,3.605,28.24,101.31,48.82,6.662,226.07,41.62,-76.82,1,0.0406,0,Normal,Normal
2026-03-15 09:27:50,29.06,3.291,29.3,101.45,48.15,6.462,233.22,42.74,-80.25,1,0.0432,0,Normal,Normal
2026-03-15 09:28:00,29.358,3.349,25.93,101.07,47.73,6.897,221.6,40.61,-81.89,1,0.042,0,Normal,Normal
2026-03-15 09:28:10,29.452,3.316,26.34,101.09,50.46,6.265,220.76,40.59,-86.64,1,0.046,0,Normal,Normal
2026-03-15 09:28:20,29.592,3.359,29.24,101.36,47.19,6.429,220.08,43.08,-81.22,1,0.0462,0,Normal,Normal
2026-03-15 09:28:30,29.665,3.822,27.4,101.07,47.52,6.893,219.75,43.31,-80.93,1,0.0414,0,Normal,Normal
2026-03-15 09:28:40,29.196,3.682,26.65,100.27,50.39,6.984,233.82,38.63,-84.73,1,0.0508,0,Normal,Normal
2026-03-15 09:28:50,29.457,3.231,26.78,101.03,47.0,6.262,224.43,39.08,-86.2,1,0.0419,0,Normal,Normal
2026-03-15 09:29:00,29.445,3.609,27.55,101.73,47.34,6.563,233.18,39.54,-79.6,1,0.0412,0,Normal,Normal
2026-03-15 09:29:10,29.386,3.402,29.1,101.33,47.82,6.603,227.17,44.54,-85.93,1,0.0405,0,Normal,Normal
2026-03-15 09:29:20,29.133,3.329,27.38,101.33,49.01,6.631,218.01,42.0,-82.66,1,0.0797,0,Normal,Normal
2026-03-15 09:29:30,28.957,3.129,28.84,100.99,48.25,6.408,212.94,41.19,-83.2,1,0.0476,0,Normal,Normal
2026-03-15 09:29:40,29.405,3.743,28.38,101.43,46.45,6.948,213.38,42.23,-82.08,1,0.045,0,Normal,Normal
2026-03-15 09:29:50,28.732,3.159,26.39,101.96,47.36,5.838,217.87,40.35,-86.43,1,0.0499,0,Normal,Normal
2026-03-15 09:30:00,29.152,3.487,26.41,101.86,47.27,6.352,233.16,37.76,-84.02,1,0.0426,0,Normal,Normal
2026-03-15 09:30:10,28.454,3.263,27.08,101.45,47.91,6.657,235.4,41.3,-86.68,1,0.0478,0,Normal,Normal
2026-03-15 09:30:20,28.807,3.694,25.77,100.96,48.51,6.66,225.74,38.36,-83.66,1,0.0432,0,Normal,Normal
2026-03-15 09:30:30,28.933,3.416,27.02,102.01,48.5,6.973,232.41,41.87,-82.48,1,0.0454,0,Normal,Normal
2026-03-15 09:30:40,29.513,3.466,30.09,101.72,45.87,6.919,220.56,42.71,-81.4,1,0.0787,0,Normal,Normal
2026-03-15 09:30:50,29.377,3.475,27.79,100.71,49.27,6.4,219.98,42.05,-79.7,1,0.0424,0,Normal,Normal
2026-03-15 09:31:00,28.992,3.576,26.7,100.6,48.3,6.955,231.16,42.26,-85.06,1,0.0496,0,Normal,Normal
2026-03-15 09:31:10,29.364,3.503,30.74,100.73,49.66,6.25,226.33,45.91,-85.2,1,0.0562,0,Normal,Normal
2026-03-15 09:31:20,29.398,3.489,26.49,101.1,48.53,6.825,230.87,41.1,-80.62,1,0.0775,0,Normal,Normal
2026-03-15 09:31:30,29.07,3.371,45.71,101.66,49.32,7.133,225.41,57.75,-82.79,1,0.0785,1,Temperature spike,Warning
2026-03-15 09:31:40,28.689,3.106,47.99,101.65,48.56,6.925,221.99,56.01,-80.87,1,0.0443,1,Temperature spike,Warning
2026-03-15 09:31:50,29.028,3.221,47.59,101.44,49.61,6.537,223.27,59.88,-78.79,1,0.083,1,Temperature spike,Warning
2026-03-15 09:32:00,29.047,3.68,53.25,101.24,48.62,6.383,227.45,61.84,-87.23,1,0.046,1,Temperature spike,Warning
2026-03-15 09:32:10,28.692,3.424,54.24,102.25,47.88,5.964,226.92,57.54,-82.33,1,0.0738,1,Temperature spike,Warning
2026-03-15 09:32:20,29.157,3.334,53.87,101.31,50.72,6.608,217.54,54.59,-86.6,1,0.0415,1,Temperature spike,Warning
2026-03-15 09:32:30,29.116,3.149,47.26,101.27,49.06,6.109,224.02,58.33,-80.16,1,0.0433,1,Temperature spike,Warning
2026-03-15 09:32:40,29.151,3.07,43.28,101.1,48.68,6.222,212.83,50.97,-88.45,1,0.0412,1,Temperature spike,Warning
2026-03-15 09:32:50,29.085,3.324,52.27,102.18,46.46,6.082,222.2,64.47,-82.17,1,0.0453,1,Temperature spike,Warning
2026-03-15 09:33:00,29.205,3.722,56.84,101.59,46.45,6.338,217.63,64.39,-86.61,1,0.0711,1,Temperature spike,Warning
2026-03-15 09:33:10,28.917,3.361,49.87,100.89,48.34,6.489,200.63,61.57,-83.3,1,0.0426,1,Temperature spike,Warning
2026-03-15 09:33:20,29.015,3.6,54.33,100.84,48.17,6.595,242.67,57.98,-81.18,1,0.0438,1,Temperature spike,Warning
2026-03-15 09:33:30,28.819,3.35,53.56,100.63,47.26,6.289,218.82,63.33,-86.93,1,0.0437,1,Temperature spike,Warning
2026-03-15 09:33:40,28.747,3.66,52.0,101.26,48.16,6.873,217.46,59.05,-89.4,1,0.0448,1,Temperature spike,Warning
2026-03-15 09:33:50,29.307,3.412,45.67,100.7,49.9,6.426,237.98,59.62,-85.78,1,0.0403,1,Temperature spike,Warning
2026-03-15 09:34:00,28.276,3.192,56.09,100.83,48.82,6.223,215.62,63.67,-86.16,1,0.0483,1,Temperature spike,Warning
2026-03-15 09:34:10,29.136,3.433,53.47,101.73,46.62,6.578,213.38,63.26,-88.84,1,0.0961,1,Temperature spike,Warning
2026-03-15 09:34:20,28.669,3.959,54.21,101.66,47.85,7.186,223.35,56.79,-91.0,1,0.0489,1,Temperature spike,Warning
2026-03-15 09:34:30,28.613,3.948,56.54,101.9,47.02,6.616,221.03,61.08,-81.3,1,0.0652,1,Temperature spike,Warning
2026-03-15 09:34:40,28.899,3.622,52.48,100.71,47.52,6.371,219.87,60.07,-80.44,1,0.0527,1,Temperature spike,Warning
2026-03-15 09:34:50,28.356,3.466,48.37,100.9,47.49,5.963,217.65,64.79,-86.69,1,0.0402,1,Temperature spike,Warning
2026-03-15 09:35:00,28.541,3.577,54.78,101.05,47.41,6.421,223.48,62.66,-85.73,1,0.0532,1,Temperature spike,Warning
2026-03-15 09:35:10,28.513,3.58,45.88,101.96,46.47,6.58,238.08,57.58,-82.38,1,0.0839,1,Temperature spike,Warning
2026-03-15 09:35:20,28.683,3.491,52.61,101.33,47.83,6.362,212.1,59.16,-82.29,1,0.0521,1,Temperature spike,Warning
2026-03-15 09:35:30,28.49,3.611,27.97,102.03,47.3,5.914,231.71,41.75,-79.37,1,0.0513,0,Normal,Normal
2026-03-15 09:35:40,29.193,3.553,29.94,101.55,44.46,6.199,237.25,42.65,-82.78,1,0.0566,0,Normal,Normal
2026-03-15 09:35:50,29.233,3.422,27.21,101.26,50.44,7.005,219.97,42.26,-87.66,1,0.0707,0,Normal,Normal
2026-03-15 09:36:00,28.069,3.202,25.3,101.53,49.28,6.998,227.99,39.19,-82.14,1,0.0525,0,Normal,Normal
2026-03-15 09:36:10,28.82,3.386,28.55,100.61,47.52,6.185,224.0,42.39,-86.53,1,0.0478,0,Normal,Normal
2026-03-15 09:36:20,28.895,3.701,26.74,100.48,47.99,6.731,211.22,39.75,-84.55,1,0.0406,0,Normal,Normal
2026-03-15 09:36:30,28.781,3.494,25.93,101.4,46.55,6.082,234.72,39.48,-80.93,1,0.0418,0,Normal,Normal
2026-03-15 09:36:40,28.402,3.577,27.86,101.31,49.99,6.986,225.25,40.64,-86.9,1,0.0557,0,Normal,Normal
2026-03-15 09:36:50,28.506,3.431,29.27,102.07,50.23,6.579,220.8,44.31,-84.31,1,0.0545,0,Normal,Normal
2026-03-15 09:37:00,28.335,3.237,26.93,100.75,48.13,6.825,212.79,42.17,-87.67,1,0.0441,0,Normal,Normal
2026-03-15 09:37:10,28.414,3.443,28.52,101.45,49.17,5.892,229.12,44.53,-86.85,1,0.059,0,Normal,Normal
2026-03-15 09:37:20,28.157,3.247,28.77,101.58,48.15,6.728,226.17,43.29,-85.41,1,0.0449,0,Normal,Normal
2026-03-15 09:37:30,28.466,3.231,28.92,101.44,46.32,6.488,229.79,42.51,-78.77,1,0.0455,0,Normal,Normal
2026-03-15 09:37:40,28.029,3.804,26.6,101.74,47.43,6.787,229.38,40.04,-83.44,1,0.041,0,Normal,Normal
2026-03-15 09:37:50,28.399,3.398,26.0,101.05,48.07,6.808,218.43,40.58,-75.49,1,0.052,0,Normal,Normal
2026-03-15 09:38:00,28.064,3.318,26.17,101.63,47.36,6.51,197.57,40.41,-80.43,1,0.0451,0,Normal,Normal
2026-03-15 09:38:10,28.48,3.909,28.81,101.52,47.63,6.275,224.04,42.6,-80.21,1,0.0656,0,Normal,Normal
2026-03-15 09:38:20,28.194,3.708,28.6,101.77,47.77,6.757,223.49,42.28,-86.3,1,0.0643,0,Normal,Normal
2026-03-15 09:38:30,28.464,3.412,26.13,101.1,47.77,6.461,226.21,41.53,-83.34,1,0.0421,0,Normal,Normal
2026-03-15 09:38:40,28.68,3.612,30.73,100.83,47.91,6.174,237.04,44.21,-86.16,1,0.0426,0,Normal,Normal
2026-03-15 09:38:50,28.812,3.447,25.89,101.05,46.56,6.156,224.49,41.5,-83.51,1,0.0458,0,Normal,Normal
2026-03-15 09:39:00,27.555,3.334,28.97,100.87,46.96,5.958,230.41,43.19,-83.8,1,0.053,0,Normal,Normal
2026-03-15 09:39:10,28.042,3.626,29.71,101.07,46.26,6.294,227.87,43.27,-82.4,1,0.0463,0,Normal,Normal
2026-03-15 09:39:20,28.18,3.427,27.56,101.17,48.95,6.855,213.76,40.62,-79.64,1,0.0465,0,Normal,Normal
2026-03-15 09:39:30,28.387,3.528,26.21,100.94,45.22,6.528,214.5,40.02,-82.73,1,0.0423,0,Normal,Normal
2026-03-15 09:39:40,27.732,3.766,26.21,101.3,49.1,6.277,234.02,40.81,-79.25,1,0.0461,0,Normal,Normal
2026-03-15 09:39:50,27.911,3.74,26.9,100.83,49.35,6.739,217.74,40.44,-86.0,1,0.0495,0,Normal,Normal
2026-03-15 09:40:00,28.223,3.376,28.87,101.27,47.29,6.162,227.7,43.89,-80.08,1,0.1027,0,Normal,Normal
2026-03-15 09:40:10,28.188,3.636,25.41,101.1,44.49,6.481,216.53,38.9,-82.56,1,0.0673,0,Normal,Normal
2026-03-15 09:40:20,28.253,3.234,24.41,101.25,47.13,6.379,230.66,38.26,-80.3,1,0.0636,0,Normal,Normal
2026-03-15 09:40:30,28.251,3.631,27.67,101.46,47.44,6.707,226.63,40.13,-78.29,1,0.0523,0,Normal,Normal
2026-03-15 09:40:40,28.197,3.557,27.96,101.13,46.25,5.875,222.22,42.63,-85.01,1,0.0467,0,Normal,Normal
2026-03-15 09:40:50,28.132,3.617,29.99,100.99,46.78,6.121,229.89,43.67,-76.09,1,0.0692,0,Normal,Normal
2026-03-15 09:41:00,28.068,7.07,24.92,101.04,49.17,5.836,283.86,40.82,-80.88,1,0.0464,1,Current surge,Warning
2026-03-15 09:41:10,28.228,7.85,26.75,101.71,48.05,6.308,283.27,41.59,-74.51,1,0.0535,1,Current surge,Warning
2026-03-15 09:41:20,27.335,7.044,28.65,101.81,46.05,6.811,276.61,42.75,-79.69,1,0.0445,1,Current surge,Warning
2026-03-15 09:41:30,28.447,7.747,27.04,101.09,45.15,6.197,309.95,42.51,-75.73,1,0.0625,1,Current surge,Warning
2026-03-15 09:41:40,27.3,7.918,26.52,101.24,46.56,6.18,308.75,41.0,-79.31,1,0.0508,1,Current surge,Warning
2026-03-15 09:41:50,27.615,7.469,27.94,100.62,46.58,6.647,301.84,43.15,-78.48,1,0.0738,1,Current surge,Warning
2026-03-15 09:42:00,27.848,7.383,25.81,101.23,47.29,6.698,292.17,38.78,-78.72,1,0.0526,1,Current surge,Warning
2026-03-15 09:42:10,28.095,8.28,27.94,100.72,45.9,6.272,281.13,42.49,-79.51,1,0.0427,1,Current surge,Warning
2026-03-15 09:42:20,26.972,8.097,24.73,101.1,46.99,6.52,279.74,39.33,-79.41,1,0.1143,1,Current surge,Warning
2026-03-15 09:42:30,27.839,8.231,24.27,101.73,48.51,5.877,286.49,36.42,-77.74,1,0.0505,1,Current surge,Warning
2026-03-15 09:42:40,28.062,8.18,26.09,100.7,46.95,6.708,305.55,41.9,-76.56,1,0.0443,1,Current surge,Warning
2026-03-15 09:42:50,28.1,8.832,22.6,100.94,45.68,6.946,312.53,35.21,-77.28,1,0.046,1,Current surge,Warning
2026-03-15 09:43:00,27.569,7.861,26.52,100.94,45.26,6.341,277.46,38.96,-76.2,1,0.0419,1,Current surge,Warning
2026-03-15 09:43:10,27.665,6.972,23.73,100.63,44.76,5.39,293.27,34.32,-82.09,1,0.0412,1,Current surge,Warning
2026-03-15 09:43:20,27.547,6.948,26.7,101.65,46.28,5.88,295.91,41.27,-74.59,1,0.049,1,Current surge,Warning
2026-03-15 09:43:30,27.591,3.567,26.5,101.41,43.76,6.242,234.54,38.52,-79.31,1,0.0855,0,Normal,Normal
2026-03-15 09:43:40,27.376,3.621,26.06,102.02,44.17,5.826,213.01,39.44,-81.79,1,0.042,0,Normal,Normal
2026-03-15 09:43:50,27.396,3.93,26.75,100.9,43.74,6.36,221.03,41.76,-71.08,1,0.075,0,Normal,Normal
2026-03-15 09:44:00,27.77,2.975,26.34,100.59,42.6,6.056,221.9,40.57,-72.16,1,0.0639,0,Normal,Normal
2026-03-15 09:44:10,27.656,3.55,25.54,101.68,41.03,5.532,226.6,38.79,-76.19,1,0.0646,0,Normal,Normal
2026-03-15 09:44:20,27.741,3.286,28.66,101.16,42.49,5.712,208.5,40.75,-72.72,1,0.0586,0,Normal,Normal
2026-03-15 09:44:30,27.634,3.446,26.44,101.11,41.4,5.303,206.53,40.31,-76.69,1,0.0534,0,Normal,Normal
2026-03-15 09:44:40,27.758,4.372,26.94,101.89,41.39,5.46,209.99,41.97,-76.87,1,0.0419,0,Normal,Normal
2026-03-15 09:44:50,27.787,3.948,27.33,101.37,39.41,5.229,231.23,42.17,-77.02,1,0.0529,0,Normal,Normal
2026-03-15 09:45:00,26.977,4.066,26.66,101.66,40.71,5.725,213.38,42.8,-76.92,1,0.0465,0,Normal,Normal
2026-03-15 09:45:10,27.22,3.841,28.68,101.05,37.33,5.938,224.45,41.9,-75.54,1,0.0417,0,Normal,Normal
2026-03-15 09:45:20,27.384,4.085,25.77,101.01,39.51,4.571,222.02,38.19,-76.68,1,0.0644,0,Normal,Normal
2026-03-15 09:45:30,27.423,3.491,25.45,101.15,34.37,4.265,215.15,39.82,-82.85,1,0.0519,0,Normal,Normal
2026-03-15 09:45:40,27.206,4.231,24.41,101.57,35.94,4.71,222.44,38.67,-74.62,1,0.0605,0,Normal,Normal
2026-03-15 09:45:50,22.886,3.808,52.21,101.32,34.88,4.114,205.2,67.06,-123.57,0,2.6113,1,Multiple simultaneous abnormalities,Critical
2026-03-15 09:46:00,22.894,3.924,59.15,101.49,32.19,4.504,210.4,69.34,-105.93,0,2.8508,1,Multiple simultaneous abnormalities,Critical
2026-03-15 09:46:10,20.222,4.229,53.64,100.26,32.44,4.586,195.55,71.32,-107.04,1,2.696,1,Multiple simultaneous abnormalities,Critical
2026-03-15 09:46:20,22.394,4.229,53.9,100.55,32.2,4.676,213.14,66.16,-117.6,0,1.3335,1,Multiple simultaneous abnormalities,Critical
2026-03-15 09:46:30,22.336,4.22,57.65,100.44,26.7,4.047,205.07,70.94,-114.52,1,1.5054,1,Multiple simultaneous abnormalities,Critical
2026-03-15 09:46:40,20.47,3.908,60.89,101.15,28.63,3.728,227.96,65.88,-116.53,0,2.1152,1,Multiple simultaneous abnormalities,Critical
2026-03-15 09:46:50,21.265,4.325,54.62,100.74,23.68,2.919,209.92,65.1,-119.59,1,2.7971,1,Multiple simultaneous abnormalities,Critical
2026-03-15 09:47:00,20.443,4.591,55.36,101.98,24.14,3.435,215.0,65.42,-111.04,0,1.896,1,Multiple simultaneous abnormalities,Critical
2026-03-15 09:47:10,20.865,4.27,57.04,101.29,25.87,3.264,212.66,70.49,-115.32,0,1.7015,1,Multiple simultaneous abnormalities,Critical
2026-03-15 09:47:20,21.097,4.783,51.19,101.39,21.84,3.276,205.81,61.92,-111.59,0,2.7847,1,Multiple simultaneous abnormalities,Critical
2026-03-15 09:47:30,22.838,4.288,58.94,100.86,19.77,2.62,213.38,57.59,-104.35,1,2.4138,1,Multiple simultaneous abnormalities,Critical
2026-03-15 09:47:40,19.699,4.558,60.66,100.85,19.59,2.533,204.72,67.9,-116.57,0,2.4959,1,Multiple simultaneous abnormalities,Critical
2026-03-15 09:47:50,21.356,4.989,64.87,101.92,21.0,1.99,207.31,61.84,-109.62,0,1.4336,1,Multiple simultaneous abnormalities,Critical
2026-03-15 09:48:00,21.709,4.483,54.08,102.01,15.04,1.532,221.43,68.15,-103.88,0,1.666,1,Multiple simultaneous abnormalities,Critical
2026-03-15 09:48:10,21.161,4.963,58.87,101.47,14.74,1.779,203.21,73.44,-107.29,1,2.0735,1,Multiple simultaneous abnormalities,Critical
2026-03-15 09:48:20,20.11,5.238,55.99,100.49,16.61,1.457,196.58,73.33,-107.09,0,2.4402,1,Multiple simultaneous abnormalities,Critical
2026-03-15 09:48:30,20.725,4.83,53.87,101.13,15.91,1.971,194.32,58.73,-114.66,0,1.8048,1,Multiple simultaneous abnormalities,Critical
2026-03-15 09:48:40,22.067,4.695,49.77,101.43,12.49,1.526,198.53,61.6,-104.9,0,1.5701,1,Multiple simultaneous abnormalities,Critical
2026-03-15 09:48:50,21.156,4.672,66.89,101.21,10.11,1.382,199.39,62.78,-117.17,0,1.9423,1,Multiple simultaneous abnormalities,Critical
2026-03-15 09:49:00,20.203,5.227,65.49,100.45,13.15,1.096,198.23,63.47,-104.43,1,1.9289,1,Multiple simultaneous abnormalities,Critical
2026-03-15 09:49:10,20.448,5.254,55.83,102.04,11.65,0.188,184.45,62.29,-115.18,0,2.6597,1,Multiple simultaneous abnormalities,Critical
2026-03-15 09:49:20,20.009,5.328,62.96,100.97,9.72,1.734,178.39,63.92,-98.02,1,2.7528,1,Multiple simultaneous abnormalities,Critical
2026-03-15 09:49:30,20.411,4.987,56.0,100.76,7.15,0.751,188.18,61.74,-97.3,1,1.5203,1,Multiple simultaneous abnormalities,Critical
2026-03-15 09:49:40,21.476,5.282,59.74,101.29,7.35,0.859,195.87,67.09,-110.96,0,1.6906,1,Multiple simultaneous abnormalities,Critical
2026-03-15 09:49:50,20.122,5.035,62.1,101.77,6.55,0.404,195.43,69.27,-97.63,0,2.5017,1,Multiple simultaneous abnormalities,Critical
2026-03-15 09:50:00,21.515,4.849,57.37,101.51,6.53,1.171,198.11,68.35,-105.79,0,1.633,1,Multiple simultaneous abnormalities,Critical
2026-03-15 09:50:10,21.786,5.372,50.54,100.77,7.32,0.805,196.97,64.09,-111.98,1,1.6663,1,Multiple simultaneous abnormalities,Critical
2026-03-15 09:50:20,20.421,5.519,55.69,100.71,6.12,0.396,189.7,63.5,-117.64,0,2.3228,1,Multiple simultaneous abnormalities,Critical
2026-03-15 09:50:30,21.916,4.873,59.38,100.42,3.3,0.485,185.18,66.16,-114.18,0,2.0741,1,Multiple simultaneous abnormalities,Critical
2026-03-15 09:50:40,23.11,4.884,59.97,101.18,5.82,1.151,197.21,70.72,-104.68,0,2.3791,1,Multiple simultaneous abnormalities,Critical
2026-03-15 09:50:50,21.615,5.168,51.52,101.11,4.15,0.486,194.56,62.07,-96.18,0,1.4224,1,Multiple simultaneous abnormalities,Critical
2026-03-15 09:51:00,22.176,5.411,58.91,101.51,4.25,0.4,183.75,64.65,-100.49,0,2.0683,1,Multiple simultaneous abnormalities,Critical
2026-03-15 09:51:10,19.754,4.9,50.22,101.03,4.86,0.09,197.26,68.97,-101.2,0,2.3208,1,Multiple simultaneous abnormalities,Critical
2026-03-15 09:51:20,19.891,5.251,52.57,101.69,1.47,0.0,199.7,71.91,-103.83,0,2.0176,1,Multiple simultaneous abnormalities,Critical
2026-03-15 09:51:30,20.558,5.057,49.88,101.56,2.5,0.288,198.17,70.48,-111.64,0,1.4447,1,Multiple simultaneous abnormalities,Critical
2026-03-15 09:51:40,26.945,5.389,26.86,101.01,1.66,0.426,199.39,40.76,-71.0,1,0.1042,0,Normal,Normal
2026-03-15 09:51:50,26.717,5.022,23.09,101.46,0.2,0.667,185.52,36.44,-62.36,1,0.0543,0,Normal,Normal
2026-03-15 09:52:00,26.465,5.422,19.55,101.83,2.31,0.0,198.19,34.17,-68.34,1,0.0419,0,Normal,Normal
2026-03-15 09:52:10,26.695,5.196,24.01,100.92,4.73,0.0,189.99,38.14,-63.7,1,0.0504,0,Normal,Normal
2026-03-15 09:52:20,26.412,5.008,21.58,101.21,0.0,0.007,207.49,36.94,-62.86,1,0.0824,0,Normal,Normal
2026-03-15 09:52:30,26.624,5.263,21.77,101.21,1.37,0.189,198.18,34.88,-58.0,1,0.0684,0,Normal,Normal
2026-03-15 09:52:40,26.899,4.768,20.97,101.16,2.04,0.122,194.37,34.74,-67.14,1,0.0453,0,Normal,Normal
2026-03-15 09:52:50,25.837,5.117,22.18,101.62,1.31,0.114,204.57,34.91,-66.95,1,0.0476,0,Normal,Normal
2026-03-15 09:53:00,26.679,5.345,22.07,101.65,0.92,0.285,186.72,36.02,-67.0,1,0.0688,0,Normal,Normal
2026-03-15 09:53:10,25.959,4.821,20.74,101.46,0.0,0.0,195.1,32.9,-65.39,1,0.0745,0,Normal,Normal
2026-03-15 09:53:20,26.769,4.625,20.86,101.44,1.15,0.444,208.52,35.24,-67.75,1,0.0769,0,Normal,Normal
2026-03-15 09:53:30,26.191,4.686,21.68,101.08,0.0,0.259,197.08,35.61,-62.09,1,0.0843,0,Normal,Normal
2026-03-15 09:53:40,25.997,5.605,17.92,101.43,0.0,0.0,191.73,32.11,-62.62,1,0.0504,0,Normal,Normal
2026-03-15 09:53:50,26.552,5.256,19.18,100.79,2.09,0.649,188.32,34.13,-66.33,1,0.0697,0,Normal,Normal
2026-03-15 09:54:00,26.434,5.145,23.76,102.29,1.75,0.625,182.69,38.03,-67.62,1,0.0464,0,Normal,Normal
2026-03-15 09:54:10,26.006,5.516,21.65,101.84,0.6,0.4,188.08,34.12,-66.73,1,0.0673,0,Normal,Normal
2026-03-15 09:54:20,25.911,5.18,20.28,101.68,0.77,0.0,183.81,33.61,-66.76,1,0.0464,0,Normal,Normal
2026-03-15 09:54:30,26.212,5.35,18.43,101.46,1.74,0.614,188.49,32.33,-63.82,1,0.0541,0,Normal,Normal
2026-03-15 09:54:40,25.889,5.291,20.8,101.46,0.68,0.334,189.42,34.4,-64.66,1,0.0495,0,Normal,Normal
2026-03-15 09:54:50,25.914,5.168,22.27,100.62,1.46,0.753,198.19,36.02,-62.73,1,0.0735,0,Normal,Normal
2026-03-15 09:55:00,26.249,5.361,24.66,100.8,0.0,0.48,186.98,40.6,-60.69,1,0.041,0,Normal,Normal
2026-03-15 09:55:10,25.907,5.481,23.44,100.85,1.89,0.595,185.46,37.56,-64.22,1,0.0846,0,Normal,Normal
2026-03-15 09:55:20,26.307,5.243,19.18,101.32,0.67,0.347,197.31,33.64,-63.3,1,0.0493,0,Normal,Normal
2026-03-15 09:55:30,26.609,5.175,19.67,101.19,0.5,0.508,195.77,31.26,-58.0,1,0.0498,0,Normal,Normal
2026-03-15 09:55:40,26.1,5.205,18.12,101.62,0.0,0.731,188.23,33.01,-63.32,1,0.0664,0,Normal,Normal
2026-03-15 09:55:50,26.167,4.717,18.97,100.91,0.57,0.106,194.97,36.39,-66.49,1,0.0565,0,Normal,Normal
2026-03-15 09:56:00,26.716,5.363,19.82,101.71,0.0,0.0,188.05,35.44,-65.21,1,0.0861,0,Normal,Normal
2026-03-15 09:56:10,25.738,4.991,19.5,100.97,0.0,0.0,188.43,32.97,-70.0,1,0.0519,0,Normal,Normal
2026-03-15 09:56:20,26.435,5.451,23.04,101.13,0.0,0.16,202.56,39.77,-63.36,1,0.0523,0,Normal,Normal
2026-03-15 09:56:30,26.383,5.271,17.89,101.66,0.0,0.048,189.01,31.92,-66.65,1,0.0935,0,Normal,Normal
2026-03-15 09:56:40,26.302,5.321,19.7,101.5,2.7,0.0,186.86,34.07,-67.69,1,0.0791,0,Normal,Normal
2026-03-15 09:56:50,26.417,5.47,16.58,100.8,1.74,0.0,190.24,30.26,-67.63,1,0.0435,0,Normal,Normal
2026-03-15 09:57:00,26.098,5.064,20.08,101.73,2.43,0.0,174.37,33.73,-61.62,1,0.0455,0,Normal,Normal
2026-03-15 09:57:10,25.823,5.388,17.48,101.34,0.0,0.299,188.74,28.78,-65.86,1,0.0547,0,Normal,Normal
2026-03-15 09:57:20,26.311,5.363,21.05,100.44,0.19,0.568,192.12,35.99,-62.82,1,0.082,0,Normal,Normal
2026-03-15 09:57:30,26.308,5.25,18.87,100.96,0.0,0.334,205.92,32.51,-63.99,1,0.0524,0,Normal,Normal
2026-03-15 09:57:40,26.285,5.064,17.11,101.14,0.0,0.383,190.81,30.88,-64.59,1,0.0598,0,Normal,Normal
2026-03-15 09:57:50,25.952,5.446,15.96,100.83,0.0,0.0,193.57,30.29,-66.39,1,0.0415,0,Normal,Normal
2026-03-15 09:58:00,25.709,5.473,17.56,101.84,1.57,0.0,192.83,31.06,-63.81,1,0.0511,0,Normal,Normal
2026-03-15 09:58:10,25.967,5.326,19.29,101.15,0.0,0.0,208.2,33.61,-66.63,1,0.0424,0,Normal,Normal
2026-03-15 09:58:20,26.178,5.03,19.47,101.48,1.35,0.0,198.07,34.92,-64.95,1,0.0445,0,Normal,Normal
2026-03-15 09:58:30,26.189,5.166,18.0,101.38,0.79,0.0,178.44,32.49,-62.17,1,0.0427,0,Normal,Normal
2026-03-15 09:58:40,25.739,5.283,20.05,101.58,2.83,0.027,199.88,33.86,-61.61,1,0.0427,0,Normal,Normal
2026-03-15 09:58:50,25.95,5.47,16.86,101.97,0.0,0.162,182.48,30.71,-66.95,1,0.1119,0,Normal,Normal
2026-03-15 09:59:00,25.449,4.902,14.08,101.57,1.56,0.306,184.81,28.32,-64.61,1,0.0453,0,Normal,Normal
2026-03-15 09:59:10,26.125,5.157,18.81,102.0,1.43,0.0,179.64,31.81,-64.07,1,0.0525,0,Normal,Normal
2026-03-15 09:59:20,25.581,5.198,20.23,101.58,0.0,0.0,204.61,34.48,-65.2,1,0.0403,0,Normal,Normal
2026-03-15 09:59:30,26.039,5.278,20.15,101.35,1.25,0.0,199.52,34.97,-63.72,1,0.0646,0,Normal,Normal
2026-03-15 09:59:40,25.447,4.973,16.16,101.43,0.45,0.021,199.88,30.27,-63.79,1,0.0571,0,Normal,Normal
2026-03-15 09:59:50,26.089,5.244,17.2,100.25,0.0,0.433,198.32,30.69,-60.71,1,0.0439,0,Normal,Normal
2026-03-15 10:00:00,25.864,5.221,19.02,101.12,0.0,0.0,195.55,32.67,-59.87,1,0.0406,0,Normal,Normal
2026-03-15 10:00:10,25.522,5.039,16.9,101.24,0.0,0.184,187.47,31.68,-66.95,1,0.0448,0,Normal,Normal
2026-03-15 10:00:20,25.953,5.269,17.91,101.48,2.49,0.106,191.67,30.59,-61.6,1,0.0549,0,Normal,Normal
2026-03-15 10:00:30,25.557,5.164,16.59,101.29,0.03,0.02,185.89,29.61,-65.39,1,0.0402,0,Normal,Normal
2026-03-15 10:00:40,25.948,5.423,15.94,101.43,0.97,0.33,183.21,28.01,-67.37,1,0.0412,0,Normal,Normal
2026-03-15 10:00:50,25.631,5.078,16.14,100.77,0.0,0.0,184.9,30.18,-65.16,1,0.0479,0,Normal,Normal
2026-03-15 10:01:00,25.186,5.321,18.83,100.67,0.0,0.0,208.85,33.86,-67.82,1,0.0429,0,Normal,Normal
2026-03-15 10:01:10,25.398,5.097,17.33,100.83,1.32,0.0,186.96,32.93,-67.39,1,0.055,0,Normal,Normal
2026-03-15 10:01:20,25.553,5.149,19.13,101.93,0.0,0.0,198.02,34.99,-70.7,1,0.0429,0,Normal,Normal
2026-03-15 10:01:30,26.083,5.373,17.91,100.79,0.0,0.181,206.63,31.09,-67.33,1,0.1158,0,Normal,Normal
2026-03-15 10:01:40,25.934,5.358,19.46,100.98,0.06,0.0,196.26,33.76,-64.93,1,0.0486,0,Normal,Normal
2026-03-15 10:01:50,26.142,5.195,18.19,101.34,0.15,0.082,183.71,31.7,-65.73,1,0.0424,0,Normal,Normal
2026-03-15 10:02:00,26.142,5.232,18.01,100.66,0.0,0.0,184.12,33.99,-66.96,1,0.0412,0,Normal,Normal
2026-03-15 10:02:10,25.477,4.936,35.75,100.95,0.49,0.078,190.96,51.98,-63.01,1,0.0482,1,Temperature spike,Warning
2026-03-15 10:02:20,25.572,5.65,45.9,101.57,0.85,0.0,208.07,50.73,-61.99,1,0.0648,1,Temperature spike,Warning
2026-03-15 10:02:30,25.497,5.471,37.49,101.12,0.9,0.0,201.4,44.21,-67.08,1,0.0487,1,Temperature spike,Warning
2026-03-15 10:02:40,25.411,5.462,41.31,101.97,0.0,0.036,194.31,38.05,-63.96,1,0.0423,1,Temperature spike,Warning
2026-03-15 10:02:50,25.053,4.901,37.22,100.62,0.0,0.073,188.38,48.46,-67.89,1,0.0501,1,Temperature spike,Warning
2026-03-15 10:03:00,25.593,5.151,39.13,101.16,1.45,0.001,193.05,47.46,-68.86,1,0.0462,1,Temperature spike,Warning
2026-03-15 10:03:10,25.205,5.216,39.87,101.12,1.09,0.599,191.53,47.33,-66.43,1,0.0505,1,Temperature spike,Warning
2026-03-15 10:03:20,25.574,4.817,36.19,101.3,0.0,0.0,191.47,50.25,-69.72,1,0.0474,1,Temperature spike,Warning
2026-03-15 10:03:30,26.212,5.522,40.91,100.81,0.44,0.0,183.01,42.44,-76.78,1,0.0557,1,Temperature spike,Warning
2026-03-15 10:03:40,25.418,5.663,40.61,101.07,0.0,0.0,182.86,41.93,-70.68,1,0.0644,1,Temperature spike,Warning
2026-03-15 10:03:50,25.624,5.815,42.45,101.62,0.07,0.132,192.64,49.11,-74.62,1,0.0726,1,Temperature spike,Warning
2026-03-15 10:04:00,25.831,5.038,37.82,101.19,2.29,0.0,180.73,46.76,-71.47,1,0.0603,1,Temperature spike,Warning
2026-03-15 10:04:10,25.638,5.329,44.74,100.87,0.0,0.0,185.01,51.54,-72.15,1,0.0466,1,Temperature spike,Warning
2026-03-15 10:04:20,25.636,5.63,42.56,102.13,0.0,0.0,190.25,52.0,-72.34,1,0.0489,1,Temperature spike,Warning
2026-03-15 10:04:30,25.435,5.236,42.45,101.32,0.93,0.1,192.66,54.82,-74.09,1,0.0554,1,Temperature spike,Warning
2026-03-15 10:04:40,25.469,5.158,33.89,101.55,0.0,0.0,198.93,46.01,-74.74,1,0.0437,1,Temperature spike,Warning
2026-03-15 10:04:50,25.247,4.833,35.57,101.61,0.0,0.0,179.98,45.04,-73.3,1,0.0581,1,Temperature spike,Warning
2026-03-15 10:05:00,25.784,5.583,40.9,101.27,0.73,0.504,180.01,47.21,-72.69,1,0.0557,1,Temperature spike,Warning
2026-03-15 10:05:10,25.004,5.295,41.97,100.98,0.0,0.101,200.46,44.28,-72.69,1,0.056,1,Temperature spike,Warning
2026-03-15 10:05:20,25.814,5.117,41.42,101.38,0.0,0.0,203.42,49.61,-71.24,1,0.0461,1,Temperature spike,Warning
2026-03-15 10:05:30,25.098,5.371,36.65,101.02,0.9,0.0,181.66,46.82,-70.12,1,0.0538,1,Temperature spike,Warning
2026-03-15 10:05:40,25.805,5.338,39.63,101.45,0.52,0.577,183.25,51.76,-75.5,1,0.0433,1,Temperature spike,Warning
2026-03-15 10:05:50,25.407,5.342,37.5,101.23,0.33,0.0,194.37,45.36,-75.32,1,0.0432,1,Temperature spike,Warning
2026-03-15 10:06:00,25.141,5.245,37.15,101.71,0.0,0.0,190.4,46.21,-67.93,1,0.0619,1,Temperature spike,Warning
2026-03-15 10:06:10,25.682,5.705,13.78,100.84,0.45,0.0,190.46,28.76,-70.88,1,0.0472,0,Normal,Normal
2026-03-15 10:06:20,25.785,5.266,16.38,101.59,0.0,0.0,183.76,30.72,-75.71,1,0.0518,0,Normal,Normal
2026-03-15 10:06:30,25.373,5.704,14.79,101.55,0.56,0.0,195.76,27.53,-77.37,1,0.0452,0,Normal,Normal
2026-03-15 10:06:40,25.72,5.441,14.7,101.2,0.0,0.0,188.11,28.25,-75.33,1,0.044,0,Normal,Normal
2026-03-15 10:06:50,24.817,5.387,13.71,101.59,0.0,0.0,187.85,26.45,-74.83,1,0.0627,0,Normal,Normal
2026-03-15 10:07:00,25.105,5.271,14.45,101.47,0.0,0.0,180.96,29.84,-72.26,1,0.0637,0,Normal,Normal
2026-03-15 10:07:10,25.888,5.543,13.52,101.57,0.0,0.208,196.34,25.63,-81.44,1,0.0671,0,Normal,Normal
2026-03-15 10:07:20,25.433,5.328,16.45,101.54,0.0,0.0,187.12,32.37,-77.66,1,0.0689,0,Normal,Normal
2026-03-15 10:07:30,24.941,5.067,15.42,101.32,0.0,0.0,189.65,30.96,-69.6,1,0.0479,0,Normal,Normal
2026-03-15 10:07:40,25.29,5.058,14.02,101.06,0.32,0.446,199.53,26.91,-75.18,1,0.0648,0,Normal,Normal
2026-03-15 10:07:50,25.224,5.405,13.93,101.06,0.27,0.455,181.63,27.43,-75.28,1,0.0464,0,Normal,Normal
2026-03-15 10:08:00,25.451,5.073,14.29,101.21,0.95,0.0,189.31,27.43,-77.39,1,0.0408,0,Normal,Normal
2026-03-15 10:08:10,25.391,5.284,14.08,101.64,0.0,0.0,177.54,28.59,-73.56,1,0.0575,0,Normal,Normal
2026-03-15 10:08:20,25.557,5.564,12.59,101.55,0.5,0.0,185.82,28.28,-81.57,1,0.0433,0,Normal,Normal
2026-03-15 10:08:30,25.484,5.376,11.11,101.7,0.67,0.244,200.31,26.53,-77.67,1,0.049,0,Normal,Normal
2026-03-15 10:08:40,25.915,5.119,12.71,101.74,0.54,0.0,177.68,26.19,-82.87,1,0.0427,0,Normal,Normal
2026-03-15 10:08:50,25.636,5.652,13.65,101.21,0.0,0.0,191.89,29.15,-76.91,1,0.0475,0,Normal,Normal
2026-03-15 10:09:00,25.648,5.437,12.68,102.08,0.19,0.0,202.84,28.08,-78.42,1,0.0724,0,Normal,Normal
2026-03-15 10:09:10,25.863,5.554,14.95,101.26,0.45,0.0,194.4,28.73,-82.2,1,0.0542,0,Normal,Normal
2026-03-15 10:09:20,25.4,4.733,13.32,101.1,0.02,0.113,185.34,27.31,-74.5,1,0.0424,0,Normal,Normal
2026-03-15 10:09:30,25.141,5.382,16.42,101.43,0.0,0.0,181.11,32.27,-75.69,1,0.0594,0,Normal,Normal
2026-03-15 10:09:40,25.885,5.51,12.71,101.49,0.2,0.35,174.57,27.98,-74.89,1,0.0682,0,Normal,Normal
2026-03-15 10:09:50,25.567,5.725,13.71,101.0,2.67,0.0,202.51,29.18,-82.72,1,0.0427,0,Normal,Normal
2026-03-15 10:10:00,25.572,4.934,13.01,101.24,0.0,0.0,186.64,30.12,-81.43,1,0.0604,0,Normal,Normal
2026-03-15 10:10:10,25.345,5.601,14.05,101.12,0.0,0.0,175.59,28.71,-75.03,1,0.0519,0,Normal,Normal
2026-03-15 10:10:20,25.354,5.711,14.94,101.36,0.46,0.0,181.84,29.33,-76.42,1,0.0539,0,Normal,Normal
2026-03-15 10:10:30,25.798,4.795,14.2,101.62,0.39,0.0,181.38,29.83,-74.86,1,0.082,0,Normal,Normal
2026-03-15 10:10:40,25.844,5.419,10.19,101.19,1.44,0.0,186.05,26.58,-80.0,1,0.0406,0,Normal,Normal
2026-03-15 10:10:50,25.789,5.454,13.94,101.53,0.0,0.517,209.12,27.21,-79.82,1,0.0553,1,Sensor value drift,Warning
2026-03-15 10:11:00,25.797,5.218,11.63,100.21,0.89,0.064,197.39,25.38,-77.85,1,0.0413,1,Sensor value drift,Warning
2026-03-15 10:11:10,25.736,5.177,12.63,100.61,0.72,0.0,193.88,25.41,-83.95,1,0.0634,1,Sensor value drift,Warning
2026-03-15 10:11:20,25.611,5.466,14.08,99.54,0.0,0.0,199.59,28.49,-79.51,1,0.074,1,Sensor value drift,Warning
2026-03-15 10:11:30,25.525,5.146,11.32,99.01,0.42,0.21,204.68,26.39,-72.69,1,0.0414,1,Sensor value drift,Warning
2026-03-15 10:11:40,25.947,5.245,14.69,98.83,1.25,0.457,194.24,27.55,-81.57,1,0.0404,1,Sensor value drift,Warning
2026-03-15 10:11:50,25.479,5.503,12.38,98.33,1.06,0.101,201.54,27.75,-85.5,1,0.0867,1,Sensor value drift,Warning
2026-03-15 10:12:00,25.709,5.738,16.13,97.58,0.0,0.243,184.89,29.58,-79.64,1,0.0792,1,Sensor value drift,Warning
2026-03-15 10:12:10,25.364,5.434,12.93,96.74,1.0,0.216,183.11,26.29,-83.77,1,0.0786,1,Sensor value drift,Warning
2026-03-15 10:12:20,25.415,5.333,15.35,96.38,0.0,0.499,181.76,30.7,-81.57,1,0.0821,1,Sensor value drift,Warning
2026-03-15 10:12:30,25.55,5.17,14.55,96.09,0.11,0.0,192.36,27.8,-78.17,1,0.0504,1,Sensor value drift,Warning
2026-03-15 10:12:40,25.388,5.047,11.79,95.72,0.11,0.236,168.97,24.11,-79.93,1,0.0965,1,Sensor value drift,Warning
2026-03-15 10:12:50,25.876,5.577,10.72,94.67,0.0,0.347,200.61,25.61,-83.24,1,0.0734,1,Sensor value drift,Warning
2026-03-15 10:13:00,25.241,5.261,12.81,94.21,1.45,0.0,186.07,26.65,-79.43,1,0.0415,1,Sensor value drift,Warning
2026-03-15 10:13:10,25.684,5.587,11.73,94.06,0.0,0.0,196.63,27.16,-87.12,1,0.0651,1,Sensor value drift,Warning
2026-03-15 10:13:20,25.703,5.217,14.93,93.39,0.0,0.0,178.88,29.93,-81.68,1,0.0587,1,Sensor value drift,Warning
2026-03-15 10:13:30,25.13,5.137,12.16,92.96,0.0,0.0,198.91,24.06,-83.58,1,0.0422,1,Sensor value drift,Warning
2026-03-15 10:13:40,25.55,5.404,12.05,91.32,0.24,0.0,201.08,27.63,-89.66,1,0.0601,1,Sensor value drift,Warning
2026-03-15 10:13:50,25.769,5.28,10.37,91.73,1.5,0.088,190.84,26.65,-86.37,1,0.05,1,Sensor value drift,Warning
2026-03-15 10:14:00,25.831,4.998,13.06,91.66,0.75,0.307,194.24,28.31,-82.92,1,0.0688,1,Sensor value drift,Warning
2026-03-15 10:14:10,25.651,5.753,10.64,90.55,0.0,0.382,181.81,25.93,-80.78,1,0.0656,1,Sensor value drift,Warning
2026-03-15 10:14:20,25.926,5.142,13.04,90.46,3.01,0.0,190.39,26.74,-83.09,1,0.0828,1,Sensor value drift,Warning
2026-03-15 10:14:30,25.701,5.531,13.22,89.27,0.35,0.0,197.8,26.65,-84.18,1,0.0412,1,Sensor value drift,Warning
2026-03-15 10:14:40,25.749,5.509,11.2,88.59,1.56,0.465,187.6,25.45,-80.99,1,0.0586,1,Sensor value drift,Warning
2026-03-15 10:14:50,25.832,4.984,13.73,88.87,0.0,0.231,202.24,28.84,-82.72,1,0.0471,1,Sensor value drift,Warning
2026-03-15 10:15:00,26.046,5.048,11.86,88.15,0.68,0.034,175.76,26.93,-80.67,1,0.0624,1,Sensor value drift,Warning
2026-03-15 10:15:10,25.577,5.223,10.04,87.52,1.05,0.171,187.4,23.52,-82.05,1,0.0538,1,Sensor value drift,Warning
2026-03-15 10:15:20,25.646,5.082,14.54,87.46,1.5,0.0,174.66,27.9,-86.02,1,0.0503,1,Sensor value drift,Warning
2026-03-15 10:15:30,25.603,5.73,10.82,86.48,1.31,0.19,192.56,23.03,-81.98,1,0.0401,1,Sensor value drift,Warning
2026-03-15 10:15:40,25.717,5.248,12.95,85.82,1.09,0.0,188.33,27.72,-81.2,1,0.054,1,Sensor value drift,Warning
2026-03-15 10:15:50,26.257,5.521,12.8,85.25,0.0,0.101,188.63,26.34,-79.98,1,0.0482,1,Sensor value drift,Warning
2026-03-15 10:16:00,26.014,5.426,12.73,84.64,0.0,0.0,195.96,26.37,-85.85,1,0.0461,1,Sensor value drift,Warning
2026-03-15 10:16:10,25.516,5.364,12.69,84.68,0.46,0.0,187.77,28.76,-85.45,1,0.1073,1,Sensor value drift,Warning
2026-03-15 10:16:20,25.688,5.308,10.66,83.85,1.18,0.0,212.5,25.38,-81.79,1,0.0581,1,Sensor value drift,Warning
2026-03-15 10:16:30,25.994,5.607,14.64,83.9,0.0,0.0,196.52,29.02,-81.99,1,0.0516,1,Sensor value drift,Warning
2026-03-15 10:16:40,25.624,5.091,13.52,100.12,1.35,0.0,190.29,28.52,-86.11,1,0.0705,0,Normal,Normal
2026-03-15 10:16:50,25.692,5.729,12.78,101.67,1.82,0.0,184.66,28.49,-86.66,1,0.0439,0,Normal,Normal
2026-03-15 10:17:00,26.327,4.975,10.06,101.44,0.0,0.0,182.77,22.12,-86.0,1,0.0545,0,Normal,Normal
2026-03-15 10:17:10,25.754,5.492,10.58,101.26,0.0,0.204,193.56,23.9,-84.52,1,0.0696,0,Normal,Normal
2026-03-15 10:17:20,26.239,4.945,13.03,100.78,0.0,0.0,185.86,26.75,-87.47,1,0.042,0,Normal,Normal
2026-03-15 10:17:30,26.345,5.217,9.02,100.64,0.47,0.0,198.0,22.0,-83.59,1,0.044,0,Normal,Normal
2026-03-15 10:17:40,25.763,5.319,12.53,101.6,0.0,0.0,189.42,26.21,-90.07,1,0.0413,0,Normal,Normal
2026-03-15 10:17:50,25.731,5.174,10.02,101.4,1.74,0.134,189.45,22.16,-87.41,1,0.1133,0,Normal,Normal
2026-03-15 10:18:00,25.931,5.25,10.71,101.39,0.64,0.0,191.01,25.82,-84.39,1,0.053,0,Normal,Normal
2026-03-15 10:18:10,25.703,4.948,9.89,101.26,0.18,0.0,188.88,23.27,-87.72,1,0.0501,0,Normal,Normal
2026-03-15 10:18:20,26.082,5.048,12.37,101.64,0.0,0.0,192.33,26.61,-86.24,1,0.0462,0,Normal,Normal
2026-03-15 10:18:30,26.0,5.419,13.68,101.07,0.0,0.142,206.67,27.74,-85.38,1,0.049,0,Normal,Normal
2026-03-15 10:18:40,26.186,5.301,12.52,101.17,0.51,0.0,194.45,27.19,-78.64,1,0.0624,0,Normal,Normal
2026-03-15 10:18:50,26.513,5.12,12.69,101.23,0.0,0.218,193.53,23.73,-88.92,1,0.0773,0,Normal,Normal
2026-03-15 10:19:00,26.356,5.623,12.25,101.21,1.42,0.0,196.45,26.79,-84.29,1,0.0417,0,Normal,Normal
2026-03-15 10:19:10,26.274,4.987,13.03,101.83,0.03,0.024,189.3,26.7,-88.06,1,0.0453,0,Normal,Normal
2026-03-15 10:19:20,25.555,5.2,12.71,100.8,4.14,0.021,182.47,27.2,-88.15,1,0.0431,0,Normal,Normal
2026-03-15 10:19:30,26.295,5.164,7.94,100.52,3.04,0.0,166.04,22.0,-87.57,1,0.0486,0,Normal,Normal
2026-03-15 10:19:40,26.696,5.443,13.38,100.72,0.07,0.0,173.8,27.87,-85.39,1,0.0513,0,Normal,Normal
2026-03-15 10:19:50,25.294,5.3,13.22,101.57,0.19,0.0,196.21,28.78,-80.58,1,0.0592,0,Normal,Normal
2026-03-15 10:20:00,26.421,5.26,11.49,101.26,1.54,0.616,193.2,25.71,-81.32,1,0.0713,0,Normal,Normal
2026-03-15 10:20:10,26.185,4.825,9.08,100.66,2.42,0.0,189.09,22.22,-86.18,1,0.0517,0,Normal,Normal
2026-03-15 10:20:20,25.995,5.501,12.41,101.34,0.0,0.648,209.2,25.6,-85.56,1,0.0501,0,Normal,Normal
2026-03-15 10:20:30,26.509,5.229,12.55,101.17,0.0,0.0,190.06,27.24,-82.93,1,0.0529,0,Normal,Normal
2026-03-15 10:20:40,26.8,5.31,11.41,101.52,0.0,0.079,171.47,26.09,-84.47,1,0.0729,0,Normal,Normal
2026-03-15 10:20:50,26.538,5.093,12.36,101.62,1.24,0.0,196.4,26.79,-86.49,1,0.0557,0,Normal,Normal
2026-03-15 10:21:00,26.213,5.051,13.71,102.31,1.19,0.0,199.72,27.66,-82.53,1,0.0632,0,Normal,Normal
2026-03-15 10:21:10,26.06,5.65,15.71,100.83,1.94,0.0,196.24,29.95,-79.57,1,0.0591,0,Normal,Normal
2026-03-15 10:21:20,26.406,4.83,12.35,100.55,0.0,0.0,199.93,26.27,-81.18,1,0.0786,0,Normal,Normal
2026-03-15 10:21:30,26.644,5.007,12.65,101.54,0.0,0.034,176.49,26.19,-80.2,1,0.0655,0,Normal,Normal
2026-03-15 10:21:40,26.285,5.638,10.93,101.69,1.9,0.0,191.39,25.84,-84.6,1,0.0463,0,Normal,Normal
2026-03-15 10:21:50,26.333,5.424,11.43,100.79,0.0,0.777,184.06,25.8,-87.34,1,0.0689,0,Normal,Normal
2026-03-15 10:22:00,27.287,5.179,12.0,100.79,0.0,0.0,194.95,27.55,-89.99,1,0.0495,0,Normal,Normal
2026-03-15 10:22:10,26.784,5.568,13.99,101.44,1.33,0.193,203.01,29.33,-90.1,1,0.0682,0,Normal,Normal
2026-03-15 10:22:20,26.825,5.364,13.48,101.99,2.23,0.26,187.99,27.81,-84.38,1,0.0754,0,Normal,Normal
2026-03-15 10:22:30,26.062,5.305,15.17,100.95,1.26,0.0,196.24,29.88,-82.14,1,0.0573,0,Normal,Normal
2026-03-15 10:22:40,26.308,5.298,10.06,101.33,1.0,0.451,184.12,22.91,-81.01,1,0.059,0,Normal,Normal
2026-03-15 10:22:50,26.563,5.352,10.34,100.54,1.52,0.092,191.11,24.24,-82.69,1,0.0423,0,Normal,Normal
2026-03-15 10:23:00,26.261,5.356,14.0,101.22,1.44,0.0,187.26,28.41,-85.46,1,0.0459,0,Normal,Normal
2026-03-15 10:23:10,27.062,5.771,14.55,101.25,0.47,0.513,205.93,26.65,-81.19,1,0.0522,0,Normal,Normal
2026-03-15 10:23:20,27.025,5.165,12.46,101.89,1.45,0.0,183.04,26.97,-86.62,1,0.0401,0,Normal,Normal
2026-03-15 10:23:30,26.463,5.164,5.74,101.02,3.17,0.0,192.56,22.0,-86.19,1,0.0682,0,Normal,Normal
2026-03-15 10:23:40,27.179,4.886,11.35,101.57,3.19,0.621,203.0,24.33,-80.9,1,0.0469,0,Normal,Normal
2026-03-15 10:23:50,26.664,5.171,13.0,100.99,3.3,0.298,176.7,26.37,-86.28,1,0.0593,0,Normal,Normal
2026-03-15 10:24:00,27.463,5.637,11.18,101.34,2.23,0.784,195.94,25.15,-84.73,1,0.062,0,Normal,Normal
2026-03-15 10:24:10,26.751,5.405,12.84,102.13,3.56,0.935,193.64,25.25,-85.21,1,0.0519,0,Normal,Normal
2026-03-15 10:24:20,26.902,5.008,15.45,102.02,1.55,0.338,187.59,30.48,-81.6,1,0.0634,0,Normal,Normal
2026-03-15 10:24:30,27.171,5.135,14.78,102.08,4.81,0.9,203.08,28.99,-80.18,1,0.0572,0,Normal,Normal
2026-03-15 10:24:40,27.156,4.786,13.89,101.46,6.78,0.421,207.42,30.2,-79.94,1,0.0467,0,Normal,Normal
2026-03-15 10:24:50,26.947,4.849,12.61,101.22,3.81,1.537,199.33,26.97,-83.35,1,0.0654,0,Normal,Normal
2026-03-15 10:25:00,26.774,5.107,12.01,101.41,5.43,0.588,192.1,26.69,-81.93,1,0.0552,0,Normal,Normal
2026-03-15 10:25:10,26.992,4.923,13.93,101.49,7.14,1.273,183.34,26.9,-79.04,1,0.0426,0,Normal,Normal
2026-03-15 10:25:20,26.615,4.761,12.87,101.46,8.91,1.299,196.84,25.45,-82.66,1,0.0622,0,Normal,Normal
2026-03-15 10:25:30,26.928,5.118,12.96,101.02,7.59,1.211,194.7,27.7,-83.62,1,0.0569,0,Normal,Normal
2026-03-15 10:25:40,26.571,4.945,10.59,101.0,8.07,0.971,195.75,23.28,-82.61,1,0.045,0,Normal,Normal
2026-03-15 10:25:50,26.392,4.543,11.89,101.06,7.38,1.266,193.13,26.66,-82.32,1,0.0677,0,Normal,Normal
2026-03-15 10:26:00,26.964,4.382,14.13,101.73,10.76,0.687,193.08,30.18,-80.21,1,0.047,0,Normal,Normal
2026-03-15 10:26:10,27.35,4.723,11.4,101.77,14.04,1.648,198.69,26.53,-80.18,1,0.0521,0,Normal,Normal
2026-03-15 10:26:20,27.271,4.43,13.49,102.57,12.94,1.83,189.34,28.18,-80.4,1,0.0463,0,Normal,Normal
2026-03-15 10:26:30,26.992,4.32,13.76,101.47,13.66,1.9,208.27,28.08,-82.1,1,0.0593,0,Normal,Normal
2026-03-15 10:26:40,27.563,5.027,13.9,100.98,15.2,0.966,194.7,27.44,-82.28,1,0.0531,0,Normal,Normal
2026-03-15 10:26:50,26.891,4.675,14.08,101.11,15.99,1.724,202.57,27.94,-77.33,1,0.0495,0,Normal,Normal
2026-03-15 10:27:00,26.509,4.587,14.23,101.24,16.26,2.073,199.98,27.55,-78.04,1,0.0403,0,Normal,Normal
2026-03-15 10:27:10,26.452,4.559,12.41,101.9,19.5,2.61,208.7,24.83,-80.16,1,0.054,0,Normal,Normal
2026-03-15 10:27:20,26.775,4.272,11.19,101.59,20.1,2.787,209.22,25.23,-78.81,1,0.0546,0,Normal,Normal
2026-03-15 10:27:30,27.398,4.609,12.14,100.76,21.2,2.808,209.5,27.47,-74.78,1,0.043,0,Normal,Normal
2026-03-15 10:27:40,26.985,4.422,14.6,101.28,21.37,3.275,197.08,27.05,-78.42,1,0.0461,0,Normal,Normal
2026-03-15 10:27:50,27.337,4.214,11.75,100.71,25.48,2.88,205.9,27.43,-78.0,1,0.0717,0,Normal,Normal
2026-03-15 10:28:00,27.716,4.199,12.05,101.54,26.1,3.639,221.26,27.51,-73.17,1,0.0519,0,Normal,Normal
2026-03-15 10:28:10,26.915,3.993,12.1,101.02,26.01,3.778,206.71,26.57,-74.32,1,0.0486,0,Normal,Normal
2026-03-15 10:28:20,27.411,4.147,10.96,101.06,29.23,3.928,218.83,25.44,-79.23,1,0.0812,0,Normal,Normal
2026-03-15 10:28:30,27.453,4.139,12.06,100.55,28.77,3.913,211.33,25.84,-73.87,1,0.0651,0,Normal,Normal
2026-03-15 10:28:40,27.056,4.042,15.34,101.6,29.73,4.793,209.88,29.39,-77.36,1,0.0415,0,Normal,Normal
2026-03-15 10:28:50,27.744,4.116,12.83,101.78,31.02,4.496,214.77,26.27,-79.77,1,0.0694,0,Normal,Normal
2026-03-15 10:29:00,27.274,4.037,11.34,101.02,31.02,4.149,207.51,25.38,-72.48,1,0.0424,0,Normal,Normal
2026-03-15 10:29:10,27.269,4.071,13.26,101.24,34.87,4.733,222.22,27.42,-78.29,1,0.0429,0,Normal,Normal
2026-03-15 10:29:20,28.04,4.208,14.85,101.11,33.22,5.059,208.99,31.11,-77.46,1,0.0412,0,Normal,Normal
2026-03-15 10:29:30,27.587,4.081,11.4,101.21,34.99,4.732,221.02,26.08,-76.84,1,0.0498,0,Normal,Normal
2026-03-15 10:29:40,27.731,4.134,15.64,100.97,34.96,5.453,225.94,29.39,-69.35,1,0.0555,0,Normal,Normal
2026-03-15 10:29:50,27.883,3.649,12.12,100.86,38.28,5.331,221.39,26.0,-78.09,1,0.061,0,Normal,Normal
2026-03-15 10:30:00,27.305,3.701,13.75,101.85,39.06,4.494,214.06,26.89,-76.81,1,0.0404,0,Normal,Normal
2026-03-15 10:30:10,27.898,3.962,13.8,100.24,39.65,5.528,220.69,27.14,-75.79,1,0.0429,0,Normal,Normal
2026-03-15 10:30:20,27.396,3.938,13.63,101.5,39.54,5.381,213.87,28.73,-72.95,1,0.0546,0,Normal,Normal
2026-03-15 10:30:30,27.406,3.575,14.45,101.41,40.07,5.804,218.55,27.85,-74.51,1,0.0512,0,Normal,Normal
2026-03-15 10:30:40,27.511,3.874,15.78,101.96,42.66,6.032,216.51,29.04,-76.07,1,0.0408,0,Normal,Normal
2026-03-15 10:30:50,27.43,3.464,14.62,101.21,42.02,5.847,215.03,27.91,-71.97,1,0.0811,0,Normal,Normal
2026-03-15 10:31:00,27.886,3.8,13.84,101.15,43.58,6.433,226.55,26.97,-69.54,1,0.0613,0,Normal,Normal
2026-03-15 10:31:10,27.743,3.655,15.51,100.98,42.62,5.852,229.72,30.86,-78.25,1,0.0467,0,Normal,Normal
2026-03-15 10:31:20,27.539,3.3,15.2,101.44,44.33,6.193,230.59,29.38,-75.19,1,0.0515,0,Normal,Normal
2026-03-15 10:31:30,27.911,3.522,13.96,101.02,46.07,6.309,224.39,27.62,-71.39,1,0.047,0,Normal,Normal
2026-03-15 10:31:40,27.65,4.163,15.1,100.85,45.57,6.041,234.47,29.14,-76.39,1,0.0491,0,Normal,Normal
2026-03-15 10:31:50,27.657,3.656,33.98,101.01,44.69,6.392,217.53,28.24,-95.76,1,0.7905,1,Multiple simultaneous abnormalities,Warning
2026-03-15 10:32:00,27.793,4.17,31.58,100.92,45.79,5.95,233.44,26.99,-90.75,1,0.8968,1,Multiple simultaneous abnormalities,Warning
2026-03-15 10:32:10,27.94,3.224,29.13,100.9,45.45,6.046,230.63,28.8,-92.03,1,0.5637,1,Multiple simultaneous abnormalities,Warning
2026-03-15 10:32:20,27.941,3.764,29.84,101.33,45.98,5.766,223.84,31.61,-87.69,1,0.627,1,Multiple simultaneous abnormalities,Warning
2026-03-15 10:32:30,27.738,2.934,29.83,101.22,45.79,6.339,225.46,31.75,-88.75,1,0.6364,1,Multiple simultaneous abnormalities,Warning
2026-03-15 10:32:40,28.124,3.561,28.56,101.52,46.18,6.394,232.11,30.89,-89.99,1,0.7068,1,Multiple simultaneous abnormalities,Warning
2026-03-15 10:32:50,27.826,3.712,28.76,101.36,46.8,6.716,229.23,29.34,-92.51,1,0.8743,1,Multiple simultaneous abnormalities,Warning
2026-03-15 10:33:00,27.719,3.758,31.74,100.82,45.51,6.6,226.14,33.44,-91.6,1,0.638,1,Multiple simultaneous abnormalities,Warning
2026-03-15 10:33:10,27.498,3.344,29.15,100.45,45.61,6.242,220.55,28.63,-96.04,1,0.5272,1,Multiple simultaneous abnormalities,Warning
2026-03-15 10:33:20,28.256,3.799,33.61,100.88,45.29,5.946,216.84,29.85,-88.16,1,0.7526,1,Multiple simultaneous abnormalities,Warning
2026-03-15 10:33:30,27.988,3.402,29.44,101.61,45.15,6.525,225.19,30.49,-94.59,1,0.467,1,Multiple simultaneous abnormalities,Warning
2026-03-15 10:33:40,28.07,3.49,35.96,101.6,45.7,6.775,215.24,28.67,-88.01,1,0.6158,1,Multiple simultaneous abnormalities,Warning
2026-03-15 10:33:50,28.343,3.42,34.42,101.69,47.44,6.663,230.31,30.6,-91.14,1,0.6973,1,Multiple simultaneous abnormalities,Warning
2026-03-15 10:34:00,27.908,3.241,30.31,101.64,46.26,6.789,210.32,30.98,-90.34,1,0.7096,1,Multiple simultaneous abnormalities,Warning
2026-03-15 10:34:10,27.661,3.915,27.9,101.73,48.02,6.344,227.02,28.56,-90.24,1,0.9236,1,Multiple simultaneous abnormalities,Warning
2026-03-15 10:34:20,28.117,3.532,33.78,101.46,47.5,6.264,222.39,27.34,-90.82,1,0.9024,1,Multiple simultaneous abnormalities,Warning
2026-03-15 10:34:30,28.21,3.79,30.98,102.02,45.16,6.177,221.13,32.82,-93.12,1,0.5829,1,Multiple simultaneous abnormalities,Warning
2026-03-15 10:34:40,28.061,3.777,29.93,101.42,48.35,6.422,222.47,30.09,-88.74,1,0.6159,1,Multiple simultaneous abnormalities,Warning
2026-03-15 10:34:50,28.604,3.273,29.23,102.1,48.59,6.42,201.66,30.22,-89.97,1,0.9337,1,Multiple simultaneous abnormalities,Warning
2026-03-15 10:35:00,27.438,3.817,34.88,101.05,46.46,6.525,221.21,30.37,-79.33,1,0.6606,1,Multiple simultaneous abnormalities,Warning
2026-03-15 10:35:10,28.542,3.638,30.73,101.04,48.19,6.412,217.83,29.25,-91.85,1,0.5402,1,Multiple simultaneous abnormalities,Warning
2026-03-15 10:35:20,28.465,3.25,34.23,101.22,46.69,6.415,217.96,34.47,-89.16,1,0.7686,1,Multiple simultaneous abnormalities,Warning
2026-03-15 10:35:30,28.386,3.622,33.73,101.29,47.87,6.194,249.78,32.81,-92.98,1,0.5659,1,Multiple simultaneous abnormalities,Warning
2026-03-15 10:35:40,27.27,3.253,30.58,101.17,46.26,6.799,213.72,33.48,-98.13,1,0.7426,1,Multiple simultaneous abnormalities,Warning
2026-03-15 10:35:50,28.677,3.909,31.49,101.52,45.65,6.499,228.02,31.3,-89.09,1,0.861,1,Multiple simultaneous abnormalities,Warning
2026-03-15 10:36:00,28.006,3.71,29.57,101.26,47.36,6.414,218.5,31.62,-84.93,1,0.5272,1,Multiple simultaneous abnormalities,Warning
2026-03-15 10:36:10,28.182,3.488,29.01,101.06,47.69,6.216,217.58,29.22,-90.54,1,0.6806,1,Multiple simultaneous abnormalities,Warning
2026-03-15 10:36:20,28.305,3.822,35.37,101.14,47.37,6.014,214.12,30.53,-87.35,1,0.6438,1,Multiple simultaneous abnormalities,Warning
2026-03-15 10:36:30,28.499,3.11,16.11,101.79,46.45,6.94,233.93,30.31,-67.38,1,0.0472,0,Normal,Normal
2026-03-15 10:36:40,28.589,13.401,16.28,101.43,47.4,6.678,373.35,46.98,-70.48,1,0.0493,1,Current surge,Critical
2026-03-15 10:36:50,28.686,11.865,15.45,100.63,48.21,5.917,342.93,36.14,-69.37,1,0.1092,1,Current surge,Critical
2026-03-15 10:37:00,28.684,13.759,18.04,101.9,47.85,6.754,399.52,46.79,-67.31,1,0.0428,1,Current surge,Critical
2026-03-15 10:37:10,28.535,12.287,17.18,101.47,48.13,6.811,348.28,42.9,-63.52,1,0.0597,1,Current surge,Critical
2026-03-15 10:37:20,28.605,12.724,18.64,101.56,47.12,6.533,400.69,42.84,-65.23,1,0.0555,1,Current surge,Critical
2026-03-15 10:37:30,28.173,13.153,18.62,101.67,49.33,7.05,398.48,41.56,-64.5,1,0.0563,1,Current surge,Critical
2026-03-15 10:37:40,28.295,11.202,18.36,101.69,46.52,6.567,398.33,44.6,-60.34,1,0.0464,1,Current surge,Critical
2026-03-15 10:37:50,28.809,13.169,22.1,100.93,48.53,5.996,407.81,51.56,-64.8,1,0.0437,1,Current surge,Critical
2026-03-15 10:38:00,28.811,12.846,19.44,100.87,49.36,6.621,362.44,47.05,-69.15,1,0.0558,1,Current surge,Critical
2026-03-15 10:38:10,28.797,12.437,16.4,102.26,48.53,6.579,375.59,42.4,-67.6,1,0.0766,1,Current surge,Critical
2026-03-15 10:38:20,28.445,12.142,19.07,101.02,47.71,6.283,358.64,45.17,-68.39,1,0.0959,1,Current surge,Critical
2026-03-15 10:38:30,28.892,11.299,18.39,101.45,47.33,6.695,359.04,44.03,-66.14,1,0.0498,1,Current surge,Critical
2026-03-15 10:38:40,28.289,12.298,16.55,101.95,49.21,5.911,360.62,44.67,-66.88,1,0.0483,1,Current surge,Critical
2026-03-15 10:38:50,28.98,11.431,16.52,101.12,46.26,6.842,378.1,46.18,-68.39,1,0.0464,1,Current surge,Critical
2026-03-15 10:39:00,28.597,13.515,19.43,101.16,46.81,6.189,353.61,48.45,-62.72,1,0.0649,1,Current surge,Critical
2026-03-15 10:39:10,29.2,12.39,19.89,101.67,47.5,6.152,399.21,46.5,-62.43,1,0.0444,1,Current surge,Critical
2026-03-15 10:39:20,28.256,11.414,17.36,101.39,49.46,6.457,362.08,45.52,-64.82,1,0.0508,1,Current surge,Critical
2026-03-15 10:39:30,29.26,10.38,20.48,101.5,48.43,6.648,388.95,43.92,-68.3,1,0.0463,1,Current surge,Critical
2026-03-15 10:39:40,28.641,12.022,19.54,101.27,46.82,6.555,341.65,53.43,-64.88,1,0.0713,1,Current surge,Critical
2026-03-15 10:39:50,28.654,12.83,21.0,101.09,47.61,6.238,343.99,51.16,-67.03,1,0.045,1,Current surge,Critical
2026-03-15 10:40:00,28.844,3.733,20.94,101.17,47.25,6.321,220.52,35.76,-61.29,1,0.0574,0,Normal,Normal
2026-03-15 10:40:10,28.594,3.551,19.16,101.78,47.13,6.101,228.28,35.27,-68.7,1,0.0533,0,Normal,Normal
2026-03-15 10:40:20,28.799,3.568,21.94,101.18,49.16,6.419,220.38,36.05,-63.11,1,0.046,0,Normal,Normal
2026-03-15 10:40:30,28.617,3.359,17.9,101.47,46.34,6.874,226.4,31.12,-63.15,1,0.0444,0,Normal,Normal
2026-03-15 10:40:40,28.645,3.626,23.26,100.91,49.92,6.497,225.84,38.83,-62.34,1,0.0644,0,Normal,Normal
2026-03-15 10:40:50,29.019,3.714,18.45,102.12,48.98,6.799,222.06,34.09,-64.43,1,0.0507,0,Normal,Normal
2026-03-15 10:41:00,28.619,3.515,19.79,101.43,49.3,7.008,210.34,33.97,-66.0,1,0.0542,0,Normal,Normal
2026-03-15 10:41:10,28.676,4.123,19.1,101.44,47.43,6.293,231.24,35.21,-58.0,1,0.0891,0,Normal,Normal
2026-03-15 10:41:20,28.511,3.109,19.48,101.67,47.81,6.434,240.92,33.38,-67.63,1,0.0476,0,Normal,Normal
2026-03-15 10:41:30,28.788,3.541,24.52,101.11,46.27,7.259,226.11,39.64,-62.85,1,0.0653,0,Normal,Normal
2026-03-15 10:41:40,29.348,3.207,19.54,101.78,47.36,7.005,220.09,35.36,-64.96,1,0.0553,0,Normal,Normal
2026-03-15 10:41:50,28.717,3.72,21.6,100.69,48.59,5.914,226.66,35.72,-64.0,1,0.0535,0,Normal,Normal
2026-03-15 10:42:00,28.767,3.105,20.07,101.05,49.55,6.635,234.16,34.61,-64.04,1,0.0408,0,Normal,Normal
2026-03-15 10:42:10,29.06,3.167,21.92,100.98,46.67,6.499,235.23,37.15,-68.33,1,0.0765,0,Normal,Normal
2026-03-15 10:42:20,28.906,3.342,19.79,100.55,47.56,6.789,232.29,33.35,-69.14,1,0.0439,0,Normal,Normal
2026-03-15 10:42:30,29.701,3.567,21.08,101.09,47.81,6.239,228.56,34.1,-68.98,1,0.0496,0,Normal,Normal
2026-03-15 10:42:40,28.998,3.351,21.73,101.28,46.32,6.206,230.4,37.33,-66.53,1,0.0609,0,Normal,Normal
2026-03-15 10:42:50,29.162,3.354,19.8,100.86,48.71,6.263,225.94,34.17,-64.5,1,0.0511,0,Normal,Normal
2026-03-15 10:43:00,29.359,3.455,25.11,100.81,47.13,6.299,217.35,38.5,-67.36,1,0.0401,0,Normal,Normal
2026-03-15 10:43:10,29.368,3.44,22.09,101.32,47.76,6.785,221.97,36.2,-69.67,1,0.0847,0,Normal,Normal
2026-03-15 10:43:20,29.174,3.872,20.82,101.27,47.45,6.086,222.41,35.43,-62.66,1,0.0403,0,Normal,Normal
2026-03-15 10:43:30,29.07,3.672,20.21,101.19,47.05,6.282,227.34,32.32,-70.11,1,0.0414,0,Normal,Normal
2026-03-15 10:43:40,29.739,3.419,21.48,100.79,47.99,5.873,210.89,36.34,-64.12,1,0.0438,0,Normal,Normal
2026-03-15 10:43:50,29.115,4.024,19.61,101.14,47.74,6.852,229.09,34.1,-67.9,1,0.0537,0,Normal,Normal
2026-03-15 10:44:00,29.026,3.623,24.2,101.03,47.55,6.944,208.89,40.19,-62.08,1,0.0932,0,Normal,Normal
2026-03-15 10:44:10,28.977,3.258,22.26,101.33,47.12,6.385,228.29,36.0,-67.39,1,0.0784,0,Normal,Normal
2026-03-15 10:44:20,28.666,3.564,21.58,101.08,48.38,6.395,234.36,37.23,-71.19,1,0.0558,0,Normal,Normal
2026-03-15 10:44:30,29.443,3.634,23.37,101.28,49.98,6.658,232.16,37.32,-66.13,1,0.0603,0,Normal,Normal
2026-03-15 10:44:40,28.504,3.328,20.81,100.78,48.17,7.016,217.83,34.97,-68.64,1,0.0587,0,Normal,Normal
2026-03-15 10:44:50,29.219,3.237,20.25,100.74,49.19,6.643,229.99,34.58,-63.79,1,0.0574,0,Normal,Normal
2026-03-15 10:45:00,29.171,3.522,21.88,101.52,46.33,6.256,230.63,38.39,-65.35,1,0.0651,0,Normal,Normal
2026-03-15 10:45:10,29.916,3.41,22.35,101.61,48.19,5.933,238.64,34.86,-68.35,1,0.0462,0,Normal,Normal
2026-03-15 10:45:20,28.705,3.87,23.05,101.14,46.68,6.109,227.92,37.64,-69.59,1,0.0437,0,Normal,Normal
2026-03-15 10:45:30,28.996,3.685,20.12,101.31,46.23,6.525,233.21,34.18,-70.0,1,0.0464,0,Normal,Normal
2026-03-15 10:45:40,29.236,3.34,21.74,101.12,47.11,6.27,221.5,35.71,-68.6,1,0.0407,0,Normal,Normal
2026-03-15 10:45:50,29.228,3.607,17.89,101.74,49.43,6.568,218.18,32.59,-62.89,1,0.0912,0,Normal,Normal
2026-03-15 10:46:00,29.133,3.817,20.83,101.22,49.14,6.306,231.91,36.16,-67.55,1,0.0602,0,Normal,Normal
2026-03-15 10:46:10,29.283,3.152,23.77,101.1,48.29,6.129,232.02,38.4,-64.42,1,0.0436,0,Normal,Normal
2026-03-15 10:46:20,28.94,3.244,24.22,101.69,46.16,6.088,219.92,39.7,-71.86,1,0.0444,0,Normal,Normal
2026-03-15 10:46:30,29.434,3.497,21.15,100.99,47.76,7.047,215.3,34.85,-73.33,1,0.1136,0,Normal,Normal
2026-03-15 10:46:40,28.64,3.509,22.47,101.36,48.36,6.811,225.99,36.41,-70.56,1,0.0619,0,Normal,Normal
2026-03-15 10:46:50,29.338,3.487,23.08,100.88,48.21,7.106,225.35,35.88,-65.92,1,0.0483,0,Normal,Normal
2026-03-15 10:47:00,29.174,3.422,24.74,101.57,45.79,6.689,226.87,41.12,-68.92,1,0.0435,0,Normal,Normal
2026-03-15 10:47:10,29.668,3.419,25.5,101.63,46.93,6.349,232.09,39.28,-65.55,1,0.0406,0,Normal,Normal
2026-03-15 10:47:20,29.898,3.596,23.53,100.78,47.92,6.963,233.23,37.17,-64.6,1,0.0566,0,Normal,Normal
2026-03-15 10:47:30,29.28,3.784,22.99,100.72,48.64,6.488,225.06,37.72,-71.44,1,0.0627,0,Normal,Normal
2026-03-15 10:47:40,29.804,3.38,21.3,101.42,45.36,6.577,217.04,36.63,-66.25,1,0.0417,0,Normal,Normal
2026-03-15 10:47:50,29.3,4.11,23.71,102.08,47.8,6.485,219.19,36.88,-64.77,1,0.04,0,Normal,Normal
2026-03-15 10:48:00,29.112,3.99,26.74,101.65,48.17,5.468,220.23,42.17,-66.02,1,0.0466,0,Normal,Normal
2026-03-15 10:48:10,29.933,3.832,25.65,101.22,49.02,7.062,224.04,39.29,-74.09,1,0.0565,0,Normal,Normal
2026-03-15 10:48:20,29.572,3.656,24.06,100.96,48.83,6.672,220.88,39.78,-75.07,1,0.0786,0,Normal,Normal
2026-03-15 10:48:30,29.424,4.002,24.33,100.81,48.7,6.615,223.04,37.68,-71.05,1,0.0717,0,Normal,Normal
2026-03-15 10:48:40,29.635,3.427,22.93,101.59,47.04,6.478,225.59,37.81,-71.13,1,0.0575,0,Normal,Normal
2026-03-15 10:48:50,29.517,3.292,23.5,101.67,45.71,6.557,219.85,37.56,-67.57,1,0.0652,0,Normal,Normal
2026-03-15 10:49:00,29.42,3.369,24.34,101.05,47.53,6.291,227.58,36.99,-73.21,1,0.0466,0,Normal,Normal
2026-03-15 10:49:10,29.048,3.249,24.43,101.2,49.2,6.716,239.62,36.73,-69.26,1,0.0442,0,Normal,Normal
2026-03-15 10:49:20,29.37,3.53,25.79,101.32,49.67,6.042,223.67,38.9,-73.97,1,0.042,0,Normal,Normal
2026-03-15 10:49:30,29.643,3.575,25.8,102.03,48.85,6.565,219.55,40.99,-69.9,1,0.043,0,Normal,Normal
2026-03-15 10:49:40,29.424,3.55,25.22,101.33,48.51,6.696,227.45,36.88,-72.52,1,0.0894,0,Normal,Normal
2026-03-15 10:49:50,29.736,3.497,23.01,100.91,48.45,6.43,218.64,37.41,-70.29,1,0.0799,0,Normal,Normal
2026-03-15 10:50:00,29.585,3.533,23.15,100.84,47.33,6.63,223.82,37.44,-72.67,1,0.0407,0,Normal,Normal
2026-03-15 10:50:10,29.21,3.934,23.33,100.94,47.84,6.153,219.57,35.31,-78.42,1,0.0495,0,Normal,Normal
2026-03-15 10:50:20,29.081,3.655,25.09,101.81,50.0,6.162,216.44,38.14,-70.49,1,0.047,0,Normal,Normal
2026-03-15 10:50:30,29.433,3.731,21.78,101.51,46.87,6.583,217.97,34.82,-68.73,1,0.0558,0,Normal,Normal
2026-03-15 10:50:40,29.326,3.548,24.88,101.16,49.94,6.737,219.71,38.94,-74.98,1,0.046,0,Normal,Normal
2026-03-15 10:50:50,29.587,3.096,27.07,100.13,47.61,5.844,216.67,42.83,-70.27,1,0.0449,0,Normal,Normal
2026-03-15 10:51:00,29.274,3.047,26.03,100.96,49.59,6.683,235.23,41.32,-74.76,1,0.0648,0,Normal,Normal
2026-03-15 10:51:10,29.307,4.021,24.58,101.44,46.31,6.31,228.45,38.15,-77.2,1,0.0841,0,Normal,Normal
2026-03-15 10:51:20,29.809,3.367,24.13,101.44,48.7,6.432,232.53,37.14,-75.21,1,0.0434,0,Normal,Normal
2026-03-15 10:51:30,29.54,3.346,26.46,101.44,47.12,6.031,214.13,38.59,-74.16,1,0.044,0,Normal,Normal
2026-03-15 10:51:40,29.286,3.561,25.78,100.76,46.3,6.202,222.65,39.32,-77.8,1,0.0481,0,Normal,Normal
2026-03-15 10:51:50,29.503,3.638,25.02,101.37,48.26,6.838,228.35,37.94,-70.02,1,0.0584,0,Normal,Normal
2026-03-15 10:52:00,29.912,3.669,24.57,100.91,49.21,6.511,238.22,38.53,-78.89,1,0.0427,0,Normal,Normal
2026-03-15 10:52:10,29.588,3.944,25.64,101.3,46.99,6.366,218.98,39.64,-76.16,1,0.0495,0,Normal,Normal
2026-03-15 10:52:20,29.678,3.875,25.14,100.99,46.2,6.459,214.71,38.57,-77.53,1,0.0676,0,Normal,Normal
2026-03-15 10:52:30,29.274,3.297,26.83,101.73,47.89,6.671,226.52,40.29,-70.94,1,0.044,0,Normal,Normal
2026-03-15 10:52:40,29.808,3.742,27.58,101.43,47.89,6.654,219.61,40.75,-79.75,1,0.0407,0,Normal,Normal
2026-03-15 10:52:50,30.195,3.404,23.74,101.24,48.66,6.474,238.65,37.12,-72.99,1,0.0756,0,Normal,Normal
2026-03-15 10:53:00,29.261,3.466,24.01,101.85,49.14,6.882,229.34,39.74,-75.11,1,0.0632,0,Normal,Normal
2026-03-15 10:53:10,29.143,3.227,27.94,101.15,47.93,6.84,222.71,42.56,-79.67,1,0.058,0,Normal,Normal
2026-03-15 10:53:20,29.549,3.077,26.22,100.73,50.23,6.645,222.74,40.86,-77.22,1,0.0414,0,Normal,Normal
2026-03-15 10:53:30,29.758,3.492,24.34,101.72,48.27,6.519,223.99,39.55,-76.94,1,0.0744,0,Normal,Normal
2026-03-15 10:53:40,29.466,3.261,27.57,101.4,47.58,6.73,210.4,42.68,-74.87,1,0.0455,0,Normal,Normal
2026-03-15 10:53:50,29.175,3.732,26.67,101.17,46.07,6.61,225.34,42.38,-78.79,1,0.0436,0,Normal,Normal
2026-03-15 10:54:00,29.456,3.43,29.52,101.04,47.68,6.871,221.1,44.23,-75.18,1,0.05,0,Normal,Normal
2026-03-15 10:54:10,29.666,3.577,25.92,101.5,47.6,6.815,230.06,40.17,-77.16,1,0.0784,0,Normal,Normal
2026-03-15 10:54:20,29.362,3.842,28.0,101.63,49.15,6.144,217.82,41.29,-76.18,1,0.1182,0,Normal,Normal
2026-03-15 10:54:30,29.663,3.129,24.22,100.99,48.55,6.12,230.46,37.23,-80.4,1,0.0543,0,Normal,Normal
2026-03-15 10:54:40,29.827,3.319,28.54,101.53,46.58,6.254,229.34,43.6,-78.7,1,0.0867,0,Normal,Normal
2026-03-15 10:54:50,29.546,3.545,27.92,101.4,48.21,6.842,226.28,41.78,-77.87,1,0.0491,0,Normal,Normal
2026-03-15 10:55:00,29.461,3.578,28.96,100.97,48.81,5.948,235.03,41.33,-78.18,1,0.0405,0,Normal,Normal
2026-03-15 10:55:10,29.714,3.776,28.27,101.3,49.83,6.638,209.92,39.76,-78.76,1,0.0448,0,Normal,Normal
2026-03-15 10:55:20,29.204,3.717,26.51,101.08,49.06,6.627,228.55,43.09,-72.58,1,0.0454,0,Normal,Normal
2026-03-15 10:55:30,29.17,3.524,24.95,101.8,48.91,6.907,224.64,37.77,-77.34,1,0.0629,0,Normal,Normal
2026-03-15 10:55:40,29.371,3.576,25.86,101.04,48.07,6.563,224.41,39.03,-77.1,1,0.042,0,Normal,Normal
2026-03-15 10:55:50,29.299,3.583,24.17,101.9,48.47,6.03,217.15,39.64,-78.75,1,0.0429,0,Normal,Normal
2026-03-15 10:56:00,29.2,3.133,25.48,101.35,49.5,6.164,213.64,38.03,-78.09,1,0.0543,0,Normal,Normal
2026-03-15 10:56:10,29.984,3.461,27.54,100.6,46.4,6.086,232.14,42.18,-79.3,1,0.0421,0,Normal,Normal
2026-03-15 10:56:20,30.08,3.562,26.88,100.43,47.58,6.312,231.3,43.07,-74.65,1,0.0503,0,Normal,Normal
2026-03-15 10:56:30,29.316,3.615,26.66,101.22,47.07,6.436,239.39,43.2,-80.48,1,0.0405,0,Normal,Normal
2026-03-15 10:56:40,25.942,5.673,25.85,101.83,48.45,6.092,240.7,39.32,-78.0,1,0.0566,1,Battery voltage drop,Warning
2026-03-15 10:56:50,25.59,5.182,24.43,101.79,49.48,7.015,212.61,38.41,-74.43,1,0.0759,1,Battery voltage drop,Warning
2026-03-15 10:57:00,25.83,5.918,27.4,101.37,47.28,6.036,223.76,40.93,-78.92,1,0.0712,1,Battery voltage drop,Warning
2026-03-15 10:57:10,25.881,6.375,27.74,101.01,45.13,6.971,227.01,41.72,-81.92,1,0.0411,1,Battery voltage drop,Warning
2026-03-15 10:57:20,24.353,5.503,25.72,101.13,47.5,6.915,232.7,41.28,-83.45,1,0.0534,1,Battery voltage drop,Warning
2026-03-15 10:57:30,25.797,5.465,26.45,101.38,49.1,6.814,236.41,38.77,-82.91,1,0.0416,1,Battery voltage drop,Warning
2026-03-15 10:57:40,24.826,6.627,29.6,101.73,48.64,6.257,216.77,44.38,-80.43,1,0.0408,1,Battery voltage drop,Warning
2026-03-15 10:57:50,26.383,5.314,29.07,101.53,48.51,6.62,220.67,42.83,-76.42,1,0.0541,1,Battery voltage drop,Warning
2026-03-15 10:58:00,25.594,5.341,25.14,101.69,47.66,6.053,235.97,40.78,-80.14,1,0.0527,1,Battery voltage drop,Warning
2026-03-15 10:58:10,25.537,5.573,27.27,101.56,46.46,6.819,211.61,42.85,-83.27,1,0.0415,1,Battery voltage drop,Warning
2026-03-15 10:58:20,24.7,5.249,29.62,101.68,48.62,6.474,216.39,43.13,-83.19,1,0.0467,1,Battery voltage drop,Warning
2026-03-15 10:58:30,25.209,4.817,27.14,100.4,47.0,6.357,228.5,41.01,-82.88,1,0.0457,1,Battery voltage drop,Warning
2026-03-15 10:58:40,25.255,6.044,27.1,100.94,50.62,6.072,241.43,42.17,-86.61,1,0.0463,1,Battery voltage drop,Warning
2026-03-15 10:58:50,24.978,6.074,29.17,100.86,48.68,5.633,211.58,44.35,-84.11,1,0.0461,1,Battery voltage drop,Warning
2026-03-15 10:59:00,24.159,5.26,29.04,100.82,47.3,6.136,225.48,40.08,-84.38,1,0.0661,1,Battery voltage drop,Warning
2026-03-15 10:59:10,25.564,5.813,29.0,101.3,47.26,6.889,229.43,44.06,-74.69,1,0.0465,1,Battery voltage drop,Warning
2026-03-15 10:59:20,25.283,5.152,27.23,100.72,47.89,6.359,236.76,43.21,-80.38,1,0.046,1,Battery voltage drop,Warning
2026-03-15 10:59:30,24.399,6.108,28.64,100.92,47.71,6.441,228.57,42.95,-86.51,1,0.0405,1,Battery voltage drop,Warning
2026-03-15 10:59:40,25.349,5.614,29.92,101.26,49.34,6.729,210.27,45.06,-88.13,1,0.0634,1,Battery voltage drop,Warning
2026-03-15 10:59:50,25.196,6.196,27.63,100.66,48.22,7.132,214.71,43.16,-87.46,1,0.0562,1,Battery voltage drop,Warning
2026-03-15 11:00:00,25.121,5.373,27.12,101.11,47.12,6.964,235.97,41.39,-79.42,1,0.0463,1,Battery voltage drop,Warning
2026-03-15 11:00:10,24.954,5.781,29.6,101.56,50.27,6.159,228.52,44.57,-87.82,1,0.049,1,Battery voltage drop,Warning
2026-03-15 11:00:20,25.442,5.721,30.84,100.81,48.06,5.82,215.99,44.86,-79.05,1,0.0637,1,Battery voltage drop,Warning
2026-03-15 11:00:30,25.135,6.167,30.97,101.62,48.92,7.326,228.95,44.9,-83.27,1,0.0463,1,Battery voltage drop,Warning
2026-03-15 11:00:40,24.236,6.072,27.25,100.98,47.27,7.294,227.46,40.46,-84.83,1,0.0496,1,Battery voltage drop,Warning
2026-03-15 11:00:50,28.981,3.921,27.42,101.41,48.43,6.566,205.04,41.63,-87.62,1,0.0403,0,Normal,Normal
2026-03-15 11:01:00,29.21,3.454,26.31,100.86,48.37,6.055,208.2,42.57,-80.48,1,0.0776,0,Normal,Normal
2026-03-15 11:01:10,29.219,3.592,28.05,101.48,45.73,6.837,227.48,40.96,-82.72,1,0.047,0,Normal,Normal
2026-03-15 11:01:20,28.974,3.526,26.28,101.18,50.42,6.462,241.28,41.02,-81.74,1,0.0453,0,Normal,Normal
2026-03-15 11:01:30,29.251,3.097,27.11,101.49,49.55,6.46,227.11,41.5,-85.33,1,0.0541,0,Normal,Normal
2026-03-15 11:01:40,28.728,3.112,28.97,101.08,47.52,6.813,205.4,44.74,-82.58,1,0.0512,0,Normal,Normal
2026-03-15 11:01:50,28.891,3.512,28.51,101.52,46.67,6.617,212.1,44.51,-80.2,1,0.0477,0,Normal,Normal
2026-03-15 11:02:00,29.303,3.394,25.22,101.64,48.41,6.084,230.0,38.12,-82.92,1,0.0783,0,Normal,Normal
2026-03-15 11:02:10,28.535,3.973,30.31,101.35,48.1,6.386,230.88,43.62,-87.92,1,0.0468,0,Normal,Normal
2026-03-15 11:02:20,29.318,3.441,26.33,101.11,48.42,6.731,223.44,39.71,-83.25,1,0.12,0,Normal,Normal
2026-03-15 11:02:30,28.428,3.988,26.53,101.21,48.22,6.678,221.13,39.95,-82.58,1,0.0633,0,Normal,Normal
2026-03-15 11:02:40,28.498,3.381,26.12,100.79,48.6,6.591,231.35,39.64,-79.86,1,0.075,0,Normal,Normal
2026-03-15 11:02:50,28.852,3.978,26.99,101.38,49.73,6.826,233.83,41.41,-83.16,1,0.045,0,Normal,Normal
2026-03-15 11:03:00,29.072,3.627,26.64,101.55,48.68,6.373,230.55,39.62,-81.64,1,0.0411,0,Normal,Normal
2026-03-15 11:03:10,29.368,3.641,26.68,101.93,46.73,6.562,217.36,39.83,-83.12,1,0.0482,0,Normal,Normal
2026-03-15 11:03:20,28.972,3.372,24.3,101.82,49.63,5.318,232.19,37.35,-89.05,1,0.0456,0,Normal,Normal
2026-03-15 11:03:30,28.865,3.645,28.19,100.91,49.96,6.342,222.17,42.78,-82.51,1,0.0409,0,Normal,Normal
2026-03-15 11:03:40,29.096,3.924,28.35,101.38,51.77,6.766,220.18,42.27,-84.64,1,0.0411,0,Normal,Normal
2026-03-15 11:03:50,28.645,3.464,31.37,101.25,46.64,6.362,219.87,45.08,-79.01,1,0.0429,0,Normal,Normal
2026-03-15 11:04:00,28.931,3.416,28.73,101.79,48.28,6.335,225.16,41.72,-89.31,1,0.0471,0,Normal,Normal
2026-03-15 11:04:10,28.513,3.439,27.25,101.02,45.49,6.134,229.55,39.33,-88.38,1,0.0811,0,Normal,Normal
2026-03-15 11:04:20,28.88,3.905,26.19,101.65,48.65,6.85,208.83,42.15,-82.79,1,0.0561,0,Normal,Normal
2026-03-15 11:04:30,28.799,3.714,27.84,100.91,47.33,6.69,219.14,41.5,-80.41,1,0.0476,0,Normal,Normal
2026-03-15 11:04:40,28.58,3.862,28.66,101.26,50.29,6.787,221.3,45.91,-85.28,1,0.0641,0,Normal,Normal
2026-03-15 11:04:50,28.853,3.579,27.22,100.95,47.05,5.894,233.28,42.15,-85.23,1,0.0526,0,Normal,Normal
2026-03-15 11:05:00,28.833,3.51,28.06,100.51,45.96,6.441,218.05,44.26,-84.23,1,0.0481,0,Normal,Normal
2026-03-15 11:05:10,29.12,3.607,30.81,100.94,47.42,6.399,222.34,46.0,-86.26,1,0.0423,0,Normal,Normal
2026-03-15 11:05:20,28.268,3.768,27.38,101.2,45.61,6.399,231.46,41.57,-81.79,1,0.0793,0,Normal,Normal
2026-03-15 11:05:30,28.709,3.439,25.11,101.87,48.88,6.281,225.3,38.39,-86.15,1,0.0547,0,Normal,Normal
2026-03-15 11:05:40,28.485,3.843,29.24,100.87,45.5,6.375,237.25,42.07,-82.54,1,0.0487,0,Normal,Normal
2026-03-15 11:05:50,28.955,3.592,28.39,101.06,48.01,6.794,223.78,43.73,-88.55,1,0.0487,0,Normal,Normal
2026-03-15 11:06:00,28.902,2.9,25.34,100.72,45.48,5.826,240.04,39.66,-79.35,1,0.0617,0,Normal,Normal
2026-03-15 11:06:10,28.809,3.722,28.53,101.76,47.58,7.118,241.48,43.27,-90.8,1,0.043,0,Normal,Normal
2026-03-15 11:06:20,28.426,3.183,26.37,101.12,49.94,6.664,228.64,41.35,-87.55,1,0.0481,0,Normal,Normal
2026-03-15 11:06:30,28.884,3.716,28.52,101.16,48.39,6.48,228.32,42.94,-77.51,1,0.041,0,Normal,Normal
2026-03-15 11:06:40,28.14,3.727,30.7,101.16,46.92,6.811,229.44,44.13,-83.88,1,0.0412,0,Normal,Normal
2026-03-15 11:06:50,28.059,3.584,27.55,100.52,47.91,5.985,231.5,42.77,-86.07,1,0.0512,0,Normal,Normal
2026-03-15 11:07:00,28.177,3.638,29.42,100.71,47.97,6.26,225.95,43.18,-87.82,1,0.0472,0,Normal,Normal
2026-03-15 11:07:10,28.53,3.777,25.93,100.92,48.51,6.45,234.31,40.04,-85.19,1,0.0591,0,Normal,Normal
2026-03-15 11:07:20,28.723,3.379,25.47,101.55,46.29,6.969,228.96,40.33,-82.9,1,0.1048,0,Normal,Normal
2026-03-15 11:07:30,27.607,3.701,30.75,100.3,48.64,6.474,236.04,44.68,-82.2,1,0.0694,0,Normal,Normal
2026-03-15 11:07:40,28.877,3.794,28.16,101.52,44.68,6.647,213.32,39.98,-82.57,1,0.0487,0,Normal,Normal
2026-03-15 11:07:50,28.499,3.943,28.63,101.44,47.16,6.282,226.67,43.88,-88.78,1,0.0471,0,Normal,Normal
2026-03-15 11:08:00,27.969,3.227,29.38,100.57,47.32,6.657,233.05,44.88,-82.87,1,0.0532,0,Normal,Normal
2026-03-15 11:08:10,28.449,3.606,26.83,101.17,48.65,7.072,215.79,38.63,-82.14,1,0.0414,0,Normal,Normal
2026-03-15 11:08:20,28.725,3.264,28.83,101.77,47.91,6.832,228.36,41.58,-81.98,1,0.1059,0,Normal,Normal
2026-03-15 11:08:30,28.557,3.254,28.57,100.87,46.18,6.453,229.77,45.0,-82.79,1,0.0994,0,Normal,Normal
2026-03-15 11:08:40,28.685,3.595,25.59,101.08,46.67,6.716,238.72,39.87,-86.42,1,0.0785,0,Normal,Normal
2026-03-15 11:08:50,27.925,3.526,29.77,102.4,48.07,6.68,222.16,43.78,-85.35,1,0.0563,0,Normal,Normal
2026-03-15 11:09:00,28.189,3.793,29.43,101.43,47.72,6.653,226.56,42.92,-78.79,1,0.0505,0,Normal,Normal
2026-03-15 11:09:10,28.015,3.421,25.51,101.2,47.1,6.862,220.41,38.27,-84.6,1,0.0584,0,Normal,Normal
2026-03-15 11:09:20,28.786,3.475,27.7,101.11,47.2,6.856,223.71,41.47,-84.28,1,0.0457,0,Normal,Normal
2026-03-15 11:09:30,28.441,3.562,27.02,101.45,48.58,6.421,237.77,42.19,-82.84,1,0.0687,0,Normal,Normal
2026-03-15 11:09:40,29.082,3.295,29.45,101.57,47.1,6.687,224.56,43.44,-85.43,1,0.0422,0,Normal,Normal
2026-03-15 11:09:50,28.066,3.331,25.17,100.44,47.58,6.324,219.1,39.91,-79.7,1,0.0644,0,Normal,Normal
2026-03-15 11:10:00,27.967,3.792,32.65,100.41,50.26,6.13,223.28,48.77,-85.23,1,0.0703,0,Normal,Normal
2026-03-15 11:10:10,28.119,3.377,26.95,100.9,45.9,6.353,220.57,40.25,-78.0,1,0.0428,0,Normal,Normal
2026-03-15 11:10:20,28.554,3.812,28.28,101.24,45.35,6.415,221.15,42.64,-85.1,1,0.0498,0,Normal,Normal
2026-03-15 11:10:30,28.008,3.67,29.21,101.33,48.46,5.853,220.34,44.41,-81.72,1,0.0733,0,Normal,Normal
2026-03-15 11:10:40,28.133,3.133,26.79,100.62,46.65,6.728,220.61,39.67,-79.66,1,0.088,0,Normal,Normal
2026-03-15 11:10:50,28.103,3.655,26.87,101.22,47.02,5.45,215.07,41.08,-78.12,1,0.065,0,Normal,Normal
2026-03-15 11:11:00,28.063,3.656,26.24,101.27,46.39,7.359,225.06,42.49,-80.97,1,0.0824,0,Normal,Normal
2026-03-15 11:11:10,27.833,3.634,25.62,100.96,46.94,6.924,216.62,39.21,-82.21,1,0.0815,0,Normal,Normal
2026-03-15 11:11:20,27.965,3.496,27.31,101.09,49.08,6.295,233.52,42.59,-75.64,1,0.0985,0,Normal,Normal
2026-03-15 11:11:30,27.93,3.3,26.65,101.01,48.03,6.377,221.82,40.49,-79.15,1,0.048,0,Normal,Normal
2026-03-15 11:11:40,27.959,3.876,26.04,101.49,47.99,6.465,227.51,42.2,-80.0,1,0.0451,0,Normal,Normal
2026-03-15 11:11:50,28.222,3.518,26.08,101.3,45.13,6.136,227.43,38.11,-84.73,1,0.055,0,Normal,Normal
2026-03-15 11:12:00,28.444,3.328,27.57,100.84,45.32,6.391,209.36,41.65,-78.49,1,0.0431,0,Normal,Normal
2026-03-15 11:12:10,27.641,3.669,25.46,101.68,43.14,6.253,221.81,37.69,-78.87,1,0.0522,0,Normal,Normal
2026-03-15 11:12:20,27.753,3.375,26.24,100.75,45.4,6.247,237.56,39.39,-82.71,1,0.053,0,Normal,Normal
2026-03-15 11:12:30,27.6,3.331,27.9,100.61,47.33,6.318,217.47,41.05,-80.76,1,0.0646,0,Normal,Normal
2026-03-15 11:12:40,27.88,3.482,26.87,101.2,46.59,5.766,241.69,40.55,-77.92,1,0.0467,0,Normal,Normal
2026-03-15 11:12:50,27.64,3.418,24.87,101.2,45.47,6.208,227.71,37.44,-76.58,1,0.0538,0,Normal,Normal
2026-03-15 11:13:00,27.85,3.367,26.35,101.33,45.45,6.216,227.3,40.27,-80.81,1,0.075,0,Normal,Normal
2026-03-15 11:13:10,28.086,3.807,26.99,100.83,44.36,6.164,224.86,41.54,-80.56,1,0.0482,0,Normal,Normal
2026-03-15 11:13:20,26.974,3.589,27.76,101.66,45.11,6.0,231.08,39.92,-76.96,1,0.0527,0,Normal,Normal
2026-03-15 11:13:30,27.857,3.944,25.08,101.99,45.43,6.425,231.27,38.32,-79.6,1,0.0632,0,Normal,Normal
2026-03-15 11:13:40,27.548,3.432,25.32,101.29,42.18,5.85,222.02,42.37,-77.45,1,0.0443,0,Normal,Normal
2026-03-15 11:13:50,27.801,3.23,25.06,101.43,44.04,5.995,218.41,39.45,-71.3,1,0.0416,0,Normal,Normal
2026-03-15 11:14:00,27.371,3.717,25.07,100.45,44.32,6.304,210.1,36.89,-76.52,1,0.0572,0,Normal,Normal
2026-03-15 11:14:10,27.975,4.164,26.58,101.13,42.18,5.751,227.63,38.9,-73.09,1,0.0469,1,Sensor value drift,Critical
2026-03-15 11:14:20,27.867,3.854,27.32,100.12,42.94,5.776,221.22,41.08,-79.67,1,0.0472,1,Sensor value drift,Critical
2026-03-15 11:14:30,27.74,4.549,28.46,99.17,44.85,5.582,213.49,41.55,-78.0,1,0.0799,1,Sensor value drift,Critical
2026-03-15 11:14:40,27.785,3.853,27.19,98.35,40.66,5.956,215.1,38.95,-77.83,1,0.0479,1,Sensor value drift,Critical
2026-03-15 11:14:50,27.3,3.857,25.66,97.5,40.52,5.333,218.65,40.25,-78.54,1,0.0861,1,Sensor value drift,Critical
2026-03-15 11:15:00,27.314,3.29,29.23,96.24,38.36,5.763,210.76,43.8,-80.31,1,0.0417,1,Sensor value drift,Critical
2026-03-15 11:15:10,27.702,3.968,28.91,95.74,38.6,5.161,218.37,39.51,-74.19,1,0.0463,1,Sensor value drift,Critical
2026-03-15 11:15:20,27.223,3.938,29.2,94.61,38.01,4.771,204.35,40.66,-73.37,1,0.0577,1,Sensor value drift,Critical
2026-03-15 11:15:30,27.864,3.831,27.64,94.46,36.7,5.176,212.33,38.64,-77.14,1,0.042,1,Sensor value drift,Critical
2026-03-15 11:15:40,27.31,3.938,29.71,93.37,34.19,4.689,206.53,40.36,-76.31,1,0.0473,1,Sensor value drift,Critical
2026-03-15 11:15:50,27.534,3.996,28.66,92.47,34.56,4.863,216.62,36.76,-73.61,1,0.0686,1,Sensor value drift,Critical
2026-03-15 11:16:00,27.99,4.012,31.62,91.84,34.9,3.533,206.34,42.3,-73.55,1,0.0615,1,Sensor value drift,Critical
2026-03-15 11:16:10,27.125,4.625,30.69,90.22,32.47,4.325,208.81,38.45,-70.28,1,0.045,1,Sensor value drift,Critical
2026-03-15 11:16:20,27.335,4.057,31.0,89.77,31.82,3.992,230.44,38.83,-69.75,1,0.0466,1,Sensor value drift,Critical
2026-03-15 11:16:30,27.607,4.241,29.92,89.19,29.08,3.604,218.33,36.73,-74.93,1,0.0506,1,Sensor value drift,Critical
2026-03-15 11:16:40,27.553,4.148,34.2,87.51,28.93,3.602,215.24,40.33,-72.9,1,0.0597,1,Sensor value drift,Critical
2026-03-15 11:16:50,27.146,4.496,32.71,86.16,27.01,3.411,219.83,38.83,-75.47,1,0.0425,1,Sensor value drift,Critical
2026-03-15 11:17:00,27.067,4.396,33.67,85.79,24.16,3.409,212.55,37.52,-67.74,1,0.0513,1,Sensor value drift,Critical
2026-03-15 11:17:10,27.129,4.333,32.88,85.56,24.3,2.76,196.21,35.27,-71.22,1,0.0411,1,Sensor value drift,Critical
2026-03-15 11:17:20,27.61,3.973,31.94,83.9,21.35,3.163,195.9,35.93,-68.82,1,0.0476,1,Sensor value drift,Critical
2026-03-15 11:17:30,27.069,4.567,34.06,83.2,20.42,3.346,183.76,36.73,-72.67,1,0.0432,1,Sensor value drift,Critical
2026-03-15 11:17:40,27.153,4.479,34.73,82.18,20.06,2.784,206.08,38.61,-68.3,1,0.0455,1,Sensor value drift,Critical
2026-03-15 11:17:50,26.979,4.59,36.16,81.52,18.87,2.791,195.02,39.39,-68.91,1,0.046,1,Sensor value drift,Critical
2026-03-15 11:18:00,27.296,4.358,35.63,80.28,15.81,2.717,198.01,37.84,-67.1,1,0.0621,1,Sensor value drift,Critical
2026-03-15 11:18:10,27.108,5.058,35.52,79.22,17.27,2.6,199.11,38.98,-74.75,1,0.0446,1,Sensor value drift,Critical
2026-03-15 11:18:20,26.738,4.959,34.77,78.73,15.5,2.661,195.94,35.94,-70.29,1,0.0563,1,Sensor value drift,Critical
2026-03-15 11:18:30,26.726,5.144,37.54,77.9,12.84,1.679,199.7,36.44,-67.01,1,0.0514,1,Sensor value drift,Critical
2026-03-15 11:18:40,26.394,5.114,36.71,77.57,10.76,1.456,196.93,36.58,-72.91,1,0.0645,1,Sensor value drift,Critical
2026-03-15 11:18:50,26.722,5.013,40.31,76.25,11.42,1.844,195.39,41.35,-68.33,1,0.0458,1,Sensor value drift,Critical
2026-03-15 11:19:00,27.187,4.616,38.99,74.86,10.1,1.688,185.37,35.84,-67.99,1,0.1185,1,Sensor value drift,Critical
2026-03-15 11:19:10,27.324,5.396,40.04,74.14,9.88,1.591,199.04,38.53,-67.4,1,0.0453,1,Sensor value drift,Critical
2026-03-15 11:19:20,27.11,4.734,39.25,73.83,8.47,1.867,213.9,38.03,-68.31,1,0.053,1,Sensor value drift,Critical
2026-03-15 11:19:30,27.048,4.928,40.36,72.47,5.72,1.105,198.14,41.12,-67.27,1,0.055,1,Sensor value drift,Critical
2026-03-15 11:19:40,26.822,5.199,39.15,71.3,6.94,1.153,213.56,37.66,-67.64,1,0.0516,1,Sensor value drift,Critical
2026-03-15 11:19:50,27.07,5.236,39.15,70.88,6.38,0.571,190.37,35.86,-65.2,1,0.0694,1,Sensor value drift,Critical
2026-03-15 11:20:00,26.902,5.213,41.37,69.63,6.9,1.578,192.45,38.03,-70.73,1,0.0418,1,Sensor value drift,Critical
2026-03-15 11:20:10,27.335,4.991,42.63,69.25,4.74,0.637,193.91,35.87,-67.37,1,0.0536,1,Sensor value drift,Critical
2026-03-15 11:20:20,26.743,4.958,39.28,68.31,7.08,0.578,192.33,33.03,-64.57,1,0.0506,1,Sensor value drift,Critical
2026-03-15 11:20:30,27.154,5.761,41.89,66.81,2.3,0.501,202.67,37.16,-70.4,1,0.0481,1,Sensor value drift,Critical
2026-03-15 11:20:40,26.991,5.134,45.82,67.08,5.74,0.338,175.51,40.0,-69.96,1,0.0464,1,Sensor value drift,Critical
2026-03-15 11:20:50,26.928,5.118,23.67,101.25,3.51,0.256,189.12,38.02,-66.15,1,0.0425,0,Normal,Normal
2026-03-15 11:21:00,26.083,4.993,25.17,100.23,4.45,0.28,205.8,39.21,-63.42,1,0.0557,0,Normal,Normal
2026-03-15 11:21:10,26.944,5.245,21.83,101.45,3.19,0.0,188.29,35.82,-67.82,1,0.0419,0,Normal,Normal
2026-03-15 11:21:20,26.606,5.244,22.01,100.26,4.17,0.105,199.48,36.13,-104.86,0,0.0665,1,Communication signal drop,Critical
2026-03-15 11:21:30,26.49,5.201,24.05,101.72,2.08,1.026,196.69,36.79,-98.21,0,0.0489,1,Communication signal drop,Critical
2026-03-15 11:21:40,26.158,5.309,23.45,101.32,0.98,0.569,191.1,37.18,-115.56,0,0.0539,1,Communication signal drop,Critical
2026-03-15 11:21:50,26.58,5.663,22.29,101.24,3.79,0.607,194.05,34.79,-110.17,0,0.0412,1,Communication signal drop,Critical
2026-03-15 11:22:00,26.571,5.08,20.45,101.27,1.75,0.668,190.69,33.7,-117.08,0,0.0415,1,Communication signal drop,Critical
2026-03-15 11:22:10,26.15,5.247,23.99,101.5,1.98,0.874,174.24,39.42,-105.47,0,0.044,1,Communication signal drop,Critical
2026-03-15 11:22:20,26.078,5.08,25.93,101.07,3.03,0.0,194.81,39.71,-104.47,0,0.0627,1,Communication signal drop,Critical
2026-03-15 11:22:30,26.646,5.321,19.71,101.26,0.17,0.0,186.1,34.43,-122.18,0,0.05,1,Communication signal drop,Critical
2026-03-15 11:22:40,26.741,5.11,24.09,101.31,1.99,0.0,179.92,38.22,-118.54,0,0.0456,1,Communication signal drop,Critical
2026-03-15 11:22:50,26.517,5.125,21.19,100.11,0.45,0.0,193.94,34.73,-113.19,0,0.0684,1,Communication signal drop,Critical
2026-03-15 11:23:00,26.785,4.896,21.3,101.5,0.89,0.037,193.33,34.09,-105.11,0,0.0432,1,Communication signal drop,Critical
2026-03-15 11:23:10,26.395,5.289,22.11,101.57,1.04,0.0,198.55,35.63,-112.28,0,0.0445,1,Communication signal drop,Critical
2026-03-15 11:23:20,26.385,5.375,19.81,101.45,0.0,0.194,188.54,34.03,-98.62,0,0.0625,1,Communication signal drop,Critical
2026-03-15 11:23:30,26.107,5.736,21.47,101.42,0.0,0.119,197.45,36.17,-114.38,0,0.0404,1,Communication signal drop,Critical
2026-03-15 11:23:40,25.894,5.39,19.02,101.9,2.34,0.0,190.69,33.16,-97.84,0,0.0437,1,Communication signal drop,Critical
2026-03-15 11:23:50,26.9,5.163,22.06,101.25,1.72,0.0,193.24,36.84,-105.52,0,0.0511,1,Communication signal drop,Critical
2026-03-15 11:24:00,26.664,4.938,24.6,101.26,0.52,0.0,193.86,36.78,-108.35,0,0.077,1,Communication signal drop,Critical
2026-03-15 11:24:10,25.888,4.974,20.2,101.01,0.83,0.0,179.75,35.24,-110.26,0,0.0446,1,Communication signal drop,Critical
2026-03-15 11:24:20,26.334,4.958,20.81,100.5,0.14,0.0,193.38,33.46,-107.63,0,0.0436,1,Communication signal drop,Critical
2026-03-15 11:24:30,26.239,5.753,20.8,101.45,2.08,0.0,191.16,35.98,-109.51,0,0.0953,1,Communication signal drop,Critical
2026-03-15 11:24:40,26.168,5.356,22.36,101.05,0.17,0.0,188.13,36.97,-106.36,0,0.0512,1,Communication signal drop,Critical
2026-03-15 11:24:50,26.11,5.14,21.4,100.5,0.66,0.0,191.19,33.15,-103.75,0,0.041,1,Communication signal drop,Critical
2026-03-15 11:25:00,26.329,5.047,22.08,101.24,1.72,0.003,210.65,36.96,-116.01,0,0.0449,1,Communication signal drop,Critical
2026-03-15 11:25:10,26.442,5.074,19.85,101.22,0.0,0.0,174.87,35.04,-110.83,0,0.0514,1,Communication signal drop,Critical
2026-03-15 11:25:20,26.3,5.137,21.16,101.17,2.16,0.0,189.16,36.67,-90.26,0,0.0411,1,Communication signal drop,Critical
2026-03-15 11:25:30,26.126,5.619,15.37,101.32,0.0,0.0,196.69,28.44,-61.71,1,0.0577,0,Normal,Normal
2026-03-15 11:25:40,26.097,5.283,21.33,100.64,2.2,0.0,180.21,35.54,-66.53,1,0.0511,0,Normal,Normal
2026-03-15 11:25:50,26.409,4.93,18.41,101.66,0.0,0.0,193.13,33.24,-63.38,1,0.0586,0,Normal,Normal
2026-03-15 11:26:00,26.25,5.87,19.65,101.44,0.0,0.345,192.57,34.53,-66.18,1,0.0463,0,Normal,Normal
2026-03-15 11:26:10,26.116,5.008,21.16,101.76,0.0,0.168,177.43,35.66,-61.96,1,0.0482,0,Normal,Normal
2026-03-15 11:26:20,26.067,5.146,17.65,101.04,0.0,0.0,185.45,31.14,-67.44,1,0.0795,0,Normal,Normal
2026-03-15 11:26:30,26.165,5.621,21.49,101.44,0.0,0.0,204.38,36.68,-61.38,1,0.0435,0,Normal,Normal
2026-03-15 11:26:40,25.905,5.398,19.58,100.52,0.0,0.153,177.38,34.77,-62.26,1,0.0406,0,Normal,Normal
2026-03-15 11:26:50,26.276,5.177,21.85,100.93,0.0,0.26,186.59,35.67,-63.11,1,0.1004,0,Normal,Normal
2026-03-15 11:27:00,25.691,4.987,18.23,100.72,1.28,0.067,188.77,31.29,-58.84,1,0.0401,0,Normal,Normal
2026-03-15 11:27:10,25.875,5.054,16.77,101.37,0.37,0.577,190.12,29.9,-62.06,1,0.0729,0,Normal,Normal
2026-03-15 11:27:20,26.166,5.069,19.35,100.82,0.48,0.176,186.78,34.99,-62.05,1,0.0662,0,Normal,Normal
2026-03-15 11:27:30,25.628,5.298,20.18,101.09,0.0,0.333,190.73,35.32,-61.77,1,0.05,0,Normal,Normal
2026-03-15 11:27:40,25.481,5.344,20.22,101.26,0.0,0.059,189.78,34.19,-63.05,1,0.0583,0,Normal,Normal
2026-03-15 11:27:50,25.957,5.26,17.41,101.1,2.25,0.248,195.75,31.18,-63.85,1,0.0417,0,Normal,Normal
2026-03-15 11:28:00,25.415,5.287,16.59,100.74,0.0,0.0,196.82,28.47,-67.33,1,0.0616,0,Normal,Normal
2026-03-15 11:28:10,25.52,5.034,18.46,101.92,2.06,0.0,193.57,32.36,-67.35,1,0.063,0,Normal,Normal
2026-03-15 11:28:20,26.123,5.371,19.62,101.31,0.0,0.132,191.95,32.19,-64.12,1,0.0408,0,Normal,Normal
2026-03-15 11:28:30,25.821,5.618,19.45,101.93,0.07,0.129,177.54,33.64,-63.66,1,0.0503,0,Normal,Normal
2026-03-15 11:28:40,26.254,5.257,21.01,100.85,1.35,0.186,190.97,36.44,-65.51,1,0.0844,0,Normal,Normal
2026-03-15 11:28:50,25.494,5.252,18.0,101.12,1.58,0.393,198.95,30.83,-67.09,1,0.0853,0,Normal,Normal
2026-03-15 11:29:00,25.814,5.319,15.71,101.3,0.0,0.0,177.15,29.99,-66.14,1,0.1025,0,Normal,Normal
2026-03-15 11:29:10,25.949,5.578,20.18,101.88,0.0,0.0,179.5,35.37,-65.98,1,0.056,0,Normal,Normal
2026-03-15 11:29:20,25.465,5.075,18.58,101.93,0.0,0.087,201.97,32.85,-65.09,1,0.0423,0,Normal,Normal
2026-03-15 11:29:30,26.113,5.661,18.62,101.09,0.45,0.0,178.05,31.99,-66.68,1,0.048,0,Normal,Normal
2026-03-15 11:29:40,25.945,5.404,19.26,100.97,1.11,1.188,189.21,33.27,-62.62,1,0.0595,0,Normal,Normal
2026-03-15 11:29:50,25.297,5.306,19.91,101.26,0.04,0.186,185.62,35.06,-66.56,1,0.045,0,Normal,Normal
2026-03-15 11:30:00,25.757,5.602,17.89,101.75,0.78,0.0,201.48,32.21,-68.27,1,0.0649,0,Normal,Normal
2026-03-15 11:30:10,25.872,5.003,19.6,101.32,2.0,0.0,192.45,33.6,-66.7,1,0.0696,0,Normal,Normal
2026-03-15 11:30:20,25.568,5.429,18.58,101.39,0.49,0.0,196.35,33.97,-69.89,1,0.0616,0,Normal,Normal
2026-03-15 11:30:30,25.29,5.406,16.68,101.74,0.41,0.015,190.47,31.3,-60.67,1,0.0463,0,Normal,Normal
2026-03-15 11:30:40,25.807,5.065,17.22,101.68,0.0,0.043,205.98,29.78,-64.88,1,0.0603,0,Normal,Normal
2026-03-15 11:30:50,26.376,5.414,18.41,101.69,0.0,0.0,184.07,33.17,-67.02,1,0.0411,0,Normal,Normal
2026-03-15 11:31:00,25.586,5.37,16.33,101.55,0.49,0.0,192.77,31.47,-62.87,1,0.0461,0,Normal,Normal
2026-03-15 11:31:10,26.163,5.254,18.64,101.84,0.0,0.474,200.08,31.15,-67.88,1,0.0618,0,Normal,Normal
2026-03-15 11:31:20,25.457,5.515,17.46,100.81,0.0,0.488,201.89,28.73,-67.52,1,0.0638,0,Normal,Normal
2026-03-15 11:31:30,25.738,5.156,17.71,102.2,0.32,0.091,187.87,30.46,-69.68,1,0.0458,0,Normal,Normal
2026-03-15 11:31:40,25.895,5.367,19.21,101.72,0.0,0.0,173.82,33.08,-70.55,1,0.0884,0,Normal,Normal
2026-03-15 11:31:50,25.652,5.266,17.49,101.24,1.37,0.191,186.94,32.71,-67.26,1,0.0448,0,Normal,Normal
2026-03-15 11:32:00,25.556,5.146,16.98,101.74,0.12,0.547,203.96,29.91,-64.86,1,0.0562,0,Normal,Normal
2026-03-15 11:32:10,25.855,5.425,16.66,101.16,0.0,0.482,183.91,31.33,-70.86,1,0.0717,0,Normal,Normal
2026-03-15 11:32:20,26.196,5.247,16.5,101.49,1.21,0.26,192.34,27.03,-69.11,1,0.052,0,Normal,Normal
2026-03-15 11:32:30,25.711,4.931,17.09,101.54,0.0,0.5,187.56,31.3,-69.18,1,0.048,0,Normal,Normal
2026-03-15 11:32:40,25.458,4.849,18.58,101.64,0.65,0.021,189.43,32.09,-66.44,1,0.0436,0,Normal,Normal
2026-03-15 11:32:50,25.548,5.497,15.53,101.12,0.0,0.222,200.51,32.05,-70.23,1,0.0433,0,Normal,Normal
2026-03-15 11:33:00,26.354,4.994,15.34,101.65,0.0,0.0,192.05,27.07,-66.86,1,0.0426,0,Normal,Normal
2026-03-15 11:33:10,25.631,5.369,18.21,101.12,0.12,0.104,206.35,32.2,-67.17,1,0.0488,0,Normal,Normal
2026-03-15 11:33:20,25.406,5.313,15.35,101.59,0.03,0.467,197.82,27.08,-71.49,1,0.0519,0,Normal,Normal
2026-03-15 11:33:30,25.234,5.207,16.45,101.29,0.59,0.0,191.06,29.79,-70.58,1,0.0674,0,Normal,Normal
2026-03-15 11:33:40,25.023,5.789,15.15,100.57,0.0,0.0,189.26,27.11,-69.66,1,0.0437,0,Normal,Normal
2026-03-15 11:33:50,25.674,5.344,13.44,101.01,0.0,0.036,192.66,30.2,-71.41,1,0.0611,0,Normal,Normal
2026-03-15 11:34:00,25.756,5.488,16.18,101.64,0.0,0.0,180.14,29.75,-72.99,1,0.0578,0,Normal,Normal
2026-03-15 11:34:10,25.435,5.371,17.47,101.18,0.97,0.229,181.55,31.22,-66.06,1,0.0551,0,Normal,Normal
2026-03-15 11:34:20,25.544,5.242,15.63,101.79,0.0,0.0,196.07,29.58,-76.07,1,0.0462,0,Normal,Normal
2026-03-15 11:34:30,25.193,5.295,13.42,100.81,0.0,0.603,197.37,26.06,-70.23,1,0.0457,0,Normal,Normal
2026-03-15 11:34:40,25.579,5.664,15.73,101.58,1.2,0.0,179.42,31.0,-67.05,1,0.0613,0,Normal,Normal
2026-03-15 11:34:50,25.679,5.572,14.35,101.28,0.0,0.44,196.88,29.12,-73.78,1,0.0448,0,Normal,Normal
2026-03-15 11:35:00,25.37,5.788,11.48,101.2,0.0,0.0,188.6,26.58,-71.5,1,0.046,0,Normal,Normal
2026-03-15 11:35:10,26.034,5.355,15.21,100.83,0.0,0.0,183.36,27.75,-69.09,1,0.0904,0,Normal,Normal
2026-03-15 11:35:20,25.272,5.08,16.04,101.38,0.0,0.085,187.49,31.4,-81.15,1,0.12,0,Normal,Normal
2026-03-15 11:35:30,25.605,5.189,16.95,100.9,0.0,0.0,197.11,32.18,-72.39,1,0.04,0,Normal,Normal
2026-03-15 11:35:40,25.771,5.003,17.75,101.05,0.0,0.0,194.88,31.47,-77.18,1,0.0574,0,Normal,Normal
2026-03-15 11:35:50,25.49,5.491,16.01,101.24,0.6,0.0,192.39,31.09,-69.8,1,0.0515,0,Normal,Normal
2026-03-15 11:36:00,25.454,5.153,16.37,101.15,0.0,0.0,193.04,30.69,-75.3,1,0.0492,0,Normal,Normal
2026-03-15 11:36:10,25.08,4.536,12.97,101.71,0.38,0.343,180.88,25.05,-67.8,1,0.0448,0,Normal,Normal
2026-03-15 11:36:20,25.914,5.916,17.25,100.26,2.19,0.206,194.38,31.04,-76.24,1,0.0506,0,Normal,Normal
2026-03-15 11:36:30,25.454,5.157,16.65,101.23,0.0,0.021,186.35,30.07,-72.26,1,0.0491,0,Normal,Normal
2026-03-15 11:36:40,25.665,5.155,14.13,101.15,0.34,0.169,206.18,28.23,-76.47,1,0.0477,0,Normal,Normal
2026-03-15 11:36:50,25.704,5.718,15.63,101.3,0.0,0.0,186.97,30.86,-74.78,1,0.0684,0,Normal,Normal
2026-03-15 11:37:00,25.313,4.998,15.42,101.08,0.0,0.0,207.82,27.45,-74.32,1,0.0447,0,Normal,Normal
2026-03-15 11:37:10,25.441,5.584,16.68,101.71,0.0,0.0,188.72,30.15,-74.46,1,0.0537,0,Normal,Normal
2026-03-15 11:37:20,25.9,5.153,14.18,101.2,0.0,0.0,189.25,27.2,-69.8,1,0.07,0,Normal,Normal
2026-03-15 11:37:30,25.165,4.969,13.22,101.35,0.44,0.0,187.65,26.29,-70.72,1,0.0979,0,Normal,Normal
2026-03-15 11:37:40,26.139,5.726,13.54,101.66,2.83,0.299,179.94,26.55,-77.48,1,0.0538,0,Normal,Normal
2026-03-15 11:37:50,25.277,5.53,15.56,101.32,0.0,0.266,200.62,29.64,-75.34,1,0.051,0,Normal,Normal
2026-03-15 11:38:00,25.147,5.53,11.27,100.79,0.0,0.213,190.78,25.9,-79.19,1,0.0675,0,Normal,Normal
2026-03-15 11:38:10,25.542,5.392,9.59,101.13,0.0,0.0,195.02,24.01,-80.1,1,0.0431,0,Normal,Normal
2026-03-15 11:38:20,26.166,5.449,15.37,101.25,0.48,0.0,202.93,29.59,-78.16,1,0.0549,0,Normal,Normal
2026-03-15 11:38:30,24.932,4.992,14.37,100.64,0.33,0.146,188.96,29.12,-71.34,1,0.041,0,Normal,Normal
2026-03-15 11:38:40,25.464,5.328,13.93,101.02,1.55,0.185,189.27,30.79,-81.68,1,0.0562,0,Normal,Normal
2026-03-15 11:38:50,25.652,5.067,11.88,101.27,0.0,0.0,191.17,26.05,-75.12,1,0.0638,0,Normal,Normal
2026-03-15 11:39:00,25.521,4.952,11.22,102.1,0.0,0.0,179.74,26.44,-75.7,1,0.041,0,Normal,Normal
2026-03-15 11:39:10,25.628,5.402,12.77,101.45,0.0,0.0,175.38,27.93,-79.54,1,0.0683,0,Normal,Normal
2026-03-15 11:39:20,25.301,5.589,14.21,101.36,1.33,0.043,177.98,30.34,-75.6,1,0.042,0,Normal,Normal
2026-03-15 11:39:30,25.34,5.204,12.73,101.98,0.0,0.0,199.94,27.4,-75.84,1,0.0429,0,Normal,Normal
2026-03-15 11:39:40,25.478,5.247,14.91,101.54,0.0,0.0,187.4,27.89,-78.09,1,0.0672,0,Normal,Normal
2026-03-15 11:39:50,25.188,5.015,12.07,101.59,0.7,0.0,196.28,26.44,-78.65,1,0.042,0,Normal,Normal
2026-03-15 11:40:00,25.517,5.301,12.67,101.14,0.3,0.0,187.94,26.97,-79.16,1,0.0568,0,Normal,Normal
2026-03-15 11:40:10,25.418,5.49,14.45,100.79,0.0,0.0,177.39,29.43,-81.17,1,0.0452,0,Normal,Normal
2026-03-15 11:40:20,25.398,5.497,12.78,101.4,0.0,0.0,196.94,25.73,-78.36,1,0.0443,0,Normal,Normal
2026-03-15 11:40:30,25.64,5.436,12.8,102.03,0.0,0.0,182.9,28.32,-80.58,1,0.0558,0,Normal,Normal
2026-03-15 11:40:40,25.002,5.145,12.28,101.91,0.15,0.135,194.65,26.28,-78.79,1,0.0417,0,Normal,Normal
2026-03-15 11:40:50,25.485,5.137,11.95,101.56,0.0,0.202,197.4,26.95,-81.32,1,0.0528,0,Normal,Normal
2026-03-15 11:41:00,26.255,5.498,13.67,101.03,0.61,0.0,189.66,28.05,-81.67,1,0.0788,0,Normal,Normal
2026-03-15 11:41:10,25.239,5.502,13.82,100.68,0.0,0.534,193.8,27.97,-81.53,1,0.0686,0,Normal,Normal
2026-03-15 11:41:20,25.957,5.256,13.39,100.97,0.0,0.0,178.63,27.67,-76.29,1,0.0686,0,Normal,Normal
2026-03-15 11:41:30,25.594,5.193,12.08,101.39,0.0,0.538,213.41,26.89,-84.43,1,0.0454,0,Normal,Normal
2026-03-15 11:41:40,25.403,5.591,12.66,101.11,0.0,0.0,193.53,29.01,-75.18,1,0.0581,0,Normal,Normal
2026-03-15 11:41:50,25.195,5.209,15.31,101.7,0.0,0.0,196.26,26.89,-78.38,1,0.0627,0,Normal,Normal
2026-03-15 11:42:00,25.64,5.486,10.74,100.7,0.97,0.143,197.49,25.39,-85.57,1,0.0748,0,Normal,Normal
2026-03-15 11:42:10,26.041,5.265,15.66,101.25,0.0,0.089,188.9,29.71,-82.8,1,0.0446,0,Normal,Normal
2026-03-15 11:42:20,25.496,5.037,12.94,100.99,0.07,0.014,190.63,26.73,-86.12,1,0.0615,0,Normal,Normal
2026-03-15 11:42:30,25.596,5.702,12.48,101.7,0.69,0.0,198.69,23.64,-79.49,1,0.044,0,Normal,Normal
2026-03-15 11:42:40,25.932,5.329,14.14,101.52,2.25,0.0,187.07,28.84,-77.77,1,0.0404,0,Normal,Normal
2026-03-15 11:42:50,25.739,5.122,9.57,100.97,0.0,0.0,193.14,23.42,-81.09,1,0.0499,0,Normal,Normal
2026-03-15 11:43:00,25.174,4.952,14.71,101.64,0.41,0.0,193.76,27.71,-78.29,1,0.0618,0,Normal,Normal
2026-03-15 11:43:10,25.684,4.977,15.39,100.65,0.0,0.297,184.14,29.44,-81.56,1,0.0436,0,Normal,Normal
2026-03-15 11:43:20,26.117,5.206,14.2,100.59,0.0,0.067,193.57,27.85,-79.36,1,0.0407,0,Normal,Normal
2026-03-15 11:43:30,25.662,5.78,9.38,100.95,1.04,0.217,176.46,22.0,-81.56,1,0.047,0,Normal,Normal
2026-03-15 11:43:40,24.86,5.153,13.64,100.51,0.02,0.0,197.36,27.75,-82.54,1,0.0434,0,Normal,Normal
2026-03-15 11:43:50,25.809,5.661,14.94,101.25,1.44,0.0,202.58,29.63,-80.41,1,0.0472,0,Normal,Normal
2026-03-15 11:44:00,25.643,5.266,14.75,101.27,0.0,0.0,197.27,28.09,-83.35,1,0.078,0,Normal,Normal
2026-03-15 11:44:10,25.164,5.004,10.29,101.14,0.65,0.0,202.0,24.61,-78.65,1,0.0604,0,Normal,Normal
2026-03-15 11:44:20,25.22,5.181,13.9,101.52,2.27,0.0,183.92,28.03,-84.1,1,0.047,0,Normal,Normal
2026-03-15 11:44:30,26.027,4.979,15.04,101.01,0.54,0.0,188.22,30.3,-81.59,1,0.0459,0,Normal,Normal
2026-03-15 11:44:40,25.525,5.085,12.37,100.78,0.37,0.0,191.03,26.24,-85.54,1,0.0781,0,Normal,Normal
2026-03-15 11:44:50,25.484,5.077,10.12,100.98,0.05,0.202,191.06,25.08,-88.26,1,0.073,0,Normal,Normal
2026-03-15 11:45:00,25.757,4.823,13.52,100.81,0.0,0.0,186.53,27.14,-82.59,1,0.0539,0,Normal,Normal
2026-03-15 11:45:10,25.586,5.677,13.83,101.06,1.67,0.127,182.72,30.19,-89.19,1,0.0466,0,Normal,Normal
2026-03-15 11:45:20,25.822,5.351,12.02,101.54,0.0,0.0,203.85,25.49,-77.44,1,0.0636,0,Normal,Normal
2026-03-15 11:45:30,25.743,5.127,10.42,100.6,0.65,0.0,183.37,23.6,-85.05,1,0.0563,0,Normal,Normal
2026-03-15 11:45:40,25.456,5.354,13.66,101.16,0.0,0.0,203.29,27.54,-84.32,1,0.0525,0,Normal,Normal
2026-03-15 11:45:50,25.676,5.089,11.01,101.68,0.0,0.0,194.0,24.14,-85.11,1,0.0601,0,Normal,Normal
2026-03-15 11:46:00,25.975,4.63,12.74,101.73,1.78,0.0,191.66,25.24,-83.85,1,0.0422,0,Normal,Normal
2026-03-15 11:46:10,25.868,6.037,14.47,101.03,0.0,0.454,194.39,29.34,-83.34,1,0.0799,0,Normal,Normal
2026-03-15 11:46:20,25.844,5.345,9.63,102.19,1.81,0.138,202.23,22.0,-86.96,1,0.0941,0,Normal,Normal
2026-03-15 11:46:30,26.463,5.15,13.46,100.88,0.0,0.015,169.05,26.6,-92.0,1,0.0466,0,Normal,Normal
2026-03-15 11:46:40,21.489,6.712,11.77,101.21,0.0,0.003,192.92,24.16,-87.88,1,0.084,1,Battery voltage drop,Warning
2026-03-15 11:46:50,21.354,6.566,11.8,100.83,1.15,0.0,191.25,25.97,-86.1,1,0.0638,1,Battery voltage drop,Warning
2026-03-15 11:47:00,22.008,8.268,12.83,101.47,0.0,0.0,191.55,24.2,-83.86,1,0.0825,1,Battery voltage drop,Warning
2026-03-15 11:47:10,21.723,8.35,10.89,102.42,0.93,0.161,197.59,25.55,-84.21,1,0.0774,1,Battery voltage drop,Warning
2026-03-15 11:47:20,20.996,7.128,10.28,102.04,0.12,0.0,185.19,25.06,-82.55,1,0.0434,1,Battery voltage drop,Warning
2026-03-15 11:47:30,21.38,7.36,9.35,101.64,0.0,0.221,180.87,22.0,-89.78,1,0.0445,1,Battery voltage drop,Warning
2026-03-15 11:47:40,21.831,8.435,13.87,101.06,0.31,0.0,179.01,28.1,-87.56,1,0.0445,1,Battery voltage drop,Warning
2026-03-15 11:47:50,21.804,7.263,11.46,101.23,2.75,0.305,182.83,26.08,-86.24,1,0.0415,1,Battery voltage drop,Warning
2026-03-15 11:48:00,22.403,7.935,12.87,101.75,0.72,0.354,195.59,27.99,-80.37,1,0.0476,1,Battery voltage drop,Warning
2026-03-15 11:48:10,21.722,7.442,11.28,101.6,0.07,0.0,194.14,23.52,-76.81,1,0.0468,1,Battery voltage drop,Warning
2026-03-15 11:48:20,22.135,6.501,10.26,101.33,1.44,0.0,197.18,22.33,-89.03,1,0.0463,1,Battery voltage drop,Warning
2026-03-15 11:48:30,22.102,7.404,12.98,101.36,0.41,0.0,186.44,28.78,-81.72,1,0.0464,1,Battery voltage drop,Warning
2026-03-15 11:48:40,21.688,6.986,12.49,101.72,0.43,0.0,186.8,25.51,-84.74,1,0.041,1,Battery voltage drop,Warning
2026-03-15 11:48:50,21.837,7.729,11.64,101.82,0.0,0.0,203.37,25.01,-83.33,1,0.0431,1,Battery voltage drop,Warning
2026-03-15 11:49:00,22.359,6.539,12.45,100.7,0.49,0.882,198.31,27.21,-88.97,1,0.0453,1,Battery voltage drop,Warning
2026-03-15 11:49:10,22.485,6.904,10.56,101.39,1.47,0.244,196.18,23.16,-80.92,1,0.073,1,Battery voltage drop,Warning
2026-03-15 11:49:20,21.046,6.754,13.6,101.53,0.0,0.704,175.58,27.28,-91.63,1,0.0792,1,Battery voltage drop,Warning
2026-03-15 11:49:30,21.361,7.271,13.95,101.09,1.98,0.326,205.86,29.02,-88.89,1,0.045,1,Battery voltage drop,Warning
2026-03-15 11:49:40,21.689,7.128,13.16,101.81,0.18,0.0,189.48,25.45,-85.73,1,0.0578,1,Battery voltage drop,Warning
2026-03-15 11:49:50,21.157,6.918,11.46,101.18,0.0,0.0,191.61,24.86,-86.67,1,0.0685,1,Battery voltage drop,Warning
2026-03-15 11:50:00,22.699,7.414,12.12,101.82,1.54,0.253,193.83,24.77,-84.77,1,0.0506,1,Battery voltage drop,Warning
2026-03-15 11:50:10,20.87,6.838,14.39,101.15,0.03,0.204,191.59,27.46,-86.86,1,0.0611,1,Battery voltage drop,Warning
2026-03-15 11:50:20,21.179,7.225,13.97,101.4,1.32,0.0,188.93,29.39,-85.83,1,0.0959,1,Battery voltage drop,Warning
2026-03-15 11:50:30,22.283,6.877,15.05,101.39,0.1,0.0,191.49,30.74,-85.26,1,0.0427,1,Battery voltage drop,Warning
2026-03-15 11:50:40,21.463,7.189,10.9,101.97,0.42,1.218,195.45,25.21,-85.31,1,0.0411,1,Battery voltage drop,Warning
2026-03-15 11:50:50,25.781,5.336,10.78,101.6,1.13,0.024,197.19,25.42,-84.13,1,0.0553,0,Normal,Normal
2026-03-15 11:51:00,26.232,5.327,12.3,101.12,0.94,0.0,200.19,26.91,-81.82,1,0.0507,0,Normal,Normal
2026-03-15 11:51:10,26.552,5.444,12.72,101.19,0.0,0.128,181.7,25.92,-86.7,1,0.0453,0,Normal,Normal
2026-03-15 11:51:20,26.747,5.371,11.92,101.19,0.0,0.012,186.16,26.2,-80.31,1,0.0773,0,Normal,Normal
2026-03-15 11:51:30,26.217,5.466,11.56,101.31,1.9,0.15,197.4,24.01,-84.12,1,0.068,0,Normal,Normal
2026-03-15 11:51:40,26.621,5.384,14.07,100.92,0.71,0.568,178.07,26.92,-80.4,1,0.0446,0,Normal,Normal
2026-03-15 11:51:50,26.611,4.948,12.05,101.27,0.33,0.086,191.99,25.94,-85.12,1,0.0623,0,Normal,Normal
2026-03-15 11:52:00,26.806,5.328,10.38,101.85,0.0,0.0,184.48,23.11,-86.59,1,0.0664,0,Normal,Normal
2026-03-15 11:52:10,26.355,5.116,10.58,101.83,0.0,0.1,195.25,23.05,-83.64,1,0.0459,0,Normal,Normal
2026-03-15 11:52:20,25.94,4.975,12.62,100.67,0.0,0.01,184.17,25.77,-76.08,1,0.0416,0,Normal,Normal
2026-03-15 11:52:30,26.521,5.175,16.78,100.61,1.29,0.689,188.15,32.15,-87.76,1,0.0685,0,Normal,Normal
2026-03-15 11:52:40,26.216,5.288,10.83,101.06,0.83,0.62,188.81,26.7,-81.51,1,0.0415,0,Normal,Normal
2026-03-15 11:52:50,26.324,5.298,11.85,100.59,0.55,0.269,193.22,25.81,-82.89,1,0.0498,0,Normal,Normal
2026-03-15 11:53:00,26.471,5.493,15.96,100.79,1.81,0.0,199.04,30.66,-82.08,1,0.0432,0,Normal,Normal
2026-03-15 11:53:10,26.48,5.549,11.65,101.44,2.52,0.0,199.78,24.97,-86.78,1,0.0794,0,Normal,Normal
2026-03-15 11:53:20,26.645,5.298,13.09,101.28,4.81,0.317,193.32,24.61,-81.65,1,0.0417,0,Normal,Normal
2026-03-15 11:53:30,26.834,5.334,15.25,100.61,0.73,0.462,182.98,28.18,-81.99,1,0.0419,0,Normal,Normal
2026-03-15 11:53:40,26.534,5.219,11.04,101.77,4.2,0.249,212.68,24.67,-87.19,1,0.0581,0,Normal,Normal
2026-03-15 11:53:50,26.784,5.376,12.03,101.13,4.27,0.252,191.58,26.2,-82.19,1,0.0435,0,Normal,Normal
2026-03-15 11:54:00,26.691,5.293,11.8,101.09,2.49,0.256,194.68,25.68,-83.16,1,0.0421,0,Normal,Normal
2026-03-15 11:54:10,26.988,5.145,10.29,101.71,4.02,0.503,194.69,23.95,-83.34,1,0.0428,0,Normal,Normal
2026-03-15 11:54:20,26.673,5.682,14.95,101.46,3.62,0.0,195.87,28.26,-82.25,1,0.0536,0,Normal,Normal
2026-03-15 11:54:30,26.727,4.991,11.76,101.28,4.82,0.237,186.57,26.17,-78.68,1,0.0438,0,Normal,Normal
2026-03-15 11:54:40,26.66,5.474,11.36,101.1,6.87,0.466,197.2,23.72,-80.4,1,0.0471,0,Normal,Normal
2026-03-15 11:54:50,26.745,4.752,12.04,101.53,6.3,1.178,208.64,27.01,-84.73,1,0.0684,0,Normal,Normal
2026-03-15 11:55:00,26.581,5.273,14.14,101.13,6.75,0.546,178.4,27.44,-79.94,1,0.0429,0,Normal,Normal
2026-03-15 11:55:10,26.573,5.406,12.96,101.21,6.23,0.977,195.18,29.44,-81.38,1,0.0663,0,Normal,Normal
2026-03-15 11:55:20,27.093,4.545,11.64,100.83,5.63,1.083,186.43,25.26,-82.91,1,0.0624,0,Normal,Normal
2026-03-15 11:55:30,26.557,5.03,13.49,101.76,7.88,1.555,203.84,26.91,-84.6,1,0.0667,0,Normal,Normal
2026-03-15 11:55:40,26.808,5.145,14.13,101.92,10.35,1.648,205.62,27.46,-78.27,1,0.0464,0,Normal,Normal
2026-03-15 11:55:50,27.231,4.998,12.92,101.38,7.91,1.299,196.08,26.36,-82.21,1,0.0496,0,Normal,Normal
2026-03-15 11:56:00,26.843,4.996,12.65,101.11,9.37,1.274,198.24,27.38,-77.57,1,0.0584,0,Normal,Normal
2026-03-15 11:56:10,27.22,4.899,14.57,101.67,11.74,1.338,191.41,28.52,-83.33,1,0.0406,0,Normal,Normal
2026-03-15 11:56:20,26.816,4.554,12.83,101.54,11.43,1.623,180.33,28.01,-73.91,1,0.0563,0,Normal,Normal
2026-03-15 11:56:30,26.701,5.379,15.55,101.12,12.73,1.701,197.82,30.11,-71.79,1,0.0419,0,Normal,Normal
2026-03-15 11:56:40,26.56,4.618,12.05,101.76,14.31,2.2,199.1,26.09,-77.86,1,0.0451,0,Normal,Normal
2026-03-15 11:56:50,27.455,4.808,12.07,101.13,14.37,2.314,202.01,26.52,-75.39,1,0.0649,0,Normal,Normal
2026-03-15 11:57:00,26.743,4.492,11.93,100.79,16.07,2.542,176.34,27.37,-80.43,1,0.0551,0,Normal,Normal
2026-03-15 11:57:10,27.331,4.037,12.98,101.27,19.36,2.948,189.7,27.77,-80.51,1,0.0546,0,Normal,Normal
2026-03-15 11:57:20,26.83,4.325,13.4,101.73,18.26,3.337,192.6,27.73,-75.06,1,0.0439,0,Normal,Normal
2026-03-15 11:57:30,27.548,4.144,11.46,101.34,19.26,2.911,206.11,25.97,-77.97,1,0.0565,0,Normal,Normal
2026-03-15 11:57:40,27.838,4.728,13.65,100.83,21.78,3.437,211.12,26.26,-82.32,1,0.0421,0,Normal,Normal
2026-03-15 11:57:50,26.693,4.251,14.4,101.14,24.8,3.116,198.14,31.49,-77.75,1,0.0902,0,Normal,Normal
2026-03-15 11:58:00,26.896,4.223,11.41,101.78,25.06,3.841,206.24,26.05,-81.42,1,0.0444,0,Normal,Normal
2026-03-15 11:58:10,27.477,4.034,12.89,101.41,26.11,3.983,204.82,27.64,-78.09,1,0.0663,0,Normal,Normal
2026-03-15 11:58:20,27.422,4.272,14.58,101.29,28.08,4.149,226.69,28.54,-74.16,1,0.0779,0,Normal,Normal
2026-03-15 11:58:30,27.524,4.02,12.15,101.25,27.27,4.009,208.33,23.39,-72.7,1,0.0428,0,Normal,Normal
2026-03-15 11:58:40,27.142,4.398,13.37,101.73,31.26,3.919,208.94,27.05,-76.02,1,0.0401,0,Normal,Normal
2026-03-15 11:58:50,27.934,4.178,15.53,101.71,32.39,3.836,206.75,29.63,-72.61,1,0.0711,0,Normal,Normal
2026-03-15 11:59:00,27.396,3.914,16.66,100.74,32.65,4.474,198.96,29.67,-77.77,1,0.0617,0,Normal,Normal
2026-03-15 11:59:10,27.019,4.226,14.68,101.68,35.51,5.182,220.19,27.69,-71.06,1,0.0425,0,Normal,Normal
2026-03-15 11:59:20,27.331,3.974,13.83,101.51,34.06,4.687,213.69,27.43,-78.1,1,0.0666,0,Normal,Normal
2026-03-15 11:59:30,27.069,3.938,13.4,101.94,37.82,5.213,213.48,28.32,-78.13,1,0.0649,0,Normal,Normal
2026-03-15 11:59:40,27.931,3.53,15.58,101.27,37.64,5.367,218.77,31.09,-76.85,1,0.0493,0,Normal,Normal
2026-03-15 11:59:50,27.279,3.843,15.98,101.75,37.98,5.098,205.36,30.18,-77.48,1,0.084,0,Normal,Normal
2026-03-15 12:00:00,27.648,3.909,12.61,101.49,39.22,5.775,232.78,25.93,-73.45,1,0.0531,0,Normal,Normal
2026-03-15 12:00:10,27.382,4.132,15.77,100.85,39.92,4.405,204.64,29.34,-71.01,1,0.0488,0,Normal,Normal
2026-03-15 12:00:20,27.362,3.582,13.57,101.71,42.25,5.095,233.95,27.69,-74.49,1,0.0402,0,Normal,Normal
2026-03-15 12:00:30,26.997,4.314,13.25,101.62,40.18,5.296,220.12,27.52,-73.37,1,0.0858,0,Normal,Normal
2026-03-15 12:00:40,27.773,3.86,14.38,101.04,41.19,5.414,217.61,28.9,-78.22,1,0.0421,0,Normal,Normal
2026-03-15 12:00:50,28.006,3.32,16.17,101.42,43.92,5.897,226.49,29.64,-73.55,1,0.0453,0,Normal,Normal
2026-03-15 12:01:00,27.365,3.469,15.22,102.14,42.49,5.952,218.73,29.85,-68.3,1,0.0596,0,Normal,Normal
2026-03-15 12:01:10,27.199,4.017,15.25,101.11,44.76,6.053,229.3,29.79,-69.14,1,0.0401,0,Normal,Normal
2026-03-15 12:01:20,27.927,3.957,15.42,101.59,46.15,6.182,224.63,28.95,-76.43,1,0.0517,0,Normal,Normal
2026-03-15 12:01:30,27.215,3.635,15.67,100.86,44.03,5.695,228.16,27.6,-74.24,1,0.0426,0,Normal,Normal
2026-03-15 12:01:40,28.098,3.655,14.87,101.07,45.68,5.649,231.03,27.8,-62.47,1,0.0403,0,Normal,Normal
2026-03-15 12:01:50,27.484,7.406,16.06,101.62,43.8,6.258,311.15,31.94,-71.21,1,0.0554,1,Current surge,Warning
2026-03-15 12:02:00,27.447,7.993,14.2,101.4,46.38,5.938,303.17,26.16,-67.7,1,0.0539,1,Current surge,Warning
2026-03-15 12:02:10,27.876,7.319,16.24,101.22,45.98,5.644,297.73,31.82,-67.24,1,0.0599,1,Current surge,Warning
2026-03-15 12:02:20,27.513,8.214,16.62,101.98,46.54,6.566,313.57,28.55,-75.15,1,0.0544,1,Current surge,Warning
2026-03-15 12:02:30,27.635,8.566,16.46,100.93,45.41,6.742,276.01,29.53,-69.41,1,0.0488,1,Current surge,Warning
2026-03-15 12:02:40,27.976,8.493,16.61,101.24,44.38,6.825,293.88,30.16,-70.8,1,0.0498,1,Current surge,Warning
2026-03-15 12:02:50,27.164,7.739,16.26,101.5,47.15,6.368,305.43,32.4,-65.92,1,0.0437,1,Current surge,Warning
2026-03-15 12:03:00,28.409,8.468,17.4,100.95,44.22,6.543,266.26,31.43,-65.05,1,0.0413,1,Current surge,Warning
2026-03-15 12:03:10,27.952,7.825,12.31,101.5,46.45,6.822,276.69,26.06,-73.22,1,0.0696,1,Current surge,Warning
2026-03-15 12:03:20,27.573,7.021,17.08,101.73,48.09,6.134,281.43,29.96,-60.19,1,0.0576,1,Current surge,Warning
2026-03-15 12:03:30,27.679,7.268,18.84,101.25,47.3,6.762,295.76,33.47,-69.8,1,0.042,1,Current surge,Warning
2026-03-15 12:03:40,28.304,8.074,15.03,101.03,49.5,6.483,306.68,28.41,-68.2,1,0.0446,1,Current surge,Warning
2026-03-15 12:03:50,28.209,7.991,14.94,101.18,48.48,6.718,314.25,28.66,-77.86,1,0.0698,1,Current surge,Warning
2026-03-15 12:04:00,28.467,8.369,18.05,100.23,46.54,6.474,277.91,31.62,-66.68,1,0.0882,1,Current surge,Warning
2026-03-15 12:04:10,27.869,6.759,14.81,101.7,47.43,6.872,291.33,29.68,-75.97,1,0.0635,1,Current surge,Warning
2026-03-15 12:04:20,28.185,3.602,15.29,101.41,47.4,6.505,235.37,30.2,-69.74,1,0.0527,0,Normal,Normal
2026-03-15 12:04:30,28.246,3.146,16.62,101.23,45.62,5.915,232.13,29.55,-70.78,1,0.0705,0,Normal,Normal
2026-03-15 12:04:40,28.349,3.493,15.25,100.63,46.44,6.95,234.81,28.5,-67.54,1,0.0548,0,Normal,Normal
2026-03-15 12:04:50,28.5,3.772,17.85,101.74,46.94,6.116,212.3,30.98,-68.21,1,0.058,0,Normal,Normal
2026-03-15 12:05:00,27.969,3.233,15.43,101.12,45.21,6.891,230.34,29.65,-66.81,1,0.0663,0,Normal,Normal
2026-03-15 12:05:10,28.172,3.516,17.24,101.53,47.74,6.426,230.7,32.33,-64.66,1,0.0466,0,Normal,Normal
2026-03-15 12:05:20,28.045,3.047,17.22,101.3,47.42,6.874,232.53,31.45,-71.23,1,0.063,0,Normal,Normal
2026-03-15 12:05:30,28.233,3.183,19.37,100.65,45.74,6.863,231.59,30.74,-68.67,1,0.0435,0,Normal,Normal
2026-03-15 12:05:40,28.48,3.71,18.71,101.81,48.26,6.62,228.39,33.62,-70.42,1,0.0432,0,Normal,Normal
2026-03-15 12:05:50,27.796,3.43,16.25,101.73,48.66,6.65,228.09,28.63,-70.49,1,0.065,0,Normal,Normal
2026-03-15 12:06:00,28.646,3.962,15.24,101.61,48.09,6.623,234.41,28.38,-61.77,1,0.0524,0,Normal,Normal
2026-03-15 12:06:10,27.993,3.614,18.48,101.43,47.45,5.773,219.89,32.72,-71.22,1,0.048,0,Normal,Normal
2026-03-15 12:06:20,28.264,3.638,16.33,100.82,48.56,6.521,227.83,30.23,-69.73,1,0.0511,0,Normal,Normal
2026-03-15 12:06:30,28.75,3.236,16.89,101.65,48.68,6.091,220.48,31.94,-60.54,1,0.0972,0,Normal,Normal
2026-03-15 12:06:40,28.496,3.408,15.89,102.18,48.25,6.544,223.7,29.16,-67.36,1,0.0737,0,Normal,Normal
2026-03-15 12:06:50,28.52,3.321,18.59,101.35,46.9,6.085,203.54,31.43,-67.04,1,0.0506,0,Normal,Normal
2026-03-15 12:07:00,28.085,3.237,16.69,101.35,48.23,6.072,217.96,30.32,-65.51,1,0.0519,0,Normal,Normal
2026-03-15 12:07:10,28.146,3.669,17.7,100.86,49.35,7.05,221.45,32.87,-70.2,1,0.0543,0,Normal,Normal
2026-03-15 12:07:20,28.762,3.719,17.81,100.47,47.2,6.864,221.56,32.57,-69.22,1,0.0635,0,Normal,Normal
2026-03-15 12:07:30,28.323,3.602,18.2,101.16,50.45,6.489,222.28,32.31,-68.19,1,0.071,0,Normal,Normal
2026-03-15 12:07:40,28.372,3.295,19.01,101.89,47.3,6.556,215.47,34.6,-63.1,1,0.0424,0,Normal,Normal
2026-03-15 12:07:50,28.829,3.585,17.75,101.84,47.98,6.405,222.3,33.12,-64.1,1,0.0548,0,Normal,Normal
2026-03-15 12:08:00,28.245,3.024,17.09,101.27,47.14,6.692,233.64,32.03,-67.9,1,0.0439,0,Normal,Normal
2026-03-15 12:08:10,28.66,3.833,15.5,101.47,48.22,6.257,222.58,28.09,-66.31,1,0.0546,0,Normal,Normal
2026-03-15 12:08:20,28.612,3.177,18.54,100.81,45.87,6.842,235.35,33.48,-63.48,1,0.0428,0,Normal,Normal
2026-03-15 12:08:30,28.618,3.221,18.24,101.34,47.3,6.406,234.83,32.0,-72.88,1,0.0648,0,Normal,Normal
2026-03-15 12:08:40,28.482,3.53,17.5,101.09,46.65,6.348,220.28,31.03,-64.74,1,0.0562,0,Normal,Normal
2026-03-15 12:08:50,28.483,3.552,18.75,101.32,48.13,6.503,229.53,31.93,-63.29,1,0.0701,0,Normal,Normal
2026-03-15 12:09:00,28.352,3.483,20.03,101.19,49.16,6.289,214.47,33.83,-68.24,1,0.0834,0,Normal,Normal
2026-03-15 12:09:10,28.839,3.223,20.51,101.18,48.75,6.611,216.55,33.76,-63.47,1,0.0808,0,Normal,Normal
2026-03-15 12:09:20,28.512,3.784,16.63,101.7,45.13,6.309,225.88,30.83,-65.31,1,0.0424,0,Normal,Normal
2026-03-15 12:09:30,29.022,3.079,18.48,102.09,50.43,6.661,229.05,32.28,-59.86,1,0.0471,0,Normal,Normal
2026-03-15 12:09:40,28.682,3.13,20.56,101.23,48.33,6.923,237.89,34.82,-66.81,1,0.0499,0,Normal,Normal
2026-03-15 12:09:50,28.45,3.474,21.6,101.87,47.05,6.246,223.68,36.27,-63.42,1,0.0633,0,Normal,Normal
2026-03-15 12:10:00,28.714,3.185,18.08,100.8,48.17,6.452,226.39,31.72,-69.56,1,0.0402,0,Normal,Normal
2026-03-15 12:10:10,28.68,3.806,21.46,101.26,48.2,6.659,225.77,34.58,-64.89,1,0.0789,0,Normal,Normal
2026-03-15 12:10:20,29.124,3.206,17.46,100.78,47.19,6.345,239.34,29.06,-62.64,1,0.0478,0,Normal,Normal
2026-03-15 12:10:30,28.728,3.89,21.3,101.18,48.22,6.661,235.73,36.23,-88.0,1,0.055,1,Communication signal drop,Warning
2026-03-15 12:10:40,28.773,3.759,19.25,101.59,47.26,6.693,228.07,33.35,-80.85,1,0.0991,1,Communication signal drop,Warning
2026-03-15 12:10:50,29.296,3.809,22.11,101.75,47.5,6.878,231.34,35.9,-82.65,1,0.0721,1,Communication signal drop,Warning
2026-03-15 12:11:00,29.042,3.972,19.16,100.99,47.17,6.287,227.79,34.57,-89.61,1,0.0467,1,Communication signal drop,Warning
2026-03-15 12:11:10,29.405,3.521,19.49,101.48,46.27,6.169,233.59,31.94,-87.02,1,0.0499,1,Communication signal drop,Warning
2026-03-15 12:11:20,29.3,3.247,19.85,101.79,48.17,6.391,231.89,33.91,-101.74,1,0.062,1,Communication signal drop,Warning
2026-03-15 12:11:30,28.673,3.475,17.83,101.74,48.69,6.16,222.58,30.68,-90.3,1,0.0604,1,Communication signal drop,Warning
2026-03-15 12:11:40,29.252,3.359,17.59,101.4,48.61,6.697,225.79,32.38,-84.96,1,0.0583,1,Communication signal drop,Warning
2026-03-15 12:11:50,29.428,3.323,21.09,101.06,48.98,6.092,226.29,32.42,-91.92,1,0.0402,1,Communication signal drop,Warning
2026-03-15 12:12:00,29.446,3.538,21.9,101.02,48.38,7.316,226.21,36.87,-89.67,1,0.0433,1,Communication signal drop,Warning
2026-03-15 12:12:10,29.298,3.422,21.42,100.96,47.35,6.953,220.93,36.34,-91.34,1,0.0438,1,Communication signal drop,Warning
2026-03-15 12:12:20,29.307,3.312,18.72,101.29,49.0,6.504,227.69,31.62,-96.91,1,0.0443,1,Communication signal drop,Warning
2026-03-15 12:12:30,28.941,3.439,21.42,100.97,46.37,6.803,220.92,35.5,-86.71,1,0.0415,1,Communication signal drop,Warning
2026-03-15 12:12:40,28.796,3.637,19.3,101.57,46.91,5.926,220.31,32.22,-95.88,1,0.0646,1,Communication signal drop,Warning
2026-03-15 12:12:50,28.956,3.739,21.49,101.39,46.84,7.383,224.05,36.01,-88.73,1,0.0463,1,Communication signal drop,Warning
2026-03-15 12:13:00,28.577,3.099,22.67,101.37,49.29,6.293,227.15,37.66,-89.82,1,0.0624,1,Communication signal drop,Warning
2026-03-15 12:13:10,29.493,3.424,21.62,100.56,49.13,6.457,234.8,34.41,-87.73,1,0.0802,1,Communication signal drop,Warning
2026-03-15 12:13:20,29.019,3.465,23.36,101.31,48.58,5.85,230.68,35.81,-87.21,1,0.0456,1,Communication signal drop,Warning
2026-03-15 12:13:30,29.505,3.204,21.03,101.12,49.28,6.67,233.88,36.34,-81.1,1,0.0491,1,Communication signal drop,Warning
2026-03-15 12:13:40,28.762,3.47,21.02,102.17,46.94,6.112,239.18,37.35,-93.25,1,0.0414,1,Communication signal drop,Warning
2026-03-15 12:13:50,29.47,3.537,21.54,100.79,48.42,6.535,220.31,36.13,-67.95,1,0.0452,0,Normal,Normal
2026-03-15 12:14:00,25.498,6.251,19.51,101.22,47.85,6.309,230.69,34.19,-67.04,1,0.0519,1,Battery voltage drop,Warning
2026-03-15 12:14:10,24.167,5.265,21.01,101.45,49.01,6.122,231.01,34.61,-62.36,1,0.043,1,Battery voltage drop,Warning
2026-03-15 12:14:20,25.011,5.9,21.24,100.91,47.86,6.218,227.05,35.45,-64.45,1,0.0516,1,Battery voltage drop,Warning
2026-03-15 12:14:30,25.478,6.18,21.37,102.07,47.54,6.579,232.14,35.79,-63.76,1,0.0456,1,Battery voltage drop,Warning
2026-03-15 12:14:40,24.575,6.015,22.29,102.08,48.65,6.051,225.7,36.07,-62.17,1,0.1091,1,Battery voltage drop,Warning
2026-03-15 12:14:50,25.303,6.389,19.76,100.96,49.05,6.238,230.36,35.38,-68.94,1,0.0471,1,Battery voltage drop,Warning
2026-03-15 12:15:00,24.385,5.803,20.35,101.06,47.2,6.732,213.67,34.56,-64.83,1,0.0406,1,Battery voltage drop,Warning
2026-03-15 12:15:10,25.205,5.929,23.86,102.16,47.92,7.411,225.02,38.23,-66.3,1,0.0496,1,Battery voltage drop,Warning
2026-03-15 12:15:20,24.514,6.001,19.24,101.86,46.73,6.667,230.67,33.04,-65.29,1,0.0461,1,Battery voltage drop,Warning
2026-03-15 12:15:30,25.158,6.225,23.26,101.15,45.0,6.179,233.23,37.19,-63.26,1,0.0469,1,Battery voltage drop,Warning
2026-03-15 12:15:40,25.689,5.634,21.87,101.47,48.24,6.371,218.11,37.33,-67.3,1,0.0469,1,Battery voltage drop,Warning
2026-03-15 12:15:50,25.621,5.492,22.76,100.75,48.73,6.511,224.34,36.93,-69.07,1,0.072,1,Battery voltage drop,Warning
2026-03-15 12:16:00,25.745,6.022,24.94,102.18,48.31,6.378,216.49,39.14,-70.27,1,0.0503,1,Battery voltage drop,Warning
2026-03-15 12:16:10,24.966,6.57,22.5,101.33,45.66,6.816,221.9,36.71,-62.0,1,0.0444,1,Battery voltage drop,Warning
2026-03-15 12:16:20,25.497,5.799,23.72,101.53,47.58,6.576,227.53,37.28,-67.54,1,0.0636,1,Battery voltage drop,Warning
2026-03-15 12:16:30,24.862,5.319,22.95,100.93,45.34,6.818,233.28,35.27,-71.67,1,0.0488,1,Battery voltage drop,Warning
2026-03-15 12:16:40,25.208,5.878,22.79,100.85,49.64,6.39,232.23,38.68,-63.58,1,0.0424,1,Battery voltage drop,Warning
2026-03-15 12:16:50,24.3,5.75,22.69,101.48,46.7,6.964,226.78,37.97,-73.02,1,0.12,1,Battery voltage drop,Warning
2026-03-15 12:17:00,25.263,6.17,24.18,102.07,49.51,6.442,219.79,39.68,-72.7,1,0.0404,1,Battery voltage drop,Warning
2026-03-15 12:17:10,25.674,5.255,22.11,101.08,49.13,6.16,223.88,34.83,-69.17,1,0.0585,1,Battery voltage drop,Warning
2026-03-15 12:17:20,25.414,5.749,21.6,100.91,46.92,7.262,245.3,37.33,-70.04,1,0.0682,1,Battery voltage drop,Warning
2026-03-15 12:17:30,24.34,5.758,23.49,101.42,46.64,5.861,213.81,39.85,-67.64,1,0.0466,1,Battery voltage drop,Warning
2026-03-15 12:17:40,25.119,5.317,23.75,101.95,48.42,6.241,215.34,39.01,-74.53,1,0.0426,1,Battery voltage drop,Warning
2026-03-15 12:17:50,24.798,5.62,20.81,101.04,46.99,6.28,226.4,36.79,-67.96,1,0.0486,1,Battery voltage drop,Warning
2026-03-15 12:18:00,24.434,6.229,23.62,101.2,48.12,7.378,230.65,38.57,-65.29,1,0.0499,1,Battery voltage drop,Warning
2026-03-15 12:18:10,29.495,3.729,36.99,101.63,47.42,7.132,231.91,34.86,-91.72,1,0.6991,1,Multiple simultaneous abnormalities,Warning
2026-03-15 12:18:20,29.163,3.403,42.04,101.68,45.86,7.023,227.3,39.35,-92.07,1,0.6827,1,Multiple simultaneous abnormalities,Warning
2026-03-15 12:18:30,29.18,3.875,41.16,101.19,45.32,6.384,212.84,33.95,-89.86,1,0.7329,1,Multiple simultaneous abnormalities,Warning
2026-03-15 12:18:40,29.354,3.674,40.63,101.74,48.27,7.349,223.24,40.13,-86.14,1,0.6302,1,Multiple simultaneous abnormalities,Warning
2026-03-15 12:18:50,29.285,3.532,35.61,101.51,47.33,6.629,210.87,37.91,-94.02,1,0.8592,1,Multiple simultaneous abnormalities,Warning
2026-03-15 12:19:00,29.43,3.775,35.15,101.31,47.34,6.842,228.16,37.04,-98.43,1,0.7126,1,Multiple simultaneous abnormalities,Warning
2026-03-15 12:19:10,29.421,4.147,37.57,101.66,48.83,6.563,228.65,38.33,-95.07,1,0.9674,1,Multiple simultaneous abnormalities,Warning
2026-03-15 12:19:20,28.889,3.208,45.05,101.61,49.41,6.483,223.99,36.96,-90.71,1,0.5143,1,Multiple simultaneous abnormalities,Warning
2026-03-15 12:19:30,29.912,3.299,38.31,100.88,47.67,6.412,215.54,39.51,-89.7,1,0.5638,1,Multiple simultaneous abnormalities,Warning
2026-03-15 12:19:40,29.166,4.171,42.01,101.89,47.59,6.427,218.45,38.68,-93.13,1,0.8444,1,Multiple simultaneous abnormalities,Warning
2026-03-15 12:19:50,29.18,3.607,35.55,101.44,48.6,6.713,212.01,37.25,-92.38,1,0.728,1,Multiple simultaneous abnormalities,Warning
2026-03-15 12:20:00,29.371,3.548,36.4,101.85,46.37,6.628,224.59,37.75,-86.82,1,0.6205,1,Multiple simultaneous abnormalities,Warning
2026-03-15 12:20:10,29.441,3.471,37.78,101.32,48.27,6.489,250.35,39.4,-98.12,1,0.6696,1,Multiple simultaneous abnormalities,Warning
2026-03-15 12:20:20,29.915,3.802,40.04,101.4,48.66,7.028,224.18,39.77,-101.63,1,0.7444,1,Multiple simultaneous abnormalities,Warning
2026-03-15 12:20:30,29.561,4.153,39.41,101.46,48.82,5.462,221.64,41.09,-88.37,1,0.4945,1,Multiple simultaneous abnormalities,Warning
2026-03-15 12:20:40,29.654,3.334,37.28,101.52,45.68,6.678,226.73,38.78,-97.0,1,0.8302,1,Multiple simultaneous abnormalities,Warning
2026-03-15 12:20:50,29.569,3.476,44.8,101.91,47.09,6.751,215.8,41.49,-91.82,1,0.6715,1,Multiple simultaneous abnormalities,Warning
2026-03-15 12:21:00,29.558,3.412,41.42,101.49,46.95,6.901,216.07,42.42,-92.23,1,0.6497,1,Multiple simultaneous abnormalities,Warning
2026-03-15 12:21:10,29.584,3.683,39.84,101.29,48.12,6.477,220.05,40.82,-87.18,1,0.835,1,Multiple simultaneous abnormalities,Warning
2026-03-15 12:21:20,28.914,3.806,40.74,101.7,48.58,6.573,232.08,39.64,-92.66,1,0.73,1,Multiple simultaneous abnormalities,Warning
2026-03-15 12:21:30,29.42,3.905,42.07,101.47,49.8,6.845,227.67,39.38,-89.47,1,0.83,1,Multiple simultaneous abnormalities,Warning
2026-03-15 12:21:40,29.845,3.692,40.56,102.48,47.41,7.022,223.72,41.43,-104.01,1,0.9275,1,Multiple simultaneous abnormalities,Warning
2026-03-15 12:21:50,30.5,4.13,42.42,101.42,47.4,6.395,230.99,42.6,-85.87,1,0.9307,1,Multiple simultaneous abnormalities,Warning
2026-03-15 12:22:00,29.137,3.356,40.17,101.8,49.38,6.593,238.67,41.06,-94.85,1,0.6654,1,Multiple simultaneous abnormalities,Warning
2026-03-15 12:22:10,29.626,3.291,42.52,101.65,48.36,7.087,230.89,42.15,-99.51,1,0.5193,1,Multiple simultaneous abnormalities,Warning
2026-03-15 12:22:20,29.329,3.867,42.3,100.48,49.52,5.757,216.86,38.37,-91.61,1,0.4495,1,Multiple simultaneous abnormalities,Warning
2026-03-15 12:22:30,30.114,3.531,43.56,101.01,48.35,6.258,209.93,39.88,-90.5,1,0.8079,1,Multiple simultaneous abnormalities,Warning
2026-03-15 12:22:40,29.094,3.156,38.37,101.12,46.61,7.013,211.04,37.74,-93.68,1,0.4822,1,Multiple simultaneous abnormalities,Warning
2026-03-15 12:22:50,29.687,3.421,25.34,100.7,46.4,6.882,231.95,40.33,-74.95,1,0.0568,0,Normal,Normal
2026-03-15 12:23:00,29.077,3.564,26.17,101.14,46.14,6.683,218.94,40.57,-73.48,1,0.0594,0,Normal,Normal
2026-03-15 12:23:10,29.402,3.338,26.33,100.75,48.79,6.343,231.55,41.51,-79.25,1,0.0629,0,Normal,Normal
2026-03-15 12:23:20,29.486,3.246,26.34,100.86,49.43,6.191,221.36,42.9,-81.03,1,0.0563,0,Normal,Normal
2026-03-15 12:23:30,29.816,3.448,27.48,101.4,50.22,6.293,228.1,40.52,-73.15,1,0.042,0,Normal,Normal
2026-03-15 12:23:40,29.17,3.234,27.4,102.07,49.01,7.042,230.61,42.53,-75.65,1,0.0407,0,Normal,Normal
2026-03-15 12:23:50,29.69,3.659,26.07,100.76,49.39,6.28,218.74,40.89,-81.2,1,0.0588,0,Normal,Normal
2026-03-15 12:24:00,29.495,3.014,24.95,100.81,47.3,6.535,231.58,41.32,-77.22,1,0.064,0,Normal,Normal
2026-03-15 12:24:10,29.568,3.523,26.85,101.09,46.61,6.236,219.72,41.7,-75.46,1,0.0405,0,Normal,Normal
2026-03-15 12:24:20,29.771,3.63,29.7,101.24,49.02,6.795,219.38,44.42,-74.81,1,0.0424,0,Normal,Normal
2026-03-15 12:24:30,29.096,3.477,26.87,100.68,48.5,6.311,231.57,41.89,-75.87,1,0.0634,0,Normal,Normal
2026-03-15 12:24:40,29.72,3.773,26.0,101.02,48.13,6.466,230.06,41.11,-79.07,1,0.0915,0,Normal,Normal
2026-03-15 12:24:50,29.303,3.157,27.3,100.98,48.46,5.911,228.68,43.05,-80.75,1,0.051,0,Normal,Normal
2026-03-15 12:25:00,29.798,3.325,27.45,101.43,48.39,5.935,216.18,40.46,-78.07,1,0.0425,0,Normal,Normal
2026-03-15 12:25:10,29.566,3.418,27.48,101.47,49.54,6.503,221.93,41.01,-76.23,1,0.0458,0,Normal,Normal
2026-03-15 12:25:20,29.398,3.678,28.72,101.24,49.55,6.036,230.51,44.8,-76.14,1,0.0628,0,Normal,Normal
2026-03-15 12:25:30,29.279,3.555,27.29,101.15,48.65,7.237,243.27,38.94,-74.33,1,0.0518,0,Normal,Normal
2026-03-15 12:25:40,29.698,4.036,28.75,101.02,49.01,5.778,239.49,42.65,-79.17,1,0.0409,0,Normal,Normal
2026-03-15 12:25:50,29.824,3.299,27.15,101.32,48.62,6.22,221.26,41.33,-82.82,1,0.0455,0,Normal,Normal
2026-03-15 12:26:00,29.281,3.151,29.13,100.91,47.45,6.506,219.73,42.91,-76.44,1,0.061,0,Normal,Normal
2026-03-15 12:26:10,29.095,3.947,28.71,101.92,48.91,6.372,238.84,44.61,-79.65,1,0.0459,0,Normal,Normal
2026-03-15 12:26:20,29.637,3.142,28.33,100.7,46.33,6.113,229.81,42.91,-83.95,1,0.0485,0,Normal,Normal
2026-03-15 12:26:30,28.988,3.671,28.18,101.04,49.26,6.165,221.26,41.72,-78.43,1,0.0753,0,Normal,Normal
2026-03-15 12:26:40,29.024,3.255,30.49,101.65,46.57,6.153,226.01,43.73,-76.26,1,0.1026,0,Normal,Normal
2026-03-15 12:26:50,29.09,2.983,28.7,101.14,48.34,6.4,215.0,43.04,-79.54,1,0.0612,0,Normal,Normal
2026-03-15 12:27:00,29.277,3.406,25.85,101.57,46.99,7.183,233.07,41.25,-76.61,1,0.0441,0,Normal,Normal
2026-03-15 12:27:10,28.994,3.725,27.54,101.99,48.66,6.527,236.2,41.7,-82.52,1,0.0442,0,Normal,Normal
2026-03-15 12:27:20,28.806,3.195,26.81,101.63,47.96,6.914,237.32,40.65,-83.43,1,0.0454,0,Normal,Normal
2026-03-15 12:27:30,29.039,3.644,30.35,100.82,46.09,6.677,234.01,43.51,-78.86,1,0.0426,0,Normal,Normal
2026-03-15 12:27:40,29.564,3.691,29.17,100.84,48.5,6.89,222.44,43.62,-82.66,1,0.043,0,Normal,Normal
2026-03-15 12:27:50,28.981,3.182,30.38,101.23,47.31,5.52,232.15,44.76,-78.16,1,0.0444,0,Normal,Normal
2026-03-15 12:28:00,29.252,3.443,26.22,101.48,49.06,6.393,236.69,39.35,-81.43,1,0.0562,0,Normal,Normal
2026-03-15 12:28:10,29.93,3.894,29.05,101.78,48.0,6.957,232.56,44.28,-78.46,1,0.0542,0,Normal,Normal
2026-03-15 12:28:20,29.322,3.663,25.39,100.99,48.47,6.3,231.83,41.44,-80.38,1,0.0463,0,Normal,Normal
2026-03-15 12:28:30,29.43,3.435,25.08,101.11,46.85,7.117,226.53,39.14,-85.13,1,0.0433,0,Normal,Normal
2026-03-15 12:28:40,29.034,3.604,26.91,101.2,47.29,7.019,217.75,41.27,-88.56,1,0.0547,0,Normal,Normal
2026-03-15 12:28:50,29.957,3.329,29.8,101.19,47.45,6.336,239.84,42.48,-80.39,1,0.0421,0,Normal,Normal
2026-03-15 12:29:00,29.135,3.778,26.08,101.9,49.03,6.324,224.71,40.96,-81.18,1,0.0424,0,Normal,Normal
2026-03-15 12:29:10,29.219,3.778,27.57,101.26,50.01,6.145,234.71,42.13,-86.08,1,0.0473,0,Normal,Normal
2026-03-15 12:29:20,29.672,3.53,29.41,101.36,47.03,6.279,244.82,43.01,-80.76,1,0.0526,0,Normal,Normal
2026-03-15 12:29:30,29.211,3.558,28.92,101.66,49.29,6.068,232.27,42.03,-79.12,1,0.0595,0,Normal,Normal
2026-03-15 12:29:40,29.269,3.25,31.0,101.94,45.39,6.65,234.4,47.22,-85.54,1,0.0574,0,Normal,Normal
2026-03-15 12:29:50,29.159,3.162,27.71,101.29,46.57,5.99,217.51,42.17,-89.34,1,0.0471,0,Normal,Normal
2026-03-15 12:30:00,29.15,3.406,27.06,101.8,46.85,6.711,219.18,39.96,-80.75,1,0.0559,0,Normal,Normal
2026-03-15 12:30:10,29.331,3.478,26.11,102.03,46.38,6.72,235.12,41.14,-79.96,1,0.0436,0,Normal,Normal
2026-03-15 12:30:20,29.374,3.766,27.22,101.26,46.1,5.918,220.6,41.5,-86.09,1,0.0502,0,Normal,Normal
2026-03-15 12:30:30,29.003,3.731,26.14,101.07,48.49,7.042,214.27,40.21,-81.67,1,0.0543,0,Normal,Normal
2026-03-15 12:30:40,28.954,3.546,25.12,102.17,47.74,6.679,211.71,40.29,-83.09,1,0.0605,0,Normal,Normal
2026-03-15 12:30:50,28.988,3.798,30.78,101.75,48.45,6.762,223.26,41.64,-84.51,1,0.0412,0,Normal,Normal
2026-03-15 12:31:00,28.738,3.264,27.93,101.3,48.83,6.234,223.16,39.76,-82.53,1,0.0416,0,Normal,Normal
2026-03-15 12:31:10,28.668,3.769,31.76,101.56,48.32,6.717,232.98,47.41,-85.86,1,0.0412,0,Normal,Normal
2026-03-15 12:31:20,29.221,3.303,26.63,100.88,48.79,6.894,217.08,40.47,-87.74,1,0.0519,0,Normal,Normal
2026-03-15 12:31:30,29.4,3.81,27.26,101.74,47.91,6.465,236.02,40.75,-83.29,1,0.0527,0,Normal,Normal
2026-03-15 12:31:40,29.366,3.497,26.75,100.58,46.57,7.2,215.3,39.15,-83.78,1,0.0402,0,Normal,Normal
2026-03-15 12:31:50,28.376,3.001,26.97,101.73,49.27,6.515,215.51,41.2,-92.0,1,0.056,0,Normal,Normal
2026-03-15 12:32:00,29.003,3.683,29.25,101.01,47.29,6.899,226.1,43.63,-88.25,1,0.0616,0,Normal,Normal
2026-03-15 12:32:10,28.731,3.703,28.8,100.64,46.87,6.602,225.42,44.53,-86.77,1,0.0419,0,Normal,Normal
2026-03-15 12:32:20,29.09,3.386,29.27,100.5,47.78,6.704,229.63,43.72,-83.23,1,0.0462,0,Normal,Normal
2026-03-15 12:32:30,28.907,3.407,29.98,101.11,46.9,5.914,215.59,43.62,-89.42,1,0.0685,0,Normal,Normal
2026-03-15 12:32:40,29.195,3.46,29.64,101.58,47.49,6.629,227.82,44.12,-85.84,1,0.0574,0,Normal,Normal
2026-03-15 12:32:50,28.996,3.019,26.47,100.74,48.41,6.242,211.57,41.8,-79.11,1,0.0454,0,Normal,Normal
2026-03-15 12:33:00,28.417,2.909,27.2,100.81,48.41,6.203,207.43,42.27,-84.74,1,0.0603,0,Normal,Normal
2026-03-15 12:33:10,28.68,3.826,28.18,101.1,46.92,7.11,239.62,42.92,-84.58,1,0.0727,0,Normal,Normal
2026-03-15 12:33:20,28.956,3.294,33.59,101.62,47.41,6.424,233.37,47.92,-85.17,1,0.0456,0,Normal,Normal
2026-03-15 12:33:30,28.966,3.964,29.16,101.67,49.28,6.148,224.96,42.46,-82.05,1,0.0573,0,Normal,Normal
2026-03-15 12:33:40,28.501,3.843,28.16,101.36,48.59,6.373,208.81,40.92,-84.87,1,0.0415,0,Normal,Normal
2026-03-15 12:33:50,28.445,3.892,29.01,101.69,50.48,6.044,221.33,41.58,-85.66,1,0.0409,0,Normal,Normal
2026-03-15 12:34:00,28.906,3.338,27.09,101.58,49.41,7.0,228.58,41.57,-84.54,1,0.0532,0,Normal,Normal
2026-03-15 12:34:10,28.451,3.098,28.39,101.13,49.36,6.255,221.31,42.99,-81.01,1,0.0502,0,Normal,Normal
2026-03-15 12:34:20,28.355,3.229,29.43,101.66,46.32,6.684,237.48,44.74,-83.76,1,0.0649,0,Normal,Normal
2026-03-15 12:34:30,28.705,3.389,27.95,100.79,48.9,6.973,230.02,42.62,-84.77,1,0.0627,0,Normal,Normal
2026-03-15 12:34:40,28.674,2.907,26.85,101.49,47.92,6.323,217.6,42.11,-81.39,1,0.0451,0,Normal,Normal
2026-03-15 12:34:50,28.54,3.382,27.86,100.83,47.32,6.684,212.22,41.7,-86.45,1,0.0508,0,Normal,Normal
2026-03-15 12:35:00,28.574,3.45,27.49,101.36,48.18,6.137,231.98,42.42,-92.0,1,0.0611,0,Normal,Normal
2026-03-15 12:35:10,28.772,3.177,25.93,101.79,49.12,7.353,231.71,38.72,-83.46,1,0.0447,0,Normal,Normal
2026-03-15 12:35:20,28.534,3.241,27.09,101.39,48.58,6.825,231.03,41.02,-83.45,1,0.0467,0,Normal,Normal
2026-03-15 12:35:30,28.753,3.446,25.85,101.29,46.92,6.43,238.47,37.65,-86.57,1,0.0409,0,Normal,Normal
2026-03-15 12:35:40,28.599,3.59,26.07,101.39,48.87,6.226,228.64,40.11,-85.45,1,0.0421,0,Normal,Normal
2026-03-15 12:35:50,28.745,3.278,26.2,101.57,47.21,6.456,225.73,41.67,-80.81,1,0.0541,0,Normal,Normal
2026-03-15 12:36:00,28.939,3.574,29.33,102.15,48.23,6.377,231.09,43.42,-83.15,1,0.0503,0,Normal,Normal
2026-03-15 12:36:10,28.908,3.535,30.12,101.56,47.6,7.179,234.85,44.99,-80.01,1,0.0428,0,Normal,Normal
2026-03-15 12:36:20,29.024,3.513,25.57,101.1,47.7,6.066,230.47,39.89,-83.55,1,0.0401,0,Normal,Normal
2026-03-15 12:36:30,28.87,3.338,30.22,101.22,48.88,6.542,225.22,43.54,-84.73,1,0.0428,0,Normal,Normal
2026-03-15 12:36:40,28.671,3.168,26.14,100.94,46.71,6.488,232.71,39.92,-82.06,1,0.0608,0,Normal,Normal
2026-03-15 12:36:50,28.449,3.926,28.94,100.8,50.29,6.452,225.73,44.35,-82.98,1,0.0415,0,Normal,Normal
2026-03-15 12:37:00,28.444,3.66,28.18,100.33,45.76,6.455,221.06,43.04,-82.67,1,0.0477,0,Normal,Normal
2026-03-15 12:37:10,28.277,3.754,28.73,101.12,47.22,6.451,225.93,41.99,-84.57,1,0.0441,0,Normal,Normal
2026-03-15 12:37:20,28.521,3.482,26.0,100.74,48.38,6.797,222.4,38.34,-85.49,1,0.052,0,Normal,Normal
2026-03-15 12:37:30,28.709,3.462,25.01,101.34,48.63,6.703,224.26,39.26,-85.26,1,0.0507,0,Normal,Normal
2026-03-15 12:37:40,28.262,3.626,26.5,101.1,47.8,6.636,218.17,39.8,-81.98,1,0.1011,0,Normal,Normal
2026-03-15 12:37:50,28.448,3.045,28.32,100.87,47.84,5.426,232.93,42.1,-81.47,1,0.0622,0,Normal,Normal
2026-03-15 12:38:00,28.236,3.225,30.59,100.46,48.39,6.592,226.64,42.84,-91.18,1,0.0818,0,Normal,Normal
2026-03-15 12:38:10,28.481,3.305,26.08,101.16,47.61,5.906,230.61,41.33,-85.36,1,0.0529,0,Normal,Normal
2026-03-15 12:38:20,28.233,10.454,27.45,100.6,49.55,6.71,357.98,53.8,-87.79,1,0.0601,1,Current surge,Critical
2026-03-15 12:38:30,28.155,9.845,26.44,101.58,48.87,6.998,337.83,54.81,-84.38,1,0.0738,1,Current surge,Critical
2026-03-15 12:38:40,28.152,10.414,27.51,101.4,48.9,6.156,408.6,49.93,-84.54,1,0.0406,1,Current surge,Critical
2026-03-15 12:38:50,28.486,12.735,24.61,101.21,46.68,6.386,361.19,52.8,-82.14,1,0.0771,1,Current surge,Critical
2026-03-15 12:39:00,28.284,10.768,29.72,101.88,47.72,6.265,403.85,54.65,-81.87,1,0.0436,1,Current surge,Critical
2026-03-15 12:39:10,28.164,12.515,27.47,101.3,47.44,6.905,409.68,53.28,-75.88,1,0.0583,1,Current surge,Critical
2026-03-15 12:39:20,28.349,12.905,28.78,101.45,46.57,6.503,366.21,52.35,-80.99,1,0.0623,1,Current surge,Critical
2026-03-15 12:39:30,28.125,11.477,27.02,101.57,48.18,7.071,404.0,54.5,-80.03,1,0.0417,1,Current surge,Critical
2026-03-15 12:39:40,28.566,10.235,27.61,101.09,47.07,6.607,415.1,48.84,-86.04,1,0.0859,1,Current surge,Critical
2026-03-15 12:39:50,27.914,13.542,28.98,101.1,48.47,6.543,337.79,56.68,-82.61,1,0.0792,1,Current surge,Critical
2026-03-15 12:40:00,28.128,12.575,27.45,101.32,46.37,6.477,411.76,48.87,-84.68,1,0.0559,1,Current surge,Critical
2026-03-15 12:40:10,27.741,9.926,27.46,100.76,49.68,6.734,325.6,55.88,-79.45,1,0.0425,1,Current surge,Critical
2026-03-15 12:40:20,28.036,11.374,25.98,102.01,46.49,5.833,366.32,53.77,-80.91,1,0.0525,1,Current surge,Critical
2026-03-15 12:40:30,27.614,11.271,26.33,101.36,47.78,6.465,371.2,54.12,-81.9,1,0.0463,1,Current surge,Critical
2026-03-15 12:40:40,28.32,13.535,25.57,101.22,48.41,6.403,378.52,53.85,-77.82,1,0.0801,1,Current surge,Critical
2026-03-15 12:40:50,28.304,10.304,25.93,102.13,46.71,6.673,405.25,55.51,-81.3,1,0.0478,1,Current surge,Critical
2026-03-15 12:41:00,28.287,13.141,28.87,100.86,48.35,6.343,354.52,59.12,-76.3,1,0.0578,1,Current surge,Critical
2026-03-15 12:41:10,28.038,13.687,29.66,101.91,45.78,6.035,373.07,49.54,-76.14,1,0.0552,1,Current surge,Critical
2026-03-15 12:41:20,27.742,11.613,25.03,101.63,48.91,6.389,361.38,53.35,-81.81,1,0.0447,1,Current surge,Critical
2026-03-15 12:41:30,27.744,9.91,27.45,101.75,47.08,5.994,381.07,57.24,-76.35,1,0.0515,1,Current surge,Critical
2026-03-15 12:41:40,28.42,3.579,26.33,101.23,46.24,5.685,234.56,38.52,-79.15,1,0.0479,0,Normal,Normal
2026-03-15 12:41:50,28.369,3.879,28.86,101.32,46.47,6.597,211.25,42.87,-80.46,1,0.047,0,Normal,Normal
2026-03-15 12:42:00,27.953,3.614,26.91,101.16,47.67,6.526,203.63,40.33,-77.88,1,0.0699,0,Normal,Normal
2026-03-15 12:42:10,27.738,3.635,26.65,101.7,45.84,6.466,229.86,39.88,-83.61,1,0.0423,0,Normal,Normal
2026-03-15 12:42:20,28.281,3.765,25.49,101.46,45.48,6.736,221.17,39.28,-80.25,1,0.0479,0,Normal,Normal
2026-03-15 12:42:30,27.639,3.217,24.26,101.08,45.92,6.021,237.42,37.86,-77.17,1,0.0401,0,Normal,Normal
2026-03-15 12:42:40,27.893,4.006,27.64,101.09,44.56,5.725,231.86,42.91,-79.08,1,0.0446,0,Normal,Normal
2026-03-15 12:42:50,28.207,3.321,26.97,101.29,47.92,6.169,228.06,42.57,-74.74,1,0.0546,0,Normal,Normal
2026-03-15 12:43:00,27.527,3.815,26.96,101.17,44.8,6.037,219.27,41.47,-78.95,1,0.0414,0,Normal,Normal
2026-03-15 12:43:10,28.004,3.792,25.43,101.88,46.18,5.824,228.36,39.15,-77.17,1,0.0447,0,Normal,Normal
2026-03-15 12:43:20,27.888,3.392,26.06,101.62,45.12,6.047,219.54,40.37,-77.67,1,0.0718,0,Normal,Normal
2026-03-15 12:43:30,27.697,3.883,27.4,101.62,43.33,5.813,222.93,42.37,-81.66,1,0.0577,0,Normal,Normal
2026-03-15 12:43:40,27.388,3.77,27.63,101.39,44.11,5.331,219.56,42.83,-75.67,1,0.0411,0,Normal,Normal
2026-03-15 12:43:50,27.445,4.135,24.33,100.97,44.62,5.761,223.92,38.77,-75.67,1,0.1132,0,Normal,Normal
2026-03-15 12:44:00,27.726,3.728,25.09,101.58,42.98,5.452,219.49,40.92,-82.19,1,0.0835,0,Normal,Normal
2026-03-15 12:44:10,27.189,3.673,23.89,100.46,44.11,5.86,229.12,37.15,-83.57,1,0.0423,0,Normal,Normal
2026-03-15 12:44:20,27.632,3.593,26.22,101.37,43.33,5.472,224.32,41.58,-77.29,1,0.0782,0,Normal,Normal
2026-03-15 12:44:30,27.732,3.309,27.18,100.98,42.58,6.005,216.17,42.02,-72.01,1,0.052,0,Normal,Normal
2026-03-15 12:44:40,27.842,3.691,25.37,100.94,40.24,6.085,216.16,38.64,-67.31,1,0.0798,0,Normal,Normal
2026-03-15 12:44:50,27.104,3.729,24.73,101.11,38.75,5.661,209.04,39.01,-80.7,1,0.0917,0,Normal,Normal
2026-03-15 12:45:00,27.895,3.894,25.15,101.27,38.51,4.771,203.0,39.52,-70.12,1,0.0577,0,Normal,Normal
2026-03-15 12:45:10,27.985,3.505,29.05,101.29,38.62,5.724,225.45,42.88,-71.28,1,0.0452,0,Normal,Normal
2026-03-15 12:45:20,27.577,3.836,27.31,101.62,38.11,5.623,214.46,41.13,-76.28,1,0.0788,0,Normal,Normal
2026-03-15 12:45:30,27.119,4.077,26.55,101.23,33.86,4.945,206.85,38.72,-68.65,1,0.0528,0,Normal,Normal
2026-03-15 12:45:40,27.309,4.141,25.87,101.26,35.41,5.259,219.38,39.04,-72.67,1,0.0463,0,Normal,Normal
2026-03-15 12:45:50,27.369,3.549,25.3,100.74,34.5,4.453,209.24,39.01,-74.52,1,0.0492,0,Normal,Normal
2026-03-15 12:46:00,27.442,4.234,23.89,100.79,32.81,3.835,213.61,37.2,-78.95,1,0.0478,0,Normal,Normal
2026-03-15 12:46:10,27.344,4.041,23.59,101.41,33.48,4.057,202.94,36.56,-73.07,1,0.0811,0,Normal,Normal
2026-03-15 12:46:20,27.398,4.104,24.25,101.55,31.17,4.758,217.55,39.53,-73.02,1,0.0657,0,Normal,Normal
2026-03-15 12:46:30,27.264,3.608,23.6,101.2,30.94,3.455,212.12,37.48,-66.2,1,0.0405,0,Normal,Normal
2026-03-15 12:46:40,27.347,4.622,24.05,101.67,27.77,3.796,214.44,40.65,-75.53,1,0.0401,0,Normal,Normal
2026-03-15 12:46:50,27.107,4.344,24.74,100.74,27.8,3.624,206.03,39.0,-75.13,1,0.0411,0,Normal,Normal
2026-03-15 12:47:00,27.12,3.968,24.78,101.46,27.26,3.246,210.42,40.02,-73.78,1,0.0541,0,Normal,Normal
2026-03-15 12:47:10,27.026,4.497,23.81,100.96,25.49,3.084,195.8,37.56,-64.05,1,0.0653,0,Normal,Normal
2026-03-15 12:47:20,27.751,4.541,25.41,100.93,21.23,3.078,224.63,38.61,-75.25,1,0.0509,0,Normal,Normal
2026-03-15 12:47:30,27.592,4.812,24.31,100.99,20.87,2.671,208.76,38.62,-67.66,1,0.0515,0,Normal,Normal
2026-03-15 12:47:40,27.296,4.479,24.83,101.27,19.42,2.188,218.12,40.39,-76.04,1,0.0441,0,Normal,Normal
2026-03-15 12:47:50,27.505,4.609,23.32,101.48,19.1,2.583,201.37,37.21,-69.85,1,0.0492,0,Normal,Normal
2026-03-15 12:48:00,27.324,4.493,25.4,101.45,18.06,2.71,194.17,39.93,-70.64,1,0.0445,0,Normal,Normal
2026-03-15 12:48:10,27.116,4.849,23.48,101.18,15.0,2.472,197.74,37.79,-72.82,1,0.0448,0,Normal,Normal
2026-03-15 12:48:20,26.587,4.548,26.61,101.55,14.9,1.723,200.45,40.5,-68.36,1,0.0474,0,Normal,Normal
2026-03-15 12:48:30,26.938,4.564,23.78,101.97,11.26,1.415,199.05,37.73,-72.71,1,0.0407,0,Normal,Normal
2026-03-15 12:48:40,26.893,4.81,23.9,101.25,14.34,1.608,214.09,36.7,-74.95,1,0.0865,0,Normal,Normal
2026-03-15 12:48:50,26.631,4.559,24.85,101.34,10.98,2.119,191.61,38.84,-70.83,1,0.0768,0,Normal,Normal
2026-03-15 12:49:00,26.503,5.302,25.1,101.06,10.7,1.666,192.92,39.88,-72.45,1,0.0639,0,Normal,Normal
2026-03-15 12:49:10,27.074,5.417,25.18,101.14,9.37,1.565,202.81,39.53,-68.73,1,0.0526,0,Normal,Normal
2026-03-15 12:49:20,27.001,4.853,26.38,101.8,10.28,1.517,183.8,40.6,-70.17,1,0.0652,0,Normal,Normal
2026-03-15 12:49:30,26.532,4.649,24.62,101.8,4.72,1.248,195.6,39.49,-64.43,1,0.0948,0,Normal,Normal
2026-03-15 12:49:40,26.636,5.106,23.45,101.22,7.39,1.046,196.54,37.68,-69.89,1,0.045,0,Normal,Normal
2026-03-15 12:49:50,27.186,4.926,22.67,101.5,6.62,1.145,198.39,36.69,-67.92,1,0.0468,0,Normal,Normal
2026-03-15 12:50:00,26.553,5.364,23.18,101.67,5.59,0.64,197.27,38.06,-72.06,1,0.0596,0,Normal,Normal
2026-03-15 12:50:10,26.845,4.894,25.52,101.12,7.65,0.26,209.97,39.69,-69.68,1,0.0554,0,Normal,Normal
2026-03-15 12:50:20,26.715,5.246,21.13,100.78,4.0,0.939,186.61,34.85,-70.96,1,0.0661,0,Normal,Normal
2026-03-15 12:50:30,26.903,5.156,21.9,101.58,5.52,1.055,188.19,36.46,-64.5,1,0.0464,0,Normal,Normal
2026-03-15 12:50:40,26.472,4.975,22.71,101.66,4.59,0.173,197.91,36.67,-70.16,1,0.0456,0,Normal,Normal
2026-03-15 12:50:50,26.735,5.218,21.71,101.6,5.29,0.799,194.56,35.37,-69.68,1,0.0532,0,Normal,Normal
2026-03-15 12:51:00,26.737,5.391,22.25,101.15,2.62,1.052,195.3,36.44,-66.67,1,0.0424,0,Normal,Normal
2026-03-15 12:51:10,26.734,5.206,25.49,101.91,2.22,0.419,181.02,39.69,-69.56,1,0.0406,0,Normal,Normal
2026-03-15 12:51:20,26.668,5.219,22.25,101.41,4.12,0.094,209.5,34.92,-63.04,1,0.0442,0,Normal,Normal
2026-03-15 12:51:30,26.727,4.986,23.22,100.84,3.05,0.387,195.47,37.62,-61.25,1,0.0426,0,Normal,Normal
2026-03-15 12:51:40,27.26,5.5,20.03,100.66,0.45,0.119,179.02,36.24,-69.67,1,0.0401,0,Normal,Normal
2026-03-15 12:51:50,27.35,5.483,20.77,101.18,1.44,0.067,196.41,33.6,-64.31,1,0.0626,0,Normal,Normal
2026-03-15 12:52:00,26.369,5.127,23.74,101.39,2.35,0.407,182.55,37.13,-69.24,1,0.0518,0,Normal,Normal
2026-03-15 12:52:10,25.845,5.205,24.75,101.18,2.72,0.0,198.68,42.09,-67.65,1,0.0566,0,Normal,Normal
2026-03-15 12:52:20,26.699,5.595,22.49,102.1,0.74,0.0,180.61,35.51,-64.39,1,0.0427,0,Normal,Normal
2026-03-15 12:52:30,26.556,4.964,21.61,101.46,0.0,0.197,199.07,37.16,-65.92,1,0.0444,0,Normal,Normal
2026-03-15 12:52:40,26.798,5.403,22.72,100.91,1.9,0.165,181.16,36.45,-65.73,1,0.0409,0,Normal,Normal
2026-03-15 12:52:50,26.545,5.117,17.99,100.39,0.0,0.277,183.05,32.07,-62.82,1,0.12,0,Normal,Normal
2026-03-15 12:53:00,26.458,5.705,22.14,101.39,0.0,0.799,191.87,35.99,-62.74,1,0.0416,0,Normal,Normal
2026-03-15 12:53:10,26.759,5.28,20.14,101.7,0.0,0.166,185.8,34.65,-65.76,1,0.0414,0,Normal,Normal
2026-03-15 12:53:20,26.782,5.583,22.81,102.05,1.84,0.327,186.2,34.91,-67.72,1,0.0543,0,Normal,Normal
2026-03-15 12:53:30,25.966,5.08,18.24,101.22,0.94,0.0,178.34,32.46,-65.73,1,0.046,0,Normal,Normal
2026-03-15 12:53:40,26.117,4.961,20.49,101.99,0.45,0.366,187.89,34.01,-68.67,1,0.0728,0,Normal,Normal
2026-03-15 12:53:50,26.312,5.217,21.28,100.76,2.32,0.0,197.55,33.05,-63.21,1,0.0667,0,Normal,Normal
2026-03-15 12:54:00,26.354,5.343,20.11,101.16,1.36,0.106,205.46,35.45,-66.05,1,0.0704,0,Normal,Normal
2026-03-15 12:54:10,26.238,5.152,20.6,100.89,2.48,0.035,197.02,32.07,-68.74,1,0.0599,0,Normal,Normal
2026-03-15 12:54:20,26.417,5.471,22.42,101.62,0.0,0.429,195.84,39.0,-61.33,1,0.0421,0,Normal,Normal
2026-03-15 12:54:30,26.568,5.231,20.94,100.78,0.41,0.0,176.82,35.68,-65.34,1,0.041,0,Normal,Normal
2026-03-15 12:54:40,26.767,4.764,19.49,101.46,0.0,0.0,190.07,31.85,-67.49,1,0.041,0,Normal,Normal
2026-03-15 12:54:50,26.406,5.424,22.2,100.8,0.1,0.0,185.06,37.81,-61.77,1,0.0643,0,Normal,Normal
2026-03-15 12:55:00,25.959,5.066,21.07,102.0,0.05,0.211,178.17,34.17,-61.38,1,0.0561,0,Normal,Normal
2026-03-15 12:55:10,20.485,5.198,56.83,101.15,1.07,0.096,180.05,63.64,-105.97,1,2.8692,1,Multiple simultaneous abnormalities,Critical
2026-03-15 12:55:20,19.296,5.677,44.91,101.45,0.34,0.47,195.56,55.47,-106.8,0,2.1899,1,Multiple simultaneous abnormalities,Critical
2026-03-15 12:55:30,20.13,5.733,53.99,100.58,1.01,0.189,185.73,53.93,-111.83,1,1.677,1,Multiple simultaneous abnormalities,Critical
2026-03-15 12:55:40,22.039,5.147,46.39,100.7,1.09,0.0,178.38,64.47,-97.22,1,2.4349,1,Multiple simultaneous abnormalities,Critical
2026-03-15 12:55:50,21.172,5.436,48.25,100.99,2.81,0.0,185.07,61.84,-95.22,0,2.5614,1,Multiple simultaneous abnormalities,Critical
2026-03-15 12:56:00,20.919,5.154,50.09,101.64,0.0,0.0,192.47,69.91,-103.33,0,2.4051,1,Multiple simultaneous abnormalities,Critical
2026-03-15 12:56:10,21.611,5.221,50.26,101.56,0.0,0.385,184.74,56.25,-106.58,0,1.3884,1,Multiple simultaneous abnormalities,Critical
2026-03-15 12:56:20,21.818,5.142,48.06,101.73,0.47,0.0,180.45,62.72,-93.16,1,1.7019,1,Multiple simultaneous abnormalities,Critical
2026-03-15 12:56:30,18.945,4.863,54.49,100.7,0.0,0.032,182.76,57.61,-109.13,0,1.8421,1,Multiple simultaneous abnormalities,Critical
2026-03-15 12:56:40,19.919,5.318,61.59,101.5,1.93,0.168,197.18,61.29,-97.2,1,1.6049,1,Multiple simultaneous abnormalities,Critical
2026-03-15 12:56:50,20.222,5.367,53.73,101.08,0.0,0.0,173.48,68.48,-111.76,1,2.0302,1,Multiple simultaneous abnormalities,Critical
2026-03-15 12:57:00,19.516,5.127,43.7,100.98,0.0,0.235,187.95,64.83,-106.85,0,1.8017,1,Multiple simultaneous abnormalities,Critical
2026-03-15 12:57:10,18.375,5.568,50.76,101.09,0.0,0.589,189.16,56.16,-99.42,0,1.3141,1,Multiple simultaneous abnormalities,Critical
2026-03-15 12:57:20,19.052,5.187,53.59,101.25,0.97,0.0,184.03,60.43,-111.03,0,2.3066,1,Multiple simultaneous abnormalities,Critical
2026-03-15 12:57:30,21.673,5.137,46.75,101.56,0.0,0.0,182.41,67.27,-97.64,0,1.9388,1,Multiple simultaneous abnormalities,Critical
2026-03-15 12:57:40,20.509,5.428,51.26,101.75,0.0,0.0,197.94,66.41,-104.0,1,1.328,1,Multiple simultaneous abnormalities,Critical
2026-03-15 12:57:50,21.095,4.911,46.0,101.51,2.09,0.0,197.9,59.77,-104.73,0,2.7363,1,Multiple simultaneous abnormalities,Critical
2026-03-15 12:58:00,20.04,5.524,60.73,101.55,0.0,0.129,190.9,60.19,-106.71,1,2.2919,1,Multiple simultaneous abnormalities,Critical
2026-03-15 12:58:10,21.88,5.197,53.55,102.03,0.12,0.169,185.71,68.6,-114.03,1,1.4055,1,Multiple simultaneous abnormalities,Critical
2026-03-15 12:58:20,18.325,5.545,53.25,101.58,0.85,0.596,190.95,65.47,-104.05,0,2.666,1,Multiple simultaneous abnormalities,Critical
2026-03-15 12:58:30,19.254,5.62,54.33,101.21,0.0,0.0,193.28,68.15,-112.57,0,1.9139,1,Multiple simultaneous abnormalities,Critical
2026-03-15 12:58:40,21.67,5.458,53.7,101.53,0.64,0.151,189.15,66.76,-112.02,0,1.6287,1,Multiple simultaneous abnormalities,Critical
2026-03-15 12:58:50,20.838,5.095,48.31,101.98,0.0,0.0,193.49,57.26,-110.32,0,1.3162,1,Multiple simultaneous abnormalities,Critical
2026-03-15 12:59:00,20.963,4.985,55.72,100.95,1.04,0.0,187.21,58.82,-104.16,0,2.4482,1,Multiple simultaneous abnormalities,Critical
2026-03-15 12:59:10,20.145,4.94,44.63,101.13,0.0,0.0,164.83,61.24,-96.93,0,2.7958,1,Multiple simultaneous abnormalities,Critical
2026-03-15 12:59:20,19.07,5.574,44.62,101.88,0.88,0.0,188.49,55.18,-99.66,0,1.5375,1,Multiple simultaneous abnormalities,Critical
2026-03-15 12:59:30,19.886,5.265,54.08,101.18,1.37,0.0,195.51,61.54,-100.52,1,1.9406,1,Multiple simultaneous abnormalities,Critical
2026-03-15 12:59:40,19.544,5.149,55.54,101.61,1.08,0.11,190.28,59.07,-100.38,0,1.6208,1,Multiple simultaneous abnormalities,Critical
2026-03-15 12:59:50,21.134,5.265,55.04,101.82,0.34,0.0,192.78,55.72,-94.69,0,2.1607,1,Multiple simultaneous abnormalities,Critical
2026-03-15 13:00:00,18.467,5.569,49.93,100.8,0.0,0.034,187.86,65.68,-113.36,0,2.6382,1,Multiple simultaneous abnormalities,Critical
2026-03-15 13:00:10,20.633,5.493,45.58,101.14,0.0,0.0,188.48,61.23,-114.12,0,1.4495,1,Multiple simultaneous abnormalities,Critical
2026-03-15 13:00:20,18.729,5.408,44.24,101.78,1.8,0.0,191.39,63.82,-107.32,1,1.7198,1,Multiple simultaneous abnormalities,Critical
2026-03-15 13:00:30,20.114,5.458,48.29,101.25,0.0,0.032,205.57,63.2,-112.76,0,1.5288,1,Multiple simultaneous abnormalities,Critical
2026-03-15 13:00:40,19.646,5.344,55.18,100.49,0.0,0.018,196.76,56.78,-95.65,0,1.6065,1,Multiple simultaneous abnormalities,Critical
2026-03-15 13:00:50,19.927,5.374,46.39,101.1,0.83,0.27,195.7,58.82,-99.66,0,1.4483,1,Multiple simultaneous abnormalities,Critical
2026-03-15 13:01:00,25.745,5.354,17.98,101.62,0.0,0.0,191.66,34.22,-64.55,1,0.0551,0,Normal,Normal
2026-03-15 13:01:10,25.823,5.299,17.05,101.81,0.0,0.0,179.36,28.54,-63.06,1,0.0414,0,Normal,Normal
2026-03-15 13:01:20,25.165,5.487,17.07,101.32,0.0,0.0,199.82,29.87,-69.83,1,0.047,0,Normal,Normal
2026-03-15 13:01:30,24.946,5.389,20.79,101.49,0.0,0.0,197.27,33.95,-70.87,1,0.04,0,Normal,Normal
2026-03-15 13:01:40,25.232,5.079,18.9,101.15,0.0,0.0,192.94,31.25,-64.88,1,0.0468,0,Normal,Normal
2026-03-15 13:01:50,25.51,5.431,18.49,101.66,0.31,0.714,189.66,32.63,-67.08,1,0.0457,0,Normal,Normal
2026-03-15 13:02:00,25.819,5.361,17.67,101.87,1.16,0.0,194.38,31.86,-67.08,1,0.0542,0,Normal,Normal
2026-03-15 13:02:10,24.934,5.452,15.75,101.61,0.65,0.0,188.17,32.12,-66.13,1,0.0504,0,Normal,Normal
2026-03-15 13:02:20,26.107,5.273,17.1,101.25,0.0,0.0,195.84,32.18,-72.97,1,0.057,0,Normal,Normal
2026-03-15 13:02:30,25.672,5.502,17.49,101.47,0.0,0.0,183.31,30.89,-67.25,1,0.0812,0,Normal,Normal
2026-03-15 13:02:40,26.021,5.284,16.83,101.68,0.63,0.0,174.73,31.43,-68.21,1,0.0638,0,Normal,Normal
2026-03-15 13:02:50,25.339,5.48,16.59,101.31,1.54,0.1,180.4,28.4,-67.55,1,0.0807,0,Normal,Normal
2026-03-15 13:03:00,25.749,5.185,15.77,101.62,0.17,0.0,191.14,29.94,-71.99,1,0.0408,0,Normal,Normal
2026-03-15 13:03:10,25.616,5.203,16.7,101.45,0.0,0.365,187.6,30.8,-69.07,1,0.1096,0,Normal,Normal
2026-03-15 13:03:20,25.829,5.45,15.41,101.87,0.0,0.223,188.83,28.33,-70.96,1,0.0458,0,Normal,Normal
2026-03-15 13:03:30,25.507,5.217,17.18,101.58,0.0,0.0,179.64,30.94,-66.57,1,0.0449,0,Normal,Normal
2026-03-15 13:03:40,25.713,5.851,13.02,101.1,0.81,0.0,192.43,26.19,-70.16,1,0.0478,0,Normal,Normal
2026-03-15 13:03:50,25.896,5.441,18.0,101.86,0.71,0.0,181.72,30.88,-71.9,1,0.0629,0,Normal,Normal
2026-03-15 13:04:00,25.364,5.306,13.91,101.48,0.71,0.0,193.98,28.72,-73.28,1,0.0863,0,Normal,Normal
2026-03-15 13:04:10,25.627,5.504,14.2,101.24,0.0,0.905,178.69,29.44,-67.89,1,0.0521,0,Normal,Normal
2026-03-15 13:04:20,24.982,5.179,16.33,100.76,1.7,0.192,183.3,30.95,-67.78,1,0.0425,0,Normal,Normal
2026-03-15 13:04:30,25.754,5.53,16.45,101.39,0.0,0.0,182.22,29.93,-65.16,1,0.0436,0,Normal,Normal
2026-03-15 13:04:40,26.125,5.523,18.68,102.03,1.16,0.0,194.6,31.89,-72.11,1,0.0478,0,Normal,Normal
2026-03-15 13:04:50,25.161,5.613,15.93,100.21,0.0,0.0,186.31,29.44,-74.4,1,0.0468,0,Normal,Normal
2026-03-15 13:05:00,25.503,5.189,15.35,100.22,0.0,0.09,193.41,29.09,-71.96,1,0.0441,0,Normal,Normal
2026-03-15 13:05:10,25.791,4.994,15.62,101.61,0.72,0.0,199.13,28.58,-73.89,1,0.0685,0,Normal,Normal
2026-03-15 13:05:20,25.532,5.147,17.65,101.39,0.5,0.0,204.25,32.91,-73.91,1,0.0449,0,Normal,Normal
2026-03-15 13:05:30,25.569,5.229,18.82,101.57,0.44,0.0,191.86,32.58,-70.82,1,0.0535,0,Normal,Normal
2026-03-15 13:05:40,25.399,5.716,62.09,101.09,0.11,0.0,238.06,59.02,-69.19,1,0.0498,1,Temperature spike,Critical
2026-03-15 13:05:50,25.385,5.848,61.5,100.44,0.0,0.092,233.21,61.12,-71.45,1,0.0785,1,Temperature spike,Critical
2026-03-15 13:06:00,25.485,5.386,62.56,100.97,2.88,0.272,253.98,57.87,-72.58,1,0.0549,1,Temperature spike,Critical
2026-03-15 13:06:10,25.521,5.302,51.28,101.92,1.43,0.296,237.32,59.48,-70.69,1,0.0461,1,Temperature spike,Critical
2026-03-15 13:06:20,25.152,5.212,51.94,101.12,0.88,0.202,241.95,74.54,-74.06,1,0.0553,1,Temperature spike,Critical
2026-03-15 13:06:30,25.485,5.506,60.68,101.12,0.14,0.0,220.73,56.51,-69.26,1,0.0458,1,Temperature spike,Critical
2026-03-15 13:06:40,25.974,5.847,55.57,100.25,1.22,0.251,232.97,63.87,-64.84,1,0.0414,1,Temperature spike,Critical
2026-03-15 13:06:50,25.376,5.746,61.09,100.58,0.63,0.11,228.52,68.43,-75.96,1,0.05,1,Temperature spike,Critical
2026-03-15 13:07:00,25.13,5.584,50.41,101.74,0.04,0.048,214.93,64.38,-70.67,1,0.0695,1,Temperature spike,Critical
2026-03-15 13:07:10,25.455,5.58,58.01,101.2,0.0,0.0,228.79,57.29,-70.9,1,0.076,1,Temperature spike,Critical
2026-03-15 13:07:20,25.286,5.508,59.12,101.7,0.0,0.0,211.17,65.46,-73.19,1,0.0518,1,Temperature spike,Critical
2026-03-15 13:07:30,25.098,5.288,54.28,101.0,0.0,0.027,220.37,69.69,-71.14,1,0.058,1,Temperature spike,Critical
2026-03-15 13:07:40,25.542,5.115,55.07,100.71,0.26,0.855,229.91,67.94,-74.17,1,0.0542,1,Temperature spike,Critical
2026-03-15 13:07:50,25.287,5.294,50.91,101.2,0.0,0.107,210.29,64.48,-73.52,1,0.065,1,Temperature spike,Critical
2026-03-15 13:08:00,25.314,5.405,50.08,101.07,1.92,0.0,237.61,65.29,-75.45,1,0.0416,1,Temperature spike,Critical
2026-03-15 13:08:10,25.548,4.936,56.5,100.97,0.03,0.0,228.12,55.16,-75.51,1,0.0477,1,Temperature spike,Critical
2026-03-15 13:08:20,25.043,5.261,59.7,100.98,0.0,0.0,232.88,69.21,-74.25,1,0.0444,1,Temperature spike,Critical
2026-03-15 13:08:30,24.982,5.093,48.82,101.25,0.0,0.763,226.27,62.67,-75.13,1,0.0401,1,Temperature spike,Critical
2026-03-15 13:08:40,25.708,5.553,59.28,101.1,0.0,0.0,233.37,60.26,-79.76,1,0.0666,1,Temperature spike,Critical
2026-03-15 13:08:50,24.929,5.162,52.2,100.93,0.58,0.319,244.56,56.66,-75.32,1,0.0422,1,Temperature spike,Critical
2026-03-15 13:09:00,25.218,5.382,53.38,102.02,0.36,0.0,210.32,60.62,-77.82,1,0.0459,1,Temperature spike,Critical
2026-03-15 13:09:10,24.974,5.125,59.18,101.48,1.16,0.093,229.81,66.15,-78.97,1,0.0702,1,Temperature spike,Critical
2026-03-15 13:09:20,25.371,5.699,58.27,101.36,0.0,0.279,243.78,68.48,-74.62,1,0.0592,1,Temperature spike,Critical
2026-03-15 13:09:30,25.648,4.874,56.21,101.27,0.05,0.0,213.73,58.11,-80.56,1,0.0526,1,Temperature spike,Critical
2026-03-15 13:09:40,25.557,5.419,60.27,101.57,0.0,0.0,245.18,60.75,-78.79,1,0.0456,1,Temperature spike,Critical
2026-03-15 13:09:50,26.244,4.98,57.18,101.51,0.85,0.582,209.97,66.31,-81.4,1,0.0509,1,Temperature spike,Critical
2026-03-15 13:10:00,25.856,5.172,59.38,100.89,0.63,0.346,220.9,63.05,-79.63,1,0.0409,1,Temperature spike,Critical
2026-03-15 13:10:10,25.255,5.351,58.05,100.69,0.61,0.278,232.42,60.3,-71.46,1,0.0595,1,Temperature spike,Critical
2026-03-15 13:10:20,25.18,5.363,12.69,100.39,0.01,0.277,192.2,26.37,-81.15,1,0.0441,0,Normal,Normal
2026-03-15 13:10:30,26.356,5.357,10.07,102.02,0.51,0.162,177.72,23.82,-79.52,1,0.0498,0,Normal,Normal
2026-03-15 13:10:40,25.867,5.337,15.42,101.12,1.94,0.708,189.62,29.9,-75.1,1,0.0415,0,Normal,Normal
2026-03-15 13:10:50,25.731,5.139,14.81,101.54,0.0,0.017,188.87,27.1,-78.17,1,0.0586,0,Normal,Normal
2026-03-15 13:11:00,25.582,5.258,14.21,101.38,0.18,0.204,173.46,27.25,-80.11,1,0.0739,0,Normal,Normal
2026-03-15 13:11:10,25.647,5.307,13.24,101.67,0.0,0.0,192.79,25.75,-81.98,1,0.0491,0,Normal,Normal
2026-03-15 13:11:20,25.127,5.348,15.54,101.27,0.0,0.0,197.63,29.08,-78.08,1,0.0413,0,Normal,Normal
2026-03-15 13:11:30,25.625,5.283,14.89,100.77,0.13,0.0,186.63,27.8,-81.27,1,0.0835,0,Normal,Normal
2026-03-15 13:11:40,25.605,5.482,15.28,100.89,1.34,0.448,187.67,30.86,-73.97,1,0.0489,0,Normal,Normal
2026-03-15 13:11:50,25.32,5.323,13.96,101.16,0.0,0.0,185.55,27.26,-81.54,1,0.0413,0,Normal,Normal
2026-03-15 13:12:00,25.436,5.35,13.06,100.67,0.0,0.0,193.1,24.2,-75.81,1,0.0431,0,Normal,Normal
2026-03-15 13:12:10,26.06,5.204,12.23,100.96,0.0,0.0,188.02,25.83,-78.43,1,0.0419,0,Normal,Normal
2026-03-15 13:12:20,25.575,5.036,10.89,100.82,0.0,0.0,188.34,25.85,-78.64,1,0.0433,0,Normal,Normal
2026-03-15 13:12:30,26.242,5.338,13.5,101.17,0.37,0.0,183.54,29.46,-81.9,1,0.0425,0,Normal,Normal
2026-03-15 13:12:40,25.106,5.601,13.59,101.1,0.0,0.487,206.34,27.31,-82.98,1,0.0784,0,Normal,Normal
2026-03-15 13:12:50,25.48,5.41,12.15,101.35,1.56,0.141,187.94,25.53,-82.56,1,0.0435,0,Normal,Normal
2026-03-15 13:13:00,25.181,5.095,13.56,101.64,0.0,0.0,195.62,27.54,-78.81,1,0.0488,0,Normal,Normal
2026-03-15 13:13:10,25.292,5.503,12.1,101.2,0.89,0.376,192.14,26.6,-80.54,1,0.0596,0,Normal,Normal
2026-03-15 13:13:20,25.415,5.215,13.87,100.7,0.0,0.009,169.54,26.51,-87.87,1,0.057,0,Normal,Normal
2026-03-15 13:13:30,25.768,5.478,11.21,100.48,0.83,0.016,187.05,24.91,-86.3,1,0.087,0,Normal,Normal
2026-03-15 13:13:40,25.763,5.207,10.92,101.36,0.83,0.0,180.79,24.86,-82.99,1,0.0907,0,Normal,Normal
2026-03-15 13:13:50,25.489,5.387,12.11,101.03,0.49,0.0,197.83,26.16,-81.13,1,0.0527,0,Normal,Normal
2026-03-15 13:14:00,25.034,5.169,13.68,101.24,0.0,0.0,179.89,27.51,-83.57,1,0.0609,0,Normal,Normal
2026-03-15 13:14:10,26.156,5.176,10.67,101.43,0.33,0.02,193.98,23.54,-84.53,1,0.0473,0,Normal,Normal
2026-03-15 13:14:20,25.638,4.907,13.95,101.88,0.0,0.031,197.99,28.36,-86.11,1,0.0484,0,Normal,Normal
2026-03-15 13:14:30,25.399,5.427,9.89,100.6,0.0,0.545,192.27,23.83,-80.55,1,0.0417,0,Normal,Normal
2026-03-15 13:14:40,25.828,5.391,11.95,100.9,1.27,0.139,190.05,25.9,-83.12,1,0.0568,0,Normal,Normal
2026-03-15 13:14:50,25.818,5.405,10.18,101.27,0.99,0.0,186.86,22.88,-78.5,1,0.0447,0,Normal,Normal
2026-03-15 13:15:00,25.671,5.367,8.36,100.84,0.06,0.097,189.04,23.13,-87.56,1,0.0412,0,Normal,Normal
2026-03-15 13:15:10,25.824,5.108,12.8,100.7,0.0,0.0,179.31,25.66,-81.7,1,0.0416,0,Normal,Normal
2026-03-15 13:15:20,25.445,5.54,11.96,101.82,0.82,0.0,191.45,27.9,-82.24,1,0.0592,0,Normal,Normal
2026-03-15 13:15:30,26.032,5.547,10.11,100.88,0.07,0.0,198.44,22.69,-81.45,1,0.0439,0,Normal,Normal
2026-03-15 13:15:40,25.517,5.101,11.41,100.78,0.0,0.0,183.06,26.32,-81.61,1,0.062,0,Normal,Normal
2026-03-15 13:15:50,25.647,5.431,12.83,100.84,0.99,0.0,190.18,24.54,-85.7,1,0.0755,0,Normal,Normal
2026-03-15 13:16:00,26.037,5.517,11.59,101.73,0.02,0.079,189.21,22.88,-84.81,1,0.0463,0,Normal,Normal
2026-03-15 13:16:10,26.216,5.18,11.83,101.02,1.5,0.0,192.54,25.17,-83.86,1,0.0637,0,Normal,Normal
2026-03-15 13:16:20,26.344,5.224,11.52,100.75,0.0,0.133,185.75,22.8,-87.44,1,0.0484,0,Normal,Normal
2026-03-15 13:16:30,26.199,5.431,11.23,100.96,0.0,0.792,177.98,26.1,-81.42,1,0.0622,0,Normal,Normal
2026-03-15 13:16:40,25.799,4.92,11.19,101.28,0.41,0.0,181.09,25.17,-92.0,1,0.0455,0,Normal,Normal
2026-03-15 13:16:50,25.447,5.025,11.13,101.66,0.43,0.0,171.51,26.82,-88.13,1,0.0802,0,Normal,Normal
2026-03-15 13:17:00,26.345,5.05,10.93,101.62,0.0,0.0,196.27,24.73,-89.74,1,0.1054,0,Normal,Normal
2026-03-15 13:17:10,26.35,4.848,10.52,100.99,0.0,0.0,193.24,24.81,-81.46,1,0.0473,0,Normal,Normal
2026-03-15 13:17:20,25.751,5.568,11.47,101.09,3.4,0.238,189.95,25.15,-84.16,1,0.0433,0,Normal,Normal
2026-03-15 13:17:30,26.244,4.799,11.07,102.14,0.0,0.266,184.5,24.02,-86.45,1,0.0573,0,Normal,Normal
2026-03-15 13:17:40,25.883,5.382,10.42,101.7,0.99,0.042,188.78,23.93,-84.6,1,0.0531,0,Normal,Normal
2026-03-15 13:17:50,26.449,5.499,13.17,101.2,0.0,0.327,189.86,25.72,-84.13,1,0.1115,0,Normal,Normal
2026-03-15 13:18:00,25.859,5.222,13.86,100.38,0.0,0.908,185.92,28.32,-88.66,1,0.065,0,Normal,Normal
2026-03-15 13:18:10,26.623,5.128,12.01,101.12,0.0,0.618,186.23,25.64,-84.53,1,0.067,0,Normal,Normal
2026-03-15 13:18:20,26.281,5.353,12.1,100.77,0.0,0.0,200.58,25.98,-80.82,1,0.0594,0,Normal,Normal
2026-03-15 13:18:30,26.601,5.294,10.96,100.95,0.0,0.0,180.11,28.35,-80.3,1,0.0465,0,Normal,Normal
2026-03-15 13:18:40,25.938,5.544,13.6,100.91,0.04,0.0,198.07,27.12,-82.44,1,0.0812,0,Normal,Normal
2026-03-15 13:18:50,26.216,4.636,14.61,101.21,0.51,0.0,177.22,28.98,-84.22,1,0.0494,0,Normal,Normal
2026-03-15 13:19:00,25.82,5.063,11.76,101.33,0.03,0.186,203.01,25.69,-82.22,1,0.0476,0,Normal,Normal
2026-03-15 13:19:10,26.381,5.432,11.22,101.01,0.0,0.0,171.05,26.61,-82.87,1,0.0432,0,Normal,Normal
2026-03-15 13:19:20,26.414,5.303,12.52,100.79,0.83,0.008,193.9,26.8,-88.34,1,0.0454,0,Normal,Normal
2026-03-15 13:19:30,26.881,5.478,12.2,101.23,0.0,0.329,184.92,25.88,-87.69,1,0.04,0,Normal,Normal
2026-03-15 13:19:40,26.324,5.355,11.27,101.1,0.0,0.004,188.87,28.02,-83.01,1,0.0562,0,Normal,Normal
2026-03-15 13:19:50,26.414,5.254,12.73,100.54,1.2,0.0,189.15,25.7,-86.89,1,0.054,0,Normal,Normal
2026-03-15 13:20:00,26.073,5.211,13.44,101.54,0.95,0.458,195.1,27.21,-87.92,1,0.0477,0,Normal,Normal
2026-03-15 13:20:10,26.395,5.867,10.86,101.01,0.31,0.0,174.58,25.96,-80.94,1,0.0912,0,Normal,Normal
2026-03-15 13:20:20,26.136,5.668,15.86,101.19,0.0,0.0,190.05,28.88,-84.57,1,0.0577,0,Normal,Normal
2026-03-15 13:20:30,26.303,5.407,9.76,101.21,0.0,0.047,191.81,24.68,-84.9,1,0.0442,0,Normal,Normal
2026-03-15 13:20:40,26.339,5.301,10.79,101.29,0.18,0.073,185.07,24.22,-88.25,1,0.0471,0,Normal,Normal
2026-03-15 13:20:50,26.2,5.414,12.44,101.36,0.0,0.137,189.51,27.64,-85.93,1,0.0509,0,Normal,Normal
2026-03-15 13:21:00,26.343,5.484,15.47,100.78,0.0,0.294,185.12,30.64,-85.54,1,0.0518,0,Normal,Normal
2026-03-15 13:21:10,26.231,5.38,11.27,101.42,1.44,0.076,194.91,25.16,-87.15,1,0.0448,0,Normal,Normal
2026-03-15 13:21:20,26.248,5.085,10.53,101.16,2.43,0.0,193.43,23.33,-88.0,1,0.0443,0,Normal,Normal
2026-03-15 13:21:30,26.705,5.717,12.97,101.73,0.29,0.0,192.31,26.5,-79.03,1,0.0453,0,Normal,Normal
2026-03-15 13:21:40,26.454,5.329,11.79,101.63,1.78,0.0,195.93,25.77,-79.95,1,0.0896,0,Normal,Normal
2026-03-15 13:21:50,26.525,5.768,13.18,101.83,0.0,0.405,200.67,28.25,-84.4,1,0.0467,0,Normal,Normal
2026-03-15 13:22:00,26.003,5.307,12.1,100.92,1.84,0.0,182.83,26.48,-87.97,1,0.047,0,Normal,Normal
2026-03-15 13:22:10,26.587,5.195,10.94,101.81,0.19,0.453,208.62,25.59,-89.06,1,0.0591,0,Normal,Normal
2026-03-15 13:22:20,26.639,5.598,15.77,101.34,1.64,0.179,194.08,30.19,-85.13,1,0.0427,0,Normal,Normal
2026-03-15 13:22:30,26.38,5.323,7.84,101.58,1.11,0.008,187.02,22.86,-90.42,1,0.0555,0,Normal,Normal
2026-03-15 13:22:40,27.146,5.275,15.03,101.57,3.14,0.427,209.53,28.79,-84.9,1,0.0565,0,Normal,Normal
2026-03-15 13:22:50,25.854,4.936,13.72,101.48,0.66,0.0,187.93,27.92,-89.48,1,0.041,0,Normal,Normal
2026-03-15 13:23:00,26.796,5.394,11.23,100.86,2.64,0.479,181.69,25.27,-83.57,1,0.0432,0,Normal,Normal
2026-03-15 13:23:10,23.749,5.098,15.19,101.68,1.75,0.357,279.02,28.66,-82.57,1,0.0494,1,Excessive power consumption,Warning
2026-03-15 13:23:20,23.971,5.102,10.35,101.44,2.11,0.103,291.44,25.56,-83.58,1,0.0671,1,Excessive power consumption,Warning
2026-03-15 13:23:30,24.539,5.082,13.95,100.71,2.32,0.529,289.82,29.14,-76.36,1,0.0598,1,Excessive power consumption,Warning
2026-03-15 13:23:40,24.728,5.304,9.34,101.11,1.79,0.571,281.46,24.79,-83.35,1,0.071,1,Excessive power consumption,Warning
2026-03-15 13:23:50,23.8,4.8,10.78,100.81,3.08,0.825,315.51,23.86,-77.39,1,0.0686,1,Excessive power consumption,Warning
2026-03-15 13:24:00,24.608,5.119,10.81,100.73,3.35,0.801,319.69,25.23,-81.54,1,0.0507,1,Excessive power consumption,Warning
2026-03-15 13:24:10,23.745,5.403,11.44,101.64,4.06,0.683,301.56,26.75,-76.24,1,0.0546,1,Excessive power consumption,Warning
2026-03-15 13:24:20,24.569,4.832,12.62,100.71,4.27,0.169,270.98,28.42,-87.38,1,0.078,1,Excessive power consumption,Warning
2026-03-15 13:24:30,24.497,5.171,11.4,100.77,5.55,1.479,316.22,23.59,-85.19,1,0.0603,1,Excessive power consumption,Warning
2026-03-15 13:24:40,24.79,4.952,9.62,102.09,6.17,0.194,307.74,23.61,-82.64,1,0.0466,1,Excessive power consumption,Warning
2026-03-15 13:24:50,24.052,4.99,13.41,101.12,4.31,1.087,291.5,27.18,-76.79,1,0.0465,1,Excessive power consumption,Warning
2026-03-15 13:25:00,23.362,5.484,12.82,101.56,7.18,0.982,309.65,28.73,-82.15,1,0.0469,1,Excessive power consumption,Warning
2026-03-15 13:25:10,23.929,4.634,13.4,101.75,5.32,0.503,326.45,24.75,-83.29,1,0.0503,1,Excessive power consumption,Warning
2026-03-15 13:25:20,23.738,5.214,13.09,101.61,8.12,0.96,338.38,25.83,-79.24,1,0.0468,1,Excessive power consumption,Warning
2026-03-15 13:25:30,24.112,4.876,14.3,101.36,8.87,1.073,298.4,30.02,-78.16,1,0.0431,1,Excessive power consumption,Warning
2026-03-15 13:25:40,25.142,4.834,12.8,101.29,6.61,1.663,297.84,26.24,-82.99,1,0.0536,1,Excessive power consumption,Warning
2026-03-15 13:25:50,24.629,4.657,14.48,101.52,9.85,1.069,323.84,26.92,-82.56,1,0.0705,1,Excessive power consumption,Warning
2026-03-15 13:26:00,24.409,5.09,11.84,101.21,10.07,1.349,311.3,27.65,-75.21,1,0.0502,1,Excessive power consumption,Warning
2026-03-15 13:26:10,24.575,4.817,11.97,101.58,10.68,0.752,313.14,24.25,-76.35,1,0.0437,1,Excessive power consumption,Warning
2026-03-15 13:26:20,25.971,4.748,15.16,101.2,14.23,2.315,312.73,30.39,-75.35,1,0.0652,1,Excessive power consumption,Warning
2026-03-15 13:26:30,25.112,4.814,15.18,101.24,12.9,1.479,295.09,27.3,-76.87,1,0.0611,1,Excessive power consumption,Warning
2026-03-15 13:26:40,24.492,4.702,14.05,102.05,13.85,2.121,288.03,26.32,-82.05,1,0.0581,1,Excessive power consumption,Warning
2026-03-15 13:26:50,24.235,4.2,11.91,101.11,16.09,2.132,334.15,26.15,-79.38,1,0.0568,1,Excessive power consumption,Warning
2026-03-15 13:27:00,24.161,4.531,11.84,101.31,18.06,2.3,292.65,24.82,-82.25,1,0.0629,1,Excessive power consumption,Warning
2026-03-15 13:27:10,25.212,4.829,15.33,101.47,18.35,2.791,321.89,29.66,-75.93,1,0.0666,1,Excessive power consumption,Warning
2026-03-15 13:27:20,24.391,4.18,15.3,101.5,21.23,3.27,315.72,31.47,-80.27,1,0.0743,1,Excessive power consumption,Warning
2026-03-15 13:27:30,27.075,4.233,13.35,101.42,21.81,2.956,199.3,27.17,-83.56,1,0.0541,0,Normal,Normal
2026-03-15 13:27:40,26.91,4.348,17.01,100.8,19.93,3.282,203.24,32.97,-77.86,1,0.0475,0,Normal,Normal
2026-03-15 13:27:50,27.407,4.222,14.24,101.36,23.28,3.354,196.46,28.63,-74.6,1,0.0414,0,Normal,Normal
2026-03-15 13:28:00,26.93,4.344,11.95,101.4,24.62,3.782,200.66,27.1,-81.89,1,0.0592,0,Normal,Normal
2026-03-15 13:28:10,27.885,4.027,13.25,101.76,27.25,3.45,219.55,24.43,-77.91,1,0.0423,0,Normal,Normal
2026-03-15 13:28:20,27.302,4.152,13.73,101.6,24.88,4.172,208.22,28.5,-78.97,1,0.0704,0,Normal,Normal
2026-03-15 13:28:30,26.924,4.187,13.91,101.78,32.42,4.365,200.32,28.49,-74.11,1,0.0478,0,Normal,Normal
2026-03-15 13:28:40,27.16,4.312,15.72,100.9,31.3,4.532,196.78,29.28,-82.99,1,0.0713,0,Normal,Normal
2026-03-15 13:28:50,27.254,4.414,12.47,100.9,32.11,4.093,201.51,28.74,-73.22,1,0.051,0,Normal,Normal
2026-03-15 13:29:00,28.084,3.992,11.97,101.43,34.56,4.429,207.75,25.37,-78.51,1,0.0491,0,Normal,Normal
2026-03-15 13:29:10,27.118,4.485,14.93,101.75,37.12,4.73,215.05,27.0,-76.64,1,0.0468,0,Normal,Normal
2026-03-15 13:29:20,27.372,3.926,13.33,101.22,36.46,4.316,212.65,28.26,-73.35,1,0.0409,0,Normal,Normal
2026-03-15 13:29:30,24.171,4.14,17.78,101.0,37.6,5.496,310.52,30.08,-71.26,1,0.0402,1,Excessive power consumption,Warning
2026-03-15 13:29:40,24.98,4.378,15.63,100.66,37.61,5.068,322.46,29.72,-75.31,1,0.0507,1,Excessive power consumption,Warning
2026-03-15 13:29:50,25.391,3.896,13.49,101.45,38.21,5.297,340.62,29.1,-77.41,1,0.0747,1,Excessive power consumption,Warning
2026-03-15 13:30:00,24.821,3.485,16.16,101.25,38.67,5.112,315.27,30.76,-76.59,1,0.0532,1,Excessive power consumption,Warning
2026-03-15 13:30:10,24.594,3.821,15.5,101.13,39.05,4.958,346.13,29.21,-71.27,1,0.0697,1,Excessive power consumption,Warning
2026-03-15 13:30:20,24.791,3.618,15.43,101.66,39.96,5.312,334.7,29.01,-77.19,1,0.12,1,Excessive power consumption,Warning
2026-03-15 13:30:30,25.279,3.676,14.36,101.27,39.85,5.693,344.36,29.88,-73.32,1,0.043,1,Excessive power consumption,Warning
2026-03-15 13:30:40,24.834,4.217,15.24,101.3,42.01,5.937,291.52,27.78,-74.05,1,0.0562,1,Excessive power consumption,Warning
2026-03-15 13:30:50,25.74,3.394,11.53,101.66,40.65,5.836,340.78,26.46,-71.56,1,0.0481,1,Excessive power consumption,Warning
2026-03-15 13:31:00,25.006,3.755,16.73,102.18,43.43,5.972,329.66,33.36,-73.51,1,0.0435,1,Excessive power consumption,Warning
2026-03-15 13:31:10,25.077,3.443,9.67,101.12,43.64,5.797,359.73,24.32,-74.68,1,0.0441,1,Excessive power consumption,Warning
2026-03-15 13:31:20,25.052,3.569,14.23,100.95,44.29,6.148,304.61,27.94,-74.66,1,0.0442,1,Excessive power consumption,Warning
2026-03-15 13:31:30,24.746,3.817,12.57,100.9,43.88,6.546,329.59,26.38,-74.49,1,0.0596,1,Excessive power consumption,Warning
2026-03-15 13:31:40,25.234,3.697,14.29,101.49,48.56,6.322,338.38,27.71,-76.83,1,0.0466,1,Excessive power consumption,Warning
2026-03-15 13:31:50,26.44,3.549,15.0,100.86,46.82,6.402,307.55,28.22,-70.95,1,0.0444,1,Excessive power consumption,Warning
2026-03-15 13:32:00,26.022,3.432,13.39,101.15,43.98,6.261,297.76,27.53,-71.61,1,0.0726,1,Excessive power consumption,Warning
2026-03-15 13:32:10,25.251,3.664,11.1,101.19,46.02,5.668,342.74,25.91,-76.42,1,0.0405,1,Excessive power consumption,Warning
2026-03-15 13:32:20,25.561,4.003,15.65,101.92,45.24,5.86,342.31,31.58,-73.02,1,0.06,1,Excessive power consumption,Warning
2026-03-15 13:32:30,24.383,3.343,18.54,101.78,44.97,6.413,345.14,30.19,-72.41,1,0.0885,1,Excessive power consumption,Warning
2026-03-15 13:32:40,26.488,4.039,14.96,100.69,44.77,6.276,332.28,26.03,-73.12,1,0.0547,1,Excessive power consumption,Warning
2026-03-15 13:32:50,25.629,3.854,17.0,101.93,47.06,6.457,323.07,32.96,-71.51,1,0.0519,1,Excessive power consumption,Warning
2026-03-15 13:33:00,25.084,3.891,17.9,100.81,45.88,6.91,348.74,31.97,-71.25,1,0.041,1,Excessive power consumption,Warning
2026-03-15 13:33:10,25.177,3.621,12.87,101.36,48.0,6.596,294.03,27.0,-68.04,1,0.0505,1,Excessive power consumption,Warning
2026-03-15 13:33:20,25.472,3.832,15.11,100.97,48.15,6.799,343.45,29.72,-70.53,1,0.0467,1,Excessive power consumption,Warning
2026-03-15 13:33:30,25.6,3.283,13.97,101.14,48.71,6.407,333.84,27.74,-68.52,1,0.0626,1,Excessive power consumption,Warning
2026-03-15 13:33:40,25.419,3.364,14.75,100.91,46.14,6.104,317.97,31.12,-74.27,1,0.0651,1,Excessive power consumption,Warning
2026-03-15 13:33:50,27.935,3.72,18.59,101.97,47.82,6.378,227.76,33.18,-73.08,1,0.0428,0,Normal,Normal
2026-03-15 13:34:00,27.953,3.599,16.46,101.24,48.09,6.127,225.62,29.92,-73.82,1,0.0511,0,Normal,Normal
2026-03-15 13:34:10,28.177,3.485,17.39,101.39,46.83,6.964,220.67,30.96,-70.69,1,0.0695,0,Normal,Normal
2026-03-15 13:34:20,28.057,2.895,16.22,100.87,46.54,6.704,220.74,30.05,-69.15,1,0.0547,0,Normal,Normal
2026-03-15 13:34:30,28.385,3.409,14.55,100.73,49.45,6.617,230.06,27.62,-64.12,1,0.0498,0,Normal,Normal
2026-03-15 13:34:40,28.389,3.223,17.47,101.12,47.84,6.874,223.43,33.5,-71.42,1,0.0743,0,Normal,Normal
2026-03-15 13:34:50,28.34,3.638,18.41,101.51,48.38,5.74,213.22,32.56,-66.2,1,0.0909,0,Normal,Normal
2026-03-15 13:35:00,27.426,3.465,17.1,101.25,46.67,6.659,221.99,29.69,-71.07,1,0.044,0,Normal,Normal
2026-03-15 13:35:10,28.244,3.355,17.44,101.69,46.22,5.999,224.34,31.92,-68.32,1,0.043,0,Normal,Normal
2026-03-15 13:35:20,28.195,4.171,14.94,101.35,47.04,6.46,208.87,30.66,-68.68,1,0.07,0,Normal,Normal
2026-03-15 13:35:30,28.3,3.769,17.93,101.3,47.6,6.357,230.79,33.21,-70.82,1,0.0442,0,Normal,Normal
2026-03-15 13:35:40,28.044,3.772,18.98,101.51,46.5,6.701,224.84,32.07,-70.42,1,0.0682,0,Normal,Normal
2026-03-15 13:35:50,27.895,4.058,17.65,101.34,47.79,6.552,213.95,30.32,-62.93,1,0.0454,0,Normal,Normal
2026-03-15 13:36:00,28.452,3.707,14.44,101.68,45.79,6.946,222.49,30.15,-69.17,1,0.0403,0,Normal,Normal
2026-03-15 13:36:10,28.228,3.313,19.67,101.52,46.49,6.267,224.06,31.72,-64.42,1,0.0482,0,Normal,Normal
2026-03-15 13:36:20,28.528,3.284,15.89,101.66,48.66,6.728,232.46,30.34,-65.23,1,0.0406,0,Normal,Normal
2026-03-15 13:36:30,28.175,3.746,17.98,101.59,48.59,6.539,232.24,31.29,-68.95,1,0.0435,0,Normal,Normal
2026-03-15 13:36:40,28.822,2.99,18.91,101.84,47.41,5.911,233.54,34.49,-66.99,1,0.0498,0,Normal,Normal
2026-03-15 13:36:50,28.719,3.485,19.19,101.63,46.67,6.164,227.93,31.93,-66.48,1,0.0406,0,Normal,Normal
2026-03-15 13:37:00,28.528,2.961,14.96,102.0,46.67,6.434,219.7,28.01,-65.25,1,0.0405,0,Normal,Normal
2026-03-15 13:37:10,28.395,3.528,17.93,101.08,47.46,6.877,217.68,32.67,-67.8,1,0.0425,0,Normal,Normal
2026-03-15 13:37:20,28.736,3.717,17.92,101.63,48.69,6.652,219.34,32.87,-70.98,1,0.0493,0,Normal,Normal
2026-03-15 13:37:30,28.618,3.573,20.09,100.75,49.04,6.082,224.42,35.72,-68.44,1,0.0948,0,Normal,Normal
2026-03-15 13:37:40,28.592,3.737,18.71,101.68,47.34,6.442,224.75,33.28,-62.73,1,0.0415,0,Normal,Normal
2026-03-15 13:37:50,28.853,3.993,20.28,101.32,46.56,7.198,233.19,34.7,-66.21,1,0.0546,0,Normal,Normal
2026-03-15 13:38:00,28.988,3.466,19.01,101.67,48.27,6.532,222.93,34.27,-67.27,1,0.0503,0,Normal,Normal
2026-03-15 13:38:10,28.204,4.204,18.18,101.97,46.96,6.379,208.77,30.54,-70.34,1,0.0409,0,Normal,Normal
2026-03-15 13:38:20,28.284,3.555,18.67,101.62,47.33,6.666,215.43,31.62,-62.11,1,0.0405,0,Normal,Normal
2026-03-15 13:38:30,28.384,3.739,20.76,101.13,49.55,6.762,217.16,33.21,-66.35,1,0.0438,0,Normal,Normal
2026-03-15 13:38:40,28.187,3.349,16.62,100.86,48.96,6.335,217.16,27.4,-62.38,1,0.0573,0,Normal,Normal
2026-03-15 13:38:50,28.638,3.906,20.02,101.51,48.16,6.671,202.53,35.03,-63.52,1,0.0892,0,Normal,Normal
2026-03-15 13:39:00,28.856,3.762,17.81,101.19,46.44,6.381,237.53,33.52,-63.1,1,0.0522,0,Normal,Normal
2026-03-15 13:39:10,28.688,3.869,17.58,101.57,48.23,6.748,207.52,32.24,-60.44,1,0.0407,0,Normal,Normal
2026-03-15 13:39:20,28.553,3.515,20.47,101.1,49.25,6.556,220.39,34.92,-64.99,1,0.0445,0,Normal,Normal
2026-03-15 13:39:30,29.069,3.187,17.7,100.93,47.53,6.666,230.25,31.8,-65.7,1,0.0828,0,Normal,Normal
2026-03-15 13:39:40,28.792,3.616,19.68,101.2,49.6,6.231,229.7,33.75,-60.55,1,0.0402,0,Normal,Normal
2026-03-15 13:39:50,28.871,3.076,18.48,101.5,49.53,6.21,213.23,34.51,-62.69,1,0.0538,0,Normal,Normal
2026-03-15 13:40:00,29.132,3.417,15.77,101.35,49.98,6.829,234.64,31.63,-67.27,1,0.043,0,Normal,Normal
2026-03-15 13:40:10,28.766,3.548,20.11,100.97,48.35,6.47,233.48,33.41,-61.98,1,0.041,0,Normal,Normal
2026-03-15 13:40:20,29.439,4.095,19.68,102.02,48.69,6.598,223.54,35.01,-60.54,1,0.0444,0,Normal,Normal
2026-03-15 13:40:30,28.704,3.58,16.72,101.24,49.68,6.391,225.21,32.19,-71.95,1,0.0815,0,Normal,Normal
2026-03-15 13:40:40,29.455,3.535,18.63,100.4,48.52,6.813,217.68,33.41,-68.77,1,0.0615,0,Normal,Normal
2026-03-15 13:40:50,28.58,3.485,17.06,101.67,47.39,6.286,227.01,31.52,-67.45,1,0.0428,0,Normal,Normal
2026-03-15 13:41:00,29.045,3.165,20.96,101.3,47.45,6.451,226.8,35.38,-62.84,1,0.041,0,Normal,Normal
2026-03-15 13:41:10,28.713,3.522,22.04,101.23,48.28,6.774,221.1,34.26,-62.63,1,0.0502,0,Normal,Normal
2026-03-15 13:41:20,29.258,3.526,21.32,101.22,46.44,6.909,230.16,33.44,-63.44,1,0.0408,0,Normal,Normal
2026-03-15 13:41:30,28.795,3.258,21.62,101.23,47.82,6.316,227.65,36.56,-62.38,1,0.0478,0,Normal,Normal
2026-03-15 13:41:40,29.042,3.204,19.46,101.97,49.31,7.185,250.7,32.14,-68.34,1,0.0642,0,Normal,Normal
2026-03-15 13:41:50,28.775,3.38,21.15,101.49,45.36,6.609,217.78,33.48,-68.65,1,0.0504,0,Normal,Normal
2026-03-15 13:42:00,29.267,3.516,20.41,101.4,49.84,6.134,235.66,31.91,-61.3,1,0.0741,0,Normal,Normal
2026-03-15 13:42:10,28.805,3.386,20.79,101.19,49.34,6.628,218.18,34.22,-64.77,1,0.0635,0,Normal,Normal
2026-03-15 13:42:20,29.522,3.237,22.04,101.99,47.44,6.365,229.22,36.49,-61.49,1,0.0522,0,Normal,Normal
2026-03-15 13:42:30,28.733,3.573,22.46,101.64,48.65,6.651,204.2,37.01,-67.25,1,0.0634,0,Normal,Normal
2026-03-15 13:42:40,28.643,3.635,20.21,101.7,48.0,6.484,220.9,35.23,-68.36,1,0.0415,0,Normal,Normal
2026-03-15 13:42:50,29.347,3.53,18.77,101.41,49.47,6.525,228.77,32.3,-69.06,1,0.0434,0,Normal,Normal
2026-03-15 13:43:00,28.899,3.359,20.69,101.7,49.18,6.18,226.92,34.82,-62.89,1,0.0581,0,Normal,Normal
2026-03-15 13:43:10,29.088,3.649,20.74,101.46,46.32,6.846,208.96,35.75,-61.96,1,0.0401,0,Normal,Normal
2026-03-15 13:43:20,29.008,3.452,21.59,101.15,48.7,6.095,221.7,36.14,-63.79,1,0.0401,0,Normal,Normal
2026-03-15 13:43:30,28.724,3.203,22.5,101.45,47.75,6.111,236.81,35.8,-66.94,1,0.0472,0,Normal,Normal
2026-03-15 13:43:40,29.109,3.759,18.47,102.14,48.1,6.628,233.23,32.83,-63.65,1,0.0703,0,Normal,Normal
2026-03-15 13:43:50,29.524,3.588,20.43,101.38,47.12,7.061,232.68,32.05,-63.81,1,0.0993,0,Normal,Normal
2026-03-15 13:44:00,29.459,3.47,20.08,101.81,50.1,6.376,243.82,34.08,-71.8,1,0.0557,0,Normal,Normal
2026-03-15 13:44:10,29.241,3.107,23.49,101.78,49.25,6.745,211.04,36.75,-66.87,1,0.085,0,Normal,Normal
2026-03-15 13:44:20,29.517,3.314,21.4,101.53,47.11,6.875,221.84,37.22,-65.07,1,0.0682,0,Normal,Normal
2026-03-15 13:44:30,28.878,4.005,21.03,101.96,46.4,6.785,225.25,33.86,-62.69,1,0.0434,0,Normal,Normal
2026-03-15 13:44:40,29.111,3.123,22.7,100.43,47.54,6.391,219.15,36.84,-66.37,1,0.0478,0,Normal,Normal
2026-03-15 13:44:50,29.339,3.437,21.09,100.57,48.52,6.118,226.0,34.58,-65.78,1,0.0547,0,Normal,Normal
2026-03-15 13:45:00,29.193,3.496,22.05,101.99,48.29,5.727,235.41,35.38,-66.54,1,0.0425,0,Normal,Normal
2026-03-15 13:45:10,29.17,3.58,24.88,101.04,49.5,6.408,225.88,39.33,-65.66,1,0.0456,0,Normal,Normal
2026-03-15 13:45:20,28.895,3.126,24.93,101.34,48.95,6.912,207.37,38.43,-70.69,1,0.0612,0,Normal,Normal
2026-03-15 13:45:30,28.641,3.544,21.73,102.0,49.16,6.106,230.41,37.95,-68.53,1,0.0463,0,Normal,Normal
2026-03-15 13:45:40,29.522,3.079,22.15,101.38,48.39,6.745,224.88,33.78,-73.54,1,0.079,0,Normal,Normal
2026-03-15 13:45:50,29.36,3.524,21.59,101.98,46.33,6.167,207.56,36.35,-68.3,1,0.0478,0,Normal,Normal
2026-03-15 13:46:00,29.568,3.337,19.72,101.14,47.76,6.537,220.08,33.61,-65.63,1,0.0437,0,Normal,Normal
2026-03-15 13:46:10,29.176,3.284,24.25,101.55,49.27,6.748,211.11,38.19,-69.64,1,0.0435,0,Normal,Normal
2026-03-15 13:46:20,29.104,3.709,26.41,101.32,47.94,6.269,222.7,40.77,-68.17,1,0.0574,0,Normal,Normal
2026-03-15 13:46:30,29.329,3.441,22.2,101.9,48.6,6.56,220.97,37.4,-66.4,1,0.0469,0,Normal,Normal
2026-03-15 13:46:40,29.593,3.618,21.73,101.2,47.62,6.355,212.8,36.05,-59.56,1,0.0441,0,Normal,Normal
2026-03-15 13:46:50,29.276,3.627,22.63,100.91,46.76,6.747,227.01,37.83,-68.13,1,0.0578,0,Normal,Normal
2026-03-15 13:47:00,29.595,3.818,23.25,101.11,47.85,6.582,216.34,37.31,-65.9,1,0.0482,0,Normal,Normal
2026-03-15 13:47:10,29.061,3.198,21.51,101.13,48.37,6.52,235.59,34.27,-68.78,1,0.0681,0,Normal,Normal
2026-03-15 13:47:20,29.323,3.73,22.61,101.04,47.21,7.045,226.34,36.5,-67.33,1,0.0519,0,Normal,Normal
2026-03-15 13:47:30,29.358,3.504,24.9,101.02,47.72,6.732,222.91,40.29,-68.66,1,0.0937,0,Normal,Normal
2026-03-15 13:47:40,29.755,3.406,23.66,101.75,46.87,6.258,235.03,37.16,-70.02,1,0.047,0,Normal,Normal
2026-03-15 13:47:50,29.457,3.213,25.45,101.86,49.34,6.47,227.08,38.15,-69.54,1,0.045,0,Normal,Normal
2026-03-15 13:48:00,29.926,3.652,24.18,101.46,47.65,6.473,227.77,38.92,-65.38,1,0.0555,0,Normal,Normal
2026-03-15 13:48:10,29.005,3.269,22.08,101.04,49.74,6.528,224.48,36.49,-68.44,1,0.0585,0,Normal,Normal
2026-03-15 13:48:20,29.455,3.629,22.93,101.07,49.83,7.383,222.49,36.01,-73.1,1,0.0403,0,Normal,Normal
2026-03-15 13:48:30,29.476,3.982,24.25,100.47,47.9,6.63,228.23,37.97,-70.97,1,0.0566,0,Normal,Normal
2026-03-15 13:48:40,29.615,3.745,22.28,101.45,46.79,5.787,237.19,36.06,-72.58,1,0.043,0,Normal,Normal
2026-03-15 13:48:50,29.191,3.848,22.16,101.03,45.5,6.31,197.64,36.17,-67.32,1,0.0879,0,Normal,Normal
2026-03-15 13:49:00,29.946,3.32,22.33,101.89,46.23,5.824,239.95,37.11,-72.58,1,0.0529,0,Normal,Normal
2026-03-15 13:49:10,29.45,3.691,24.97,100.75,46.35,6.384,216.94,38.49,-67.93,1,0.042,0,Normal,Normal
2026-03-15 13:49:20,29.125,3.214,23.73,101.06,49.65,5.804,226.54,38.57,-67.79,1,0.0408,0,Normal,Normal
2026-03-15 13:49:30,29.451,3.442,26.13,101.26,48.14,6.195,211.26,39.49,-70.5,1,0.0718,0,Normal,Normal
2026-03-15 13:49:40,29.367,3.935,23.09,101.49,48.47,5.968,236.93,39.09,-69.51,1,0.0685,0,Normal,Normal
2026-03-15 13:49:50,30.3,3.348,20.83,102.02,45.33,6.634,213.94,36.85,-72.87,1,0.0485,0,Normal,Normal
2026-03-15 13:50:00,29.785,3.778,24.39,100.75,46.56,6.5,233.98,37.36,-69.03,1,0.0414,0,Normal,Normal
2026-03-15 13:50:10,29.488,3.754,27.14,101.18,49.06,6.606,223.07,39.67,-75.52,1,0.0474,0,Normal,Normal
2026-03-15 13:50:20,29.444,3.769,24.79,100.73,48.34,6.463,223.7,39.97,-73.41,1,0.0614,0,Normal,Normal
2026-03-15 13:50:30,29.766,3.183,22.76,101.62,47.82,6.012,214.93,37.07,-73.17,1,0.0562,1,Sensor value drift,Critical
2026-03-15 13:50:40,29.783,3.631,23.06,100.12,48.68,6.68,234.75,37.11,-69.51,1,0.0701,1,Sensor value drift,Critical
2026-03-15 13:50:50,28.613,3.461,27.99,99.42,49.96,7.173,223.82,39.97,-67.58,1,0.0609,1,Sensor value drift,Critical
2026-03-15 13:51:00,29.682,3.772,25.66,98.47,47.73,6.643,230.74,37.66,-74.29,1,0.046,1,Sensor value drift,Critical
2026-03-15 13:51:10,29.5,3.086,29.87,97.68,48.08,6.351,208.47,41.01,-73.44,1,0.0463,1,Sensor value drift,Critical
2026-03-15 13:51:20,29.1,3.592,29.23,96.65,48.23,6.0,217.87,40.52,-76.92,1,0.0557,1,Sensor value drift,Critical
2026-03-15 13:51:30,29.759,3.557,27.77,95.4,50.87,6.182,227.01,36.6,-73.86,1,0.0456,1,Sensor value drift,Critical
2026-03-15 13:51:40,30.17,3.002,31.36,94.9,45.48,6.658,212.38,40.95,-70.53,1,0.0703,1,Sensor value drift,Critical
2026-03-15 13:51:50,29.665,3.279,28.91,93.63,48.82,6.876,227.89,36.49,-79.46,1,0.046,1,Sensor value drift,Critical
2026-03-15 13:52:00,29.829,3.042,28.8,93.36,47.86,6.591,219.7,36.67,-74.25,1,0.0501,1,Sensor value drift,Critical
2026-03-15 13:52:10,30.041,3.318,30.35,92.13,48.68,6.78,218.78,38.11,-72.38,1,0.0407,1,Sensor value drift,Critical
2026-03-15 13:52:20,29.251,3.637,33.48,90.78,47.21,6.748,229.1,41.35,-74.6,1,0.0419,1,Sensor value drift,Critical
2026-03-15 13:52:30,28.943,3.549,34.72,91.24,47.94,6.677,226.37,42.07,-75.57,1,0.0421,1,Sensor value drift,Critical
2026-03-15 13:52:40,29.697,3.542,33.1,90.02,48.85,6.269,216.01,40.04,-72.6,1,0.0463,1,Sensor value drift,Critical
2026-03-15 13:52:50,29.425,3.24,31.56,89.42,51.74,6.561,233.98,35.21,-77.89,1,0.0419,1,Sensor value drift,Critical
2026-03-15 13:53:00,29.087,3.78,32.72,87.38,48.97,6.203,229.04,39.03,-78.04,1,0.0492,1,Sensor value drift,Critical
2026-03-15 13:53:10,29.474,3.495,34.12,86.27,46.98,6.506,208.88,37.54,-81.47,1,0.0447,1,Sensor value drift,Critical
2026-03-15 13:53:20,29.715,3.508,34.46,86.0,47.49,6.616,222.57,37.35,-75.18,1,0.0448,1,Sensor value drift,Critical
2026-03-15 13:53:30,29.45,3.735,37.48,85.2,47.46,7.088,227.99,40.76,-75.73,1,0.0488,1,Sensor value drift,Critical
2026-03-15 13:53:40,29.257,3.252,40.66,83.93,45.84,6.042,224.11,42.6,-78.34,1,0.0688,1,Sensor value drift,Critical
2026-03-15 13:53:50,29.424,3.557,39.61,82.09,47.6,6.668,198.41,41.79,-79.53,1,0.0615,1,Sensor value drift,Critical
2026-03-15 13:54:00,29.483,3.606,37.4,81.62,48.88,7.018,225.51,39.18,-77.22,1,0.0723,1,Sensor value drift,Critical
2026-03-15 13:54:10,28.908,3.364,38.72,81.26,46.47,6.766,231.06,38.32,-77.02,1,0.1093,1,Sensor value drift,Critical
2026-03-15 13:54:20,29.441,3.663,39.68,79.91,49.26,6.791,224.35,39.36,-81.12,1,0.0402,1,Sensor value drift,Critical
2026-03-15 13:54:30,29.077,3.619,41.69,78.7,48.58,6.706,225.44,40.79,-83.59,1,0.0577,1,Sensor value drift,Critical
2026-03-15 13:54:40,29.675,3.475,44.13,78.23,47.12,6.954,233.16,43.95,-83.16,1,0.0419,1,Sensor value drift,Critical
2026-03-15 13:54:50,29.005,3.467,41.74,76.12,47.83,6.119,212.33,39.24,-82.56,1,0.0814,1,Sensor value drift,Critical
2026-03-15 13:55:00,29.773,3.631,45.41,76.26,49.92,6.015,230.89,42.25,-82.04,1,0.0439,1,Sensor value drift,Critical
2026-03-15 13:55:10,29.343,3.697,46.93,75.41,48.88,6.498,227.72,42.54,-78.89,1,0.0465,1,Sensor value drift,Critical
2026-03-15 13:55:20,29.298,3.516,43.91,74.78,48.01,5.744,212.01,39.04,-78.6,1,0.098,1,Sensor value drift,Critical
2026-03-15 13:55:30,29.545,3.78,44.54,73.96,47.71,6.931,230.58,38.53,-79.57,1,0.0703,1,Sensor value drift,Critical
2026-03-15 13:55:40,29.192,3.665,45.23,72.97,48.09,6.927,239.45,39.38,-78.2,1,0.0407,1,Sensor value drift,Critical
2026-03-15 13:55:50,29.53,3.053,46.52,72.26,47.39,6.348,227.67,42.81,-78.29,1,0.0407,1,Sensor value drift,Critical
2026-03-15 13:56:00,29.221,3.149,46.55,70.92,45.47,6.37,229.44,41.15,-78.7,1,0.0656,1,Sensor value drift,Critical
2026-03-15 13:56:10,29.268,3.796,49.08,69.49,50.45,6.475,216.48,43.76,-79.63,1,0.0411,1,Sensor value drift,Critical
2026-03-15 13:56:20,29.55,3.438,46.09,69.17,48.19,6.518,220.05,37.49,-83.27,1,0.0686,1,Sensor value drift,Critical
2026-03-15 13:56:30,29.081,3.541,48.27,67.88,48.48,6.544,216.86,37.86,-84.3,1,0.0788,1,Sensor value drift,Critical
2026-03-15 13:56:40,29.037,3.785,50.23,66.77,47.93,6.695,228.17,41.92,-82.18,1,0.0404,1,Sensor value drift,Critical
2026-03-15 13:56:50,29.484,3.498,51.69,66.62,47.12,6.439,220.86,44.61,-77.28,1,0.0437,1,Sensor value drift,Critical
2026-03-15 13:57:00,29.394,3.509,54.33,64.9,47.78,6.83,220.36,43.84,-73.85,1,0.0404,1,Sensor value drift,Critical
2026-03-15 13:57:10,29.445,3.283,25.24,101.57,46.08,6.656,230.63,39.36,-79.39,1,0.0411,0,Normal,Normal
2026-03-15 13:57:20,29.486,3.593,26.23,100.78,50.73,6.287,238.36,38.35,-80.17,1,0.0515,0,Normal,Normal
2026-03-15 13:57:30,29.397,3.647,23.85,101.18,46.52,6.967,224.3,37.88,-78.23,1,0.0596,0,Normal,Normal
2026-03-15 13:57:40,29.554,3.356,25.62,101.07,46.76,6.024,212.4,39.47,-77.07,1,0.0498,0,Normal,Normal
2026-03-15 13:57:50,29.392,3.27,24.67,101.75,47.47,6.468,225.32,36.16,-84.54,1,0.0473,0,Normal,Normal
2026-03-15 13:58:00,28.752,4.157,26.58,101.54,49.54,6.838,226.53,39.34,-73.24,1,0.0435,0,Normal,Normal
2026-03-15 13:58:10,28.821,3.477,27.06,100.97,48.02,6.247,231.65,39.72,-77.35,1,0.044,0,Normal,Normal
2026-03-15 13:58:20,29.915,3.329,28.14,101.24,46.52,6.608,222.41,40.24,-86.37,1,0.0531,0,Normal,Normal
2026-03-15 13:58:30,29.327,3.677,27.02,101.83,49.5,6.69,232.05,40.15,-85.43,1,0.069,0,Normal,Normal
2026-03-15 13:58:40,29.603,3.487,28.21,101.9,48.88,6.199,230.82,42.82,-74.13,1,0.0478,0,Normal,Normal
2026-03-15 13:58:50,29.204,3.229,27.7,100.75,48.64,6.474,222.61,40.94,-79.62,1,0.0821,0,Normal,Normal
2026-03-15 13:59:00,29.28,3.621,26.01,101.83,48.86,6.445,231.56,41.39,-84.67,1,0.0408,0,Normal,Normal
2026-03-15 13:59:10,29.151,3.287,25.06,101.8,50.87,6.307,232.44,38.63,-82.78,1,0.0665,0,Normal,Normal
2026-03-15 13:59:20,30.016,3.894,28.5,101.37,50.62,7.305,216.27,42.89,-80.9,1,0.0462,0,Normal,Normal
2026-03-15 13:59:30,29.342,3.624,30.12,101.26,47.17,6.233,232.68,44.72,-80.62,1,0.0705,0,Normal,Normal
2026-03-15 13:59:40,29.094,3.431,31.48,101.08,49.95,6.852,224.04,47.32,-79.31,1,0.0778,0,Normal,Normal
2026-03-15 13:59:50,28.748,3.527,29.11,100.8,48.46,6.362,223.02,42.25,-82.81,1,0.0581,0,Normal,Normal
2026-03-15 14:00:00,29.824,3.726,29.91,101.44,48.6,6.119,224.14,44.44,-82.82,1,0.0466,0,Normal,Normal
2026-03-15 14:00:10,29.171,3.547,28.44,101.23,45.97,6.536,234.93,41.31,-84.87,1,0.0492,0,Normal,Normal
2026-03-15 14:00:20,29.432,4.031,28.23,101.47,47.79,6.727,234.91,44.29,-86.67,1,0.052,0,Normal,Normal
2026-03-15 14:00:30,29.453,3.784,27.96,101.48,47.02,6.822,228.81,40.71,-86.91,1,0.0493,0,Normal,Normal
2026-03-15 14:00:40,29.045,3.622,27.66,102.31,48.99,7.046,227.15,42.12,-84.52,1,0.0635,0,Normal,Normal
2026-03-15 14:00:50,29.373,3.266,28.75,101.78,49.28,7.53,224.16,44.62,-83.15,1,0.0621,0,Normal,Normal
2026-03-15 14:01:00,28.977,3.463,27.07,101.52,45.51,6.587,246.59,39.64,-88.64,1,0.0402,0,Normal,Normal
2026-03-15 14:01:10,28.848,3.62,27.65,100.45,47.97,6.268,219.52,42.36,-78.22,1,0.0425,0,Normal,Normal
2026-03-15 14:01:20,29.481,3.294,26.12,101.46,49.34,6.658,221.42,38.93,-86.52,1,0.0468,0,Normal,Normal
2026-03-15 14:01:30,29.071,3.823,28.61,101.93,47.77,6.406,227.42,45.41,-87.08,1,0.0567,0,Normal,Normal
2026-03-15 14:01:40,29.26,3.257,26.48,101.13,48.87,6.824,217.74,38.21,-84.66,1,0.0439,0,Normal,Normal
2026-03-15 14:01:50,29.214,3.341,27.98,102.18,48.42,6.045,233.39,40.16,-91.75,1,0.0458,0,Normal,Normal
2026-03-15 14:02:00,29.267,3.36,28.69,101.52,48.41,7.328,213.23,41.35,-83.62,1,0.0493,0,Normal,Normal
2026-03-15 14:02:10,28.595,3.686,28.83,101.42,47.67,6.799,219.29,41.52,-87.73,1,0.0534,0,Normal,Normal
2026-03-15 14:02:20,28.871,3.299,29.12,100.9,46.54,5.91,221.78,43.74,-90.57,1,0.0748,0,Normal,Normal
2026-03-15 14:02:30,28.935,3.05,27.65,101.9,46.65,6.251,216.96,43.81,-84.42,1,0.0645,0,Normal,Normal
2026-03-15 14:02:40,28.768,3.772,28.71,100.97,48.85,6.785,233.32,44.09,-84.46,1,0.0467,0,Normal,Normal
2026-03-15 14:02:50,29.13,3.389,27.25,101.07,48.02,6.911,214.48,41.53,-79.08,1,0.0619,0,Normal,Normal
2026-03-15 14:03:00,29.342,3.233,25.03,100.55,47.83,6.054,217.29,39.04,-84.41,1,0.0668,0,Normal,Normal
2026-03-15 14:03:10,29.374,3.312,28.79,101.66,47.48,6.749,219.58,42.06,-84.45,1,0.0511,0,Normal,Normal
2026-03-15 14:03:20,28.853,3.929,28.44,101.54,47.63,5.817,231.74,42.91,-84.86,1,0.0453,0,Normal,Normal
2026-03-15 14:03:30,29.026,3.336,29.52,101.3,49.25,6.468,236.61,43.27,-92.0,1,0.083,0,Normal,Normal
2026-03-15 14:03:40,29.056,3.469,27.96,101.6,47.59,6.888,229.17,42.19,-84.77,1,0.0892,0,Normal,Normal
2026-03-15 14:03:50,29.092,3.389,25.6,101.56,46.38,6.306,214.48,38.71,-85.14,1,0.0438,0,Normal,Normal
2026-03-15 14:04:00,28.626,3.192,27.86,101.15,48.88,5.971,220.03,40.42,-85.43,1,0.0631,0,Normal,Normal
2026-03-15 14:04:10,29.419,3.315,29.33,100.99,47.74,6.55,237.57,43.36,-87.48,1,0.0406,0,Normal,Normal
2026-03-15 14:04:20,29.133,3.175,28.71,100.61,48.03,6.287,225.22,42.71,-83.27,1,0.04,0,Normal,Normal
2026-03-15 14:04:30,29.124,3.739,27.77,101.23,49.92,6.719,213.42,41.05,-87.88,1,0.0465,0,Normal,Normal
2026-03-15 14:04:40,29.182,3.526,25.49,100.78,47.96,6.188,242.54,38.57,-82.8,1,0.0493,0,Normal,Normal
2026-03-15 14:04:50,28.964,4.121,26.44,101.37,48.33,6.227,220.43,41.11,-83.72,1,0.0519,0,Normal,Normal
2026-03-15 14:05:00,28.477,3.323,28.69,101.24,46.57,5.79,224.42,43.23,-80.64,1,0.0471,0,Normal,Normal
2026-03-15 14:05:10,28.726,13.525,25.46,101.14,47.72,6.557,345.18,56.47,-86.2,1,0.0421,1,Current surge,Critical
2026-03-15 14:05:20,28.254,13.624,27.47,101.72,48.71,6.441,399.2,57.52,-80.75,1,0.0463,1,Current surge,Critical
2026-03-15 14:05:30,28.856,13.212,28.0,100.91,46.11,6.081,414.15,48.89,-84.07,1,0.0659,1,Current surge,Critical
2026-03-15 14:05:40,28.662,11.419,29.65,100.56,48.22,6.564,370.62,52.74,-84.87,1,0.0461,1,Current surge,Critical
2026-03-15 14:05:50,28.682,11.431,28.84,101.21,48.09,6.856,356.76,51.65,-87.14,1,0.0535,1,Current surge,Critical
2026-03-15 14:06:00,29.037,10.615,29.35,101.0,48.02,6.42,347.5,51.57,-83.32,1,0.0571,1,Current surge,Critical
2026-03-15 14:06:10,28.52,11.492,28.34,101.35,49.21,6.589,363.38,54.0,-85.86,1,0.0598,1,Current surge,Critical
2026-03-15 14:06:20,28.562,13.376,26.6,100.93,48.37,6.591,333.55,52.7,-84.44,1,0.05,1,Current surge,Critical
2026-03-15 14:06:30,28.625,13.413,26.93,101.47,49.73,6.073,333.75,51.61,-81.94,1,0.042,1,Current surge,Critical
2026-03-15 14:06:40,28.047,13.229,26.44,100.91,46.76,7.214,412.91,50.32,-84.27,1,0.0746,1,Current surge,Critical
2026-03-15 14:06:50,28.5,10.596,28.7,100.91,48.11,6.329,393.55,55.6,-83.14,1,0.0445,1,Current surge,Critical
2026-03-15 14:07:00,27.814,10.852,26.75,101.55,48.05,6.722,405.62,50.42,-79.45,1,0.0462,1,Current surge,Critical
2026-03-15 14:07:10,28.364,12.46,27.18,101.28,46.66,6.761,379.01,50.53,-82.2,1,0.0623,1,Current surge,Critical
2026-03-15 14:07:20,28.777,11.855,27.78,100.83,49.08,6.442,360.67,54.58,-85.81,1,0.0616,1,Current surge,Critical
2026-03-15 14:07:30,28.634,10.563,30.19,100.92,50.72,6.703,345.94,53.29,-84.88,1,0.074,1,Current surge,Critical
2026-03-15 14:07:40,28.301,12.75,28.69,101.15,47.9,6.575,375.89,59.48,-83.12,1,0.0405,1,Current surge,Critical
2026-03-15 14:07:50,28.472,11.219,26.52,100.84,48.52,5.992,388.1,58.37,-77.05,1,0.0711,1,Current surge,Critical
2026-03-15 14:08:00,28.116,13.694,27.88,101.18,48.0,6.37,342.12,50.2,-87.29,1,0.0636,1,Current surge,Critical
2026-03-15 14:08:10,28.418,11.268,30.1,101.2,47.04,6.271,366.74,55.99,-82.59,1,0.0512,1,Current surge,Critical
2026-03-15 14:08:20,29.277,11.044,28.52,100.93,45.69,6.322,403.17,49.24,-78.93,1,0.0426,1,Current surge,Critical
2026-03-15 14:08:30,28.93,3.197,25.17,101.56,47.02,6.026,235.93,39.77,-81.04,1,0.0518,0,Normal,Normal
2026-03-15 14:08:40,28.372,3.733,26.16,100.89,46.18,6.874,237.9,40.79,-83.13,1,0.0432,0,Normal,Normal
2026-03-15 14:08:50,28.383,3.187,26.01,101.8,49.88,7.038,228.68,40.86,-87.74,1,0.0903,0,Normal,Normal
2026-03-15 14:09:00,28.02,2.921,29.63,101.21,47.68,6.818,226.81,43.02,-77.9,1,0.0585,0,Normal,Normal
2026-03-15 14:09:10,28.052,3.817,29.32,101.04,47.38,6.917,225.0,43.78,-83.69,1,0.0536,0,Normal,Normal
2026-03-15 14:09:20,28.379,3.295,26.46,101.52,48.84,6.349,243.83,41.49,-84.97,1,0.0652,0,Normal,Normal
2026-03-15 14:09:30,28.092,3.949,26.39,101.31,46.4,6.243,240.52,37.61,-81.19,1,0.0514,0,Normal,Normal
2026-03-15 14:09:40,28.499,3.652,27.39,101.6,46.8,6.19,223.16,41.01,-77.5,1,0.0409,0,Normal,Normal
2026-03-15 14:09:50,28.677,3.709,27.4,100.5,47.77,6.683,223.18,40.32,-80.39,1,0.0445,0,Normal,Normal
2026-03-15 14:10:00,28.284,3.774,25.81,101.51,48.89,6.532,227.36,40.6,-82.52,1,0.1,0,Normal,Normal
2026-03-15 14:10:10,28.193,3.543,26.84,101.09,48.21,6.42,215.28,42.49,-80.5,1,0.0685,0,Normal,Normal
2026-03-15 14:10:20,27.636,3.547,24.99,101.32,47.87,6.895,210.29,38.26,-80.71,1,0.0794,0,Normal,Normal
2026-03-15 14:10:30,28.342,3.838,29.04,101.26,47.61,6.576,213.94,41.73,-82.28,1,0.0415,1,Sensor value drift,Warning
2026-03-15 14:10:40,27.753,3.548,24.44,101.4,47.94,6.134,222.19,38.59,-80.49,1,0.0443,1,Sensor value drift,Warning
2026-03-15 14:10:50,27.948,3.34,24.38,99.68,47.64,6.18,217.0,37.0,-82.97,1,0.041,1,Sensor value drift,Warning
2026-03-15 14:11:00,28.339,3.672,27.65,100.63,46.09,6.648,236.15,41.38,-83.27,1,0.0659,1,Sensor value drift,Warning
2026-03-15 14:11:10,28.338,3.0,25.1,99.82,47.31,6.763,212.7,38.7,-78.44,1,0.0429,1,Sensor value drift,Warning
2026-03-15 14:11:20,27.866,3.861,26.15,99.16,45.87,6.58,213.71,40.85,-81.08,1,0.0479,1,Sensor value drift,Warning
2026-03-15 14:11:30,27.861,3.87,26.95,98.08,47.16,7.037,209.64,41.33,-79.77,1,0.0447,1,Sensor value drift,Warning
2026-03-15 14:11:40,27.751,3.839,27.82,97.54,46.38,6.931,219.08,42.02,-81.8,1,0.08,1,Sensor value drift,Warning
2026-03-15 14:11:50,27.579,3.834,26.43,97.55,49.88,6.496,220.96,42.39,-80.98,1,0.0541,1,Sensor value drift,Warning
2026-03-15 14:12:00,27.725,3.528,29.38,97.58,46.65,6.03,223.41,43.7,-80.52,1,0.0641,1,Sensor value drift,Warning
2026-03-15 14:12:10,27.409,3.528,26.66,96.89,44.86,5.844,223.66,40.16,-80.62,1,0.0538,1,Sensor value drift,Warning
2026-03-15 14:12:20,28.075,3.254,28.39,96.68,46.21,6.144,218.84,42.04,-79.87,1,0.0542,1,Sensor value drift,Warning
2026-03-15 14:12:30,27.966,4.005,26.97,95.42,46.81,6.518,215.26,40.05,-77.83,1,0.0472,1,Sensor value drift,Warning
2026-03-15 14:12:40,27.993,3.455,29.7,95.59,47.98,6.865,226.87,42.47,-74.03,1,0.0441,1,Sensor value drift,Warning
2026-03-15 14:12:50,27.515,3.67,28.03,95.57,45.03,6.34,216.15,40.37,-75.7,1,0.0464,1,Sensor value drift,Warning
2026-03-15 14:13:00,27.42,3.658,26.45,95.27,43.58,6.567,229.41,41.82,-78.76,1,0.0452,1,Sensor value drift,Warning
2026-03-15 14:13:10,27.771,3.27,27.28,93.74,46.17,6.033,211.09,40.41,-79.43,1,0.0576,1,Sensor value drift,Warning
2026-03-15 14:13:20,27.751,3.181,25.88,93.66,43.21,6.293,216.73,40.26,-82.64,1,0.0482,1,Sensor value drift,Warning
2026-03-15 14:13:30,27.665,3.632,25.81,93.22,43.98,6.315,238.79,39.45,-79.1,1,0.052,1,Sensor value drift,Warning
2026-03-15 14:13:40,27.599,3.532,24.2,92.67,43.81,5.281,239.6,38.17,-80.15,1,0.0621,1,Sensor value drift,Warning
2026-03-15 14:13:50,28.176,3.64,24.89,92.84,43.6,5.77,210.96,40.27,-76.46,1,0.0447,1,Sensor value drift,Warning
2026-03-15 14:14:00,27.767,3.946,29.13,93.19,44.03,6.183,231.16,43.34,-71.39,1,0.0483,1,Sensor value drift,Warning
2026-03-15 14:14:10,28.207,3.756,24.17,91.15,41.86,5.875,234.03,37.06,-77.35,1,0.051,1,Sensor value drift,Warning
2026-03-15 14:14:20,27.974,3.911,24.93,91.33,41.77,5.282,229.2,38.25,-80.29,1,0.0408,1,Sensor value drift,Warning
2026-03-15 14:14:30,28.081,3.856,25.71,90.84,41.46,4.766,219.71,40.74,-76.29,1,0.0425,1,Sensor value drift,Warning
2026-03-15 14:14:40,27.224,3.691,25.7,90.41,40.97,5.395,204.3,40.28,-76.79,1,0.041,1,Sensor value drift,Warning
2026-03-15 14:14:50,27.701,3.548,26.3,90.37,40.16,5.398,219.88,41.4,-71.45,1,0.0609,1,Sensor value drift,Warning
2026-03-15 14:15:00,27.37,3.895,24.95,89.54,39.77,5.005,221.91,38.67,-80.65,1,0.0453,1,Sensor value drift,Warning
2026-03-15 14:15:10,26.978,3.882,26.26,88.1,39.39,5.247,219.89,38.58,-77.74,1,0.0482,1,Sensor value drift,Warning
2026-03-15 14:15:20,27.902,4.124,27.24,87.94,37.92,5.249,221.13,41.85,-72.25,1,0.0567,1,Sensor value drift,Warning
2026-03-15 14:15:30,27.342,3.895,27.36,87.64,37.01,5.173,210.09,41.66,-79.01,1,0.0909,1,Sensor value drift,Warning
2026-03-15 14:15:40,27.09,3.898,24.99,87.33,33.52,3.971,211.95,39.32,-72.35,1,0.065,1,Sensor value drift,Warning
2026-03-15 14:15:50,27.259,3.956,26.24,87.13,34.37,4.186,195.86,38.58,-75.84,1,0.0409,1,Sensor value drift,Warning
2026-03-15 14:16:00,27.122,3.827,23.53,86.66,33.72,4.382,221.29,36.76,-70.53,1,0.0455,1,Sensor value drift,Warning
2026-03-15 14:16:10,27.129,4.464,24.1,85.58,32.8,4.524,206.1,36.97,-73.53,1,0.0408,1,Sensor value drift,Warning
2026-03-15 14:16:20,27.248,9.025,23.35,100.66,29.84,4.324,272.89,37.83,-73.63,1,0.041,1,Current surge,Warning
2026-03-15 14:16:30,27.81,8.885,24.97,100.45,28.57,4.142,274.09,39.49,-71.12,1,0.042,1,Current surge,Warning
2026-03-15 14:16:40,27.068,8.598,23.67,100.68,27.34,3.662,262.89,37.62,-72.64,1,0.0458,1,Current surge,Warning
2026-03-15 14:16:50,27.742,7.675,22.61,101.7,27.32,3.497,260.9,37.77,-76.18,1,0.0439,1,Current surge,Warning
2026-03-15 14:17:00,27.476,8.183,24.24,101.19,26.54,3.171,295.28,40.02,-73.81,1,0.0465,1,Current surge,Warning
2026-03-15 14:17:10,27.318,8.838,22.15,100.92,23.43,3.508,273.98,36.57,-76.9,1,0.0659,1,Current surge,Warning
2026-03-15 14:17:20,27.4,9.372,26.66,100.53,23.63,2.73,264.32,41.46,-74.39,1,0.064,1,Current surge,Warning
2026-03-15 14:17:30,27.157,8.751,23.75,100.89,21.32,3.165,266.63,37.1,-78.0,1,0.0465,1,Current surge,Warning
2026-03-15 14:17:40,27.516,8.374,25.99,101.54,19.68,2.758,289.45,39.12,-64.35,1,0.0562,1,Current surge,Warning
2026-03-15 14:17:50,27.277,8.983,23.7,101.49,18.26,2.492,258.59,38.91,-71.23,1,0.047,1,Current surge,Warning
2026-03-15 14:18:00,26.585,9.184,22.56,101.2,18.13,2.105,270.05,35.52,-69.33,1,0.0473,1,Current surge,Warning
2026-03-15 14:18:10,27.15,9.362,26.04,101.19,16.39,1.693,256.83,40.88,-73.23,1,0.0569,1,Current surge,Warning
2026-03-15 14:18:20,27.274,9.983,24.33,100.59,17.55,1.78,258.55,40.4,-68.94,1,0.0473,1,Current surge,Warning
2026-03-15 14:18:30,26.929,9.782,26.95,100.99,12.66,1.738,267.37,41.73,-67.98,1,0.052,1,Current surge,Warning
2026-03-15 14:18:40,27.031,8.606,23.34,101.52,13.23,0.878,280.29,37.24,-67.29,1,0.0418,1,Current surge,Warning
2026-03-15 14:18:50,26.787,4.592,23.29,101.03,10.96,1.501,184.46,35.68,-70.15,1,0.0516,0,Normal,Normal
2026-03-15 14:19:00,26.535,5.342,25.39,101.95,9.59,1.764,190.49,39.58,-66.65,1,0.0603,0,Normal,Normal
2026-03-15 14:19:10,26.461,4.544,25.31,101.78,9.73,1.518,202.95,40.53,-71.33,1,0.0729,0,Normal,Normal
2026-03-15 14:19:20,26.443,4.89,23.94,101.12,9.07,1.032,212.93,37.73,-68.19,1,0.0424,0,Normal,Normal
2026-03-15 14:19:30,27.083,5.009,28.63,101.19,11.63,1.117,189.02,43.86,-68.98,1,0.0479,0,Normal,Normal
2026-03-15 14:19:40,26.113,5.503,23.13,102.19,7.19,0.809,203.5,37.57,-72.46,1,0.05,0,Normal,Normal
2026-03-15 14:19:50,26.638,5.275,21.56,101.64,5.39,0.966,185.72,35.91,-74.24,1,0.0753,0,Normal,Normal
2026-03-15 14:20:00,26.586,4.954,21.88,101.33,6.46,1.37,191.36,35.5,-69.47,1,0.0445,0,Normal,Normal
2026-03-15 14:20:10,26.709,4.855,22.88,101.37,3.09,1.094,194.15,35.14,-69.28,1,0.0427,0,Normal,Normal
2026-03-15 14:20:20,26.215,5.361,25.49,101.36,4.95,0.868,188.17,38.98,-69.03,1,0.0423,0,Normal,Normal
2026-03-15 14:20:30,26.872,4.994,22.85,101.29,4.61,0.449,190.0,36.33,-64.9,1,0.0425,0,Normal,Normal
2026-03-15 14:20:40,26.347,5.198,25.39,100.87,5.12,0.827,182.13,40.08,-63.76,1,0.0705,0,Normal,Normal
2026-03-15 14:20:50,27.048,4.816,23.61,101.14,4.94,0.0,198.15,37.59,-65.75,1,0.0545,0,Normal,Normal
2026-03-15 14:21:00,26.5,5.314,24.49,100.73,2.82,0.375,185.31,39.79,-65.81,1,0.0482,0,Normal,Normal
2026-03-15 14:21:10,26.637,5.306,23.36,101.59,2.92,0.624,186.95,37.7,-67.65,1,0.0702,0,Normal,Normal
2026-03-15 14:21:20,26.645,4.884,23.26,101.25,1.89,0.639,185.79,36.66,-66.74,1,0.0453,0,Normal,Normal
2026-03-15 14:21:30,26.697,5.463,23.73,101.61,1.19,0.579,186.02,36.76,-65.83,1,0.0794,0,Normal,Normal
2026-03-15 14:21:40,26.614,5.352,21.67,100.79,2.67,0.415,192.84,34.94,-66.56,1,0.0613,0,Normal,Normal
2026-03-15 14:21:50,26.454,5.407,21.59,101.87,0.56,0.214,192.02,35.79,-65.06,1,0.0403,0,Normal,Normal
2026-03-15 14:22:00,26.664,5.134,22.86,101.82,1.39,0.444,211.53,36.42,-66.57,1,0.0493,0,Normal,Normal
2026-03-15 14:22:10,26.68,5.281,25.16,100.67,0.52,0.0,189.29,37.87,-68.07,1,0.0677,0,Normal,Normal
2026-03-15 14:22:20,26.291,5.258,19.85,101.1,2.21,0.0,190.33,35.06,-65.67,1,0.0476,0,Normal,Normal
2026-03-15 14:22:30,26.628,5.21,19.03,101.14,3.57,0.212,201.72,33.21,-67.05,1,0.1053,0,Normal,Normal
2026-03-15 14:22:40,26.837,5.295,21.58,100.72,0.0,0.233,192.73,35.91,-61.87,1,0.0681,0,Normal,Normal
2026-03-15 14:22:50,26.672,5.571,23.44,101.2,0.0,0.0,190.05,36.45,-67.4,1,0.061,0,Normal,Normal
2026-03-15 14:23:00,26.72,5.529,21.88,101.52,0.9,0.302,189.7,34.63,-58.0,1,0.0422,0,Normal,Normal
2026-03-15 14:23:10,26.472,4.969,19.95,101.11,0.97,0.4,192.25,33.76,-60.99,1,0.0417,0,Normal,Normal
2026-03-15 14:23:20,26.12,5.514,21.74,100.61,1.13,0.09,198.43,33.3,-69.22,1,0.0554,0,Normal,Normal
2026-03-15 14:23:30,26.139,5.568,18.93,101.61,0.25,0.938,201.34,33.86,-61.97,1,0.0562,0,Normal,Normal
2026-03-15 14:23:40,26.458,5.235,22.38,100.98,0.48,0.0,198.78,35.53,-66.02,1,0.0424,0,Normal,Normal
2026-03-15 14:23:50,26.626,5.403,20.88,101.03,1.09,0.0,194.21,34.56,-63.87,1,0.0689,0,Normal,Normal
2026-03-15 14:24:00,27.16,5.401,21.13,101.97,1.84,0.0,192.12,35.64,-60.76,1,0.071,0,Normal,Normal
2026-03-15 14:24:10,26.6,5.067,21.8,101.46,0.0,0.047,206.7,35.53,-67.75,1,0.0481,0,Normal,Normal
2026-03-15 14:24:20,25.936,5.186,21.38,100.98,0.05,0.0,186.57,33.97,-66.75,1,0.054,0,Normal,Normal
2026-03-15 14:24:30,26.038,5.471,20.16,100.82,0.71,0.0,195.92,35.97,-63.04,1,0.0507,0,Normal,Normal
2026-03-15 14:24:40,26.934,5.161,22.43,101.69,0.0,0.0,199.69,34.59,-66.34,1,0.0405,0,Normal,Normal
2026-03-15 14:24:50,26.168,5.53,21.99,101.66,2.45,0.017,198.63,33.3,-71.87,1,0.0414,0,Normal,Normal
2026-03-15 14:25:00,26.229,5.613,18.04,101.1,0.0,0.477,184.15,33.09,-62.26,1,0.0627,0,Normal,Normal
2026-03-15 14:25:10,25.909,5.574,20.26,100.8,0.27,0.814,212.75,32.51,-64.01,1,0.0501,0,Normal,Normal
2026-03-15 14:25:20,26.649,5.784,18.89,101.45,0.96,0.507,203.58,34.39,-65.15,1,0.0542,0,Normal,Normal
2026-03-15 14:25:30,26.312,5.267,18.52,101.54,0.0,0.0,198.67,32.97,-64.68,1,0.0542,0,Normal,Normal
2026-03-15 14:25:40,25.912,5.335,21.13,101.15,0.0,0.0,182.13,35.47,-58.32,1,0.0472,0,Normal,Normal
2026-03-15 14:25:50,25.829,5.372,19.6,100.86,0.0,0.0,198.0,32.92,-61.98,1,0.0404,0,Normal,Normal
2026-03-15 14:26:00,26.203,5.277,19.93,101.31,1.44,0.652,171.66,32.93,-67.59,1,0.0632,0,Normal,Normal
2026-03-15 14:26:10,26.107,5.428,19.04,101.48,0.0,0.0,188.28,32.59,-64.63,1,0.0495,0,Normal,Normal
2026-03-15 14:26:20,26.327,4.866,20.51,101.11,0.0,0.0,190.98,33.46,-61.44,1,0.0422,0,Normal,Normal
2026-03-15 14:26:30,26.225,5.345,20.88,101.4,1.27,0.0,186.52,36.33,-61.51,1,0.0403,0,Normal,Normal
2026-03-15 14:26:40,25.966,4.95,23.02,101.44,0.0,0.285,202.77,36.13,-69.52,1,0.0403,0,Normal,Normal
2026-03-15 14:26:50,25.866,5.054,19.4,101.76,0.0,0.26,190.93,34.01,-66.54,1,0.0405,0,Normal,Normal
2026-03-15 14:27:00,25.966,5.478,17.41,101.13,0.31,0.0,182.4,32.61,-68.46,1,0.0425,0,Normal,Normal
2026-03-15 14:27:10,25.833,5.246,18.73,100.84,1.04,0.255,196.11,31.68,-63.16,1,0.0439,0,Normal,Normal
2026-03-15 14:27:20,25.944,5.47,20.67,101.27,2.97,0.0,193.27,35.12,-67.84,1,0.0443,0,Normal,Normal
2026-03-15 14:27:30,25.973,5.241,18.14,101.98,1.09,0.05,176.05,31.07,-60.49,1,0.055,0,Normal,Normal
2026-03-15 14:27:40,25.684,5.573,16.99,100.59,1.49,0.314,200.77,30.78,-61.31,1,0.0441,0,Normal,Normal
2026-03-15 14:27:50,26.128,5.237,17.99,100.37,0.0,0.0,190.87,31.44,-65.98,1,0.0568,0,Normal,Normal
2026-03-15 14:28:00,25.813,4.808,18.22,101.26,0.0,0.0,197.94,31.39,-69.09,1,0.066,0,Normal,Normal
2026-03-15 14:28:10,25.657,5.354,17.31,101.15,0.15,0.0,193.34,31.5,-67.72,1,0.0473,0,Normal,Normal
2026-03-15 14:28:20,25.79,4.755,19.17,101.22,0.2,0.566,187.36,31.71,-64.07,1,0.059,0,Normal,Normal
2026-03-15 14:28:30,25.955,4.934,18.63,101.2,0.0,0.0,193.44,33.75,-62.93,1,0.0416,0,Normal,Normal
2026-03-15 14:28:40,25.893,5.077,19.84,101.7,0.0,0.093,189.24,32.54,-65.68,1,0.046,0,Normal,Normal
2026-03-15 14:28:50,25.982,5.046,17.9,101.28,0.54,0.219,192.37,30.38,-73.35,1,0.0572,0,Normal,Normal
2026-03-15 14:29:00,26.111,5.162,19.31,101.63,0.49,0.537,194.85,33.01,-63.69,1,0.0803,0,Normal,Normal
2026-03-15 14:29:10,26.221,5.038,17.64,100.31,0.66,0.0,191.21,31.2,-71.88,1,0.0543,0,Normal,Normal
2026-03-15 14:29:20,25.902,4.947,16.6,101.09,0.4,0.0,193.76,31.02,-72.27,1,0.0468,0,Normal,Normal
2026-03-15 14:29:30,25.483,5.684,17.39,100.97,0.0,0.067,187.06,31.49,-63.02,1,0.0456,0,Normal,Normal
2026-03-15 14:29:40,25.711,5.129,15.68,100.39,0.0,0.455,185.46,27.73,-69.67,1,0.0475,0,Normal,Normal
2026-03-15 14:29:50,25.478,4.741,20.7,101.34,0.0,0.0,196.23,35.89,-65.47,1,0.0559,0,Normal,Normal
2026-03-15 14:30:00,26.277,5.208,18.14,101.26,2.18,0.0,201.63,31.81,-66.06,1,0.0459,0,Normal,Normal
2026-03-15 14:30:10,26.353,5.017,16.65,101.11,0.05,0.0,185.89,30.94,-68.87,1,0.0495,0,Normal,Normal
2026-03-15 14:30:20,25.94,5.078,17.18,101.25,0.0,0.0,192.55,33.83,-65.96,1,0.0613,0,Normal,Normal
2026-03-15 14:30:30,25.992,5.476,13.99,101.34,0.0,0.307,178.75,29.53,-68.36,1,0.0441,0,Normal,Normal
2026-03-15 14:30:40,25.799,5.187,19.72,101.71,3.55,0.0,204.46,33.98,-66.7,1,0.0589,0,Normal,Normal
2026-03-15 14:30:50,25.823,5.011,19.49,101.56,0.0,0.0,199.19,31.84,-68.14,1,0.0615,0,Normal,Normal
2026-03-15 14:31:00,25.223,5.411,17.56,101.43,0.0,0.0,185.35,29.93,-68.62,1,0.0699,0,Normal,Normal
2026-03-15 14:31:10,25.67,5.587,17.79,102.22,0.52,0.033,187.2,33.18,-69.24,1,0.0404,0,Normal,Normal
2026-03-15 14:31:20,25.418,5.433,15.32,101.02,0.74,0.0,199.69,28.84,-70.11,1,0.0418,0,Normal,Normal
2026-03-15 14:31:30,25.757,4.686,15.34,100.76,1.17,0.0,191.42,29.14,-65.01,1,0.0865,0,Normal,Normal
2026-03-15 14:31:40,25.646,5.02,14.5,101.77,2.19,0.475,195.08,27.13,-69.09,1,0.042,0,Normal,Normal
2026-03-15 14:31:50,26.239,5.311,16.72,102.05,0.63,0.541,182.13,31.25,-71.28,1,0.05,0,Normal,Normal
2026-03-15 14:32:00,25.921,5.238,18.47,101.05,0.0,0.0,194.63,33.84,-69.28,1,0.0427,0,Normal,Normal
2026-03-15 14:32:10,25.722,5.217,16.21,101.85,0.0,0.117,188.83,32.04,-69.81,1,0.0651,0,Normal,Normal
2026-03-15 14:32:20,25.549,5.054,17.23,101.09,0.39,0.0,192.4,30.69,-69.58,1,0.0415,0,Normal,Normal
2026-03-15 14:32:30,26.123,9.947,18.09,101.53,2.5,0.0,238.29,32.86,-66.43,1,0.0413,1,Current surge,Warning
2026-03-15 14:32:40,25.604,9.395,14.1,101.56,0.0,0.111,251.2,27.98,-70.64,1,0.0505,1,Current surge,Warning
2026-03-15 14:32:50,25.705,9.98,19.22,101.05,1.46,0.0,280.72,34.28,-70.07,1,0.0441,1,Current surge,Warning
2026-03-15 14:33:00,25.611,8.923,18.1,102.04,0.23,0.083,235.61,32.1,-67.19,1,0.0563,1,Current surge,Warning
2026-03-15 14:33:10,25.47,10.236,17.06,102.08,1.02,0.238,276.97,30.07,-67.98,1,0.0573,1,Current surge,Warning
2026-03-15 14:33:20,25.595,9.063,17.59,100.89,0.0,0.105,265.07,33.17,-71.57,1,0.0532,1,Current surge,Warning
2026-03-15 14:33:30,24.989,8.746,17.58,101.38,0.0,0.0,255.55,31.7,-66.8,1,0.067,1,Current surge,Warning
2026-03-15 14:33:40,25.107,8.906,16.48,101.67,0.91,0.0,282.3,30.06,-67.17,1,0.0579,1,Current surge,Warning
2026-03-15 14:33:50,25.67,8.148,18.1,100.55,0.8,0.0,265.54,32.32,-67.58,1,0.0431,1,Current surge,Warning
2026-03-15 14:34:00,26.03,8.792,15.2,101.31,1.18,0.0,256.57,28.32,-69.4,1,0.0412,1,Current surge,Warning
2026-03-15 14:34:10,25.658,9.439,16.49,100.64,0.0,0.688,247.64,30.99,-71.03,1,0.0607,1,Current surge,Warning
2026-03-15 14:34:20,25.333,10.427,17.7,101.57,0.0,0.0,251.53,31.47,-73.94,1,0.0602,1,Current surge,Warning
2026-03-15 14:34:30,25.111,9.484,11.61,101.33,0.0,0.0,275.77,24.65,-75.08,1,0.0685,1,Current surge,Warning
2026-03-15 14:34:40,25.774,9.485,16.22,101.15,1.0,0.114,276.23,33.07,-71.4,1,0.0434,1,Current surge,Warning
2026-03-15 14:34:50,25.364,10.056,16.57,100.67,0.52,0.0,252.61,29.37,-71.32,1,0.0438,1,Current surge,Warning
2026-03-15 14:35:00,25.723,5.491,12.85,101.06,0.0,0.0,190.13,27.27,-72.36,1,0.0529,0,Normal,Normal
2026-03-15 14:35:10,25.643,5.472,15.76,101.51,0.0,0.495,183.28,29.83,-72.13,1,0.0425,0,Normal,Normal
2026-03-15 14:35:20,25.666,5.862,14.07,101.28,0.0,0.194,193.77,26.84,-67.93,1,0.0453,0,Normal,Normal
2026-03-15 14:35:30,25.53,5.811,15.78,101.78,0.0,0.0,191.54,29.38,-67.36,1,0.0651,0,Normal,Normal
2026-03-15 14:35:40,25.631,5.472,14.97,101.75,0.0,0.0,194.03,27.36,-75.79,1,0.0461,0,Normal,Normal
2026-03-15 14:35:50,25.478,5.441,13.62,101.73,0.0,0.0,202.14,30.1,-71.83,1,0.0402,0,Normal,Normal
2026-03-15 14:36:00,25.32,5.57,16.63,101.08,0.0,0.308,188.17,30.31,-72.76,1,0.0558,0,Normal,Normal
2026-03-15 14:36:10,25.22,5.154,14.27,101.42,0.0,0.0,190.89,28.05,-71.12,1,0.043,0,Normal,Normal
2026-03-15 14:36:20,24.791,5.157,15.23,100.91,0.0,0.0,182.12,31.56,-68.18,1,0.0433,0,Normal,Normal
2026-03-15 14:36:30,25.451,5.468,16.72,100.8,2.44,0.0,179.99,29.73,-67.04,1,0.0403,0,Normal,Normal
2026-03-15 14:36:40,25.959,5.086,13.31,101.77,1.51,0.0,189.95,28.86,-71.68,1,0.0529,0,Normal,Normal
2026-03-15 14:36:50,25.721,5.448,14.62,100.83,0.0,0.766,190.83,29.34,-73.95,1,0.0524,0,Normal,Normal
2026-03-15 14:37:00,25.57,5.339,13.8,100.78,0.34,0.0,195.52,25.43,-75.39,1,0.0415,0,Normal,Normal
2026-03-15 14:37:10,25.28,5.086,14.07,101.34,0.51,0.0,194.61,27.62,-67.07,1,0.0408,0,Normal,Normal
2026-03-15 14:37:20,25.799,5.306,17.64,101.19,1.44,0.092,192.04,32.17,-77.07,1,0.0501,0,Normal,Normal
2026-03-15 14:37:30,25.464,5.626,15.03,101.23,0.0,0.0,203.49,29.07,-72.53,1,0.0628,0,Normal,Normal
2026-03-15 14:37:40,25.973,5.32,14.75,102.22,1.32,0.0,187.51,28.79,-76.03,1,0.0861,0,Normal,Normal
2026-03-15 14:37:50,25.206,5.321,15.0,100.9,0.0,0.149,188.49,28.27,-79.48,1,0.0412,0,Normal,Normal
2026-03-15 14:38:00,25.276,5.382,14.79,101.5,0.0,0.536,192.27,27.94,-70.55,1,0.0585,0,Normal,Normal
2026-03-15 14:38:10,25.248,5.414,11.35,101.33,0.88,0.27,180.54,24.98,-81.16,1,0.0432,0,Normal,Normal
2026-03-15 14:38:20,25.059,5.217,17.47,101.7,1.56,0.519,195.51,33.82,-82.61,1,0.0405,0,Normal,Normal
2026-03-15 14:38:30,25.224,5.387,11.77,100.99,3.12,0.0,190.58,24.68,-74.29,1,0.0461,0,Normal,Normal
2026-03-15 14:38:40,25.538,5.037,16.5,101.21,0.0,0.112,190.73,29.92,-77.53,1,0.0528,0,Normal,Normal
2026-03-15 14:38:50,25.295,5.1,14.77,101.35,0.85,0.056,194.35,28.8,-75.56,1,0.0538,0,Normal,Normal
2026-03-15 14:39:00,24.5,5.132,14.05,100.73,0.0,0.124,193.01,26.3,-77.1,1,0.0408,0,Normal,Normal
2026-03-15 14:39:10,25.836,5.417,13.27,100.58,0.95,0.483,193.3,27.78,-75.5,1,0.0794,0,Normal,Normal
2026-03-15 14:39:20,25.011,5.34,17.58,101.29,0.0,0.0,186.89,30.03,-78.42,1,0.0408,0,Normal,Normal
2026-03-15 14:39:30,25.696,5.266,14.52,101.84,0.0,0.0,202.56,27.21,-75.05,1,0.0437,0,Normal,Normal
2026-03-15 14:39:40,25.532,5.472,13.58,101.16,0.0,0.188,178.31,26.22,-75.19,1,0.0485,0,Normal,Normal
2026-03-15 14:39:50,26.162,8.73,12.7,101.21,0.11,0.0,240.64,24.73,-73.55,1,0.0837,1,Current surge,Warning
2026-03-15 14:40:00,25.829,9.174,12.46,101.76,0.0,0.0,259.77,27.99,-74.63,1,0.1111,1,Current surge,Warning
2026-03-15 14:40:10,25.383,8.879,13.47,101.24,0.8,0.0,248.06,28.1,-78.96,1,0.04,1,Current surge,Warning
2026-03-15 14:40:20,25.328,8.623,11.95,101.61,1.24,0.0,244.12,27.05,-76.77,1,0.0438,1,Current surge,Warning
2026-03-15 14:40:30,25.995,8.933,14.31,102.37,0.73,0.372,259.72,29.31,-77.82,1,0.0504,1,Current surge,Warning
2026-03-15 14:40:40,25.106,9.442,12.27,101.07,1.95,0.0,264.08,26.07,-78.02,1,0.0578,1,Current surge,Warning
2026-03-15 14:40:50,25.611,8.763,14.7,101.23,0.51,0.0,264.41,28.66,-83.46,1,0.056,1,Current surge,Warning
2026-03-15 14:41:00,25.52,9.323,14.62,101.46,0.0,0.104,282.97,29.83,-77.44,1,0.0443,1,Current surge,Warning
2026-03-15 14:41:10,25.462,9.624,13.01,101.9,1.65,0.476,250.09,28.98,-78.07,1,0.0433,1,Current surge,Warning
2026-03-15 14:41:20,25.677,9.697,13.92,101.25,0.0,0.0,255.04,26.41,-74.64,1,0.0402,1,Current surge,Warning
2026-03-15 14:41:30,25.634,10.349,13.95,101.59,1.11,0.33,263.64,30.97,-76.8,1,0.0678,1,Current surge,Warning
2026-03-15 14:41:40,25.721,8.733,10.76,101.44,1.9,0.247,262.46,23.19,-80.05,1,0.0471,1,Current surge,Warning
2026-03-15 14:41:50,25.633,10.326,15.51,101.27,0.56,0.045,264.54,28.96,-80.99,1,0.07,1,Current surge,Warning
2026-03-15 14:42:00,25.723,8.258,12.49,101.13,0.0,0.0,263.63,26.58,-83.89,1,0.0459,1,Current surge,Warning
2026-03-15 14:42:10,25.633,9.743,13.87,101.06,0.0,0.0,277.01,28.07,-75.61,1,0.0612,1,Current surge,Warning
2026-03-15 14:42:20,25.415,5.472,13.87,102.53,1.6,0.04,183.43,30.23,-84.44,1,0.0411,0,Normal,Normal
2026-03-15 14:42:30,25.622,5.325,9.02,100.68,0.0,0.0,201.25,24.23,-87.03,1,0.065,0,Normal,Normal
2026-03-15 14:42:40,25.414,5.076,11.73,100.72,0.11,0.324,184.3,26.22,-78.9,1,0.0732,0,Normal,Normal
2026-03-15 14:42:50,25.403,5.19,13.93,101.4,0.93,0.264,177.99,29.18,-81.52,1,0.0446,0,Normal,Normal
2026-03-15 14:43:00,25.545,5.452,12.73,101.38,0.86,0.0,194.22,27.14,-81.15,1,0.0423,0,Normal,Normal
2026-03-15 14:43:10,25.619,5.457,13.63,101.47,0.36,0.0,186.44,26.82,-81.55,1,0.0433,0,Normal,Normal
2026-03-15 14:43:20,25.674,5.466,12.7,100.95,0.0,0.182,177.37,27.29,-85.45,1,0.0703,0,Normal,Normal
2026-03-15 14:43:30,25.948,5.117,14.38,100.89,0.0,0.0,192.05,28.46,-81.32,1,0.0451,0,Normal,Normal
2026-03-15 14:43:40,25.533,5.067,12.67,101.19,1.05,0.0,179.57,25.66,-83.55,1,0.0439,0,Normal,Normal
2026-03-15 14:43:50,25.751,5.348,14.6,101.66,0.69,0.0,174.11,30.12,-84.12,1,0.0979,0,Normal,Normal
2026-03-15 14:44:00,25.738,5.491,10.97,100.89,0.0,0.0,195.44,24.9,-78.61,1,0.0566,0,Normal,Normal
2026-03-15 14:44:10,25.53,5.3,12.21,101.36,1.33,0.413,201.93,24.87,-80.65,1,0.0668,0,Normal,Normal
2026-03-15 14:44:20,25.745,5.669,11.49,101.1,0.0,0.002,186.86,24.33,-90.06,1,0.0606,0,Normal,Normal
2026-03-15 14:44:30,26.035,5.307,12.93,100.69,0.0,0.0,199.72,27.57,-82.64,1,0.047,0,Normal,Normal
2026-03-15 14:44:40,25.801,5.299,11.9,100.79,0.0,0.0,196.44,27.16,-80.22,1,0.0698,0,Normal,Normal
2026-03-15 14:44:50,25.824,5.466,11.95,101.66,0.0,0.198,195.36,26.53,-87.28,1,0.0533,0,Normal,Normal
2026-03-15 14:45:00,25.556,5.603,11.22,101.06,0.0,0.0,188.67,25.8,-86.25,1,0.0561,0,Normal,Normal
2026-03-15 14:45:10,26.37,4.961,11.56,101.8,1.52,0.046,185.26,24.59,-80.77,1,0.0459,0,Normal,Normal
2026-03-15 14:45:20,25.597,5.019,12.21,101.29,0.0,0.0,192.78,26.32,-85.25,1,0.0996,0,Normal,Normal
2026-03-15 14:45:30,25.304,5.22,9.17,100.75,0.27,0.299,195.22,22.78,-89.92,1,0.0689,0,Normal,Normal
2026-03-15 14:45:40,26.074,6.088,8.73,101.49,0.0,0.0,179.95,22.5,-80.49,1,0.0424,0,Normal,Normal
2026-03-15 14:45:50,25.795,5.233,12.25,100.98,0.0,0.0,187.44,26.12,-84.71,1,0.0434,0,Normal,Normal
2026-03-15 14:46:00,25.751,5.268,7.99,101.15,0.0,0.177,188.52,22.0,-83.15,1,0.0607,1,Sensor value drift,Critical
2026-03-15 14:46:10,25.691,5.452,12.28,100.94,0.0,0.745,187.78,26.74,-84.5,1,0.0404,1,Sensor value drift,Critical
2026-03-15 14:46:20,26.43,5.542,12.43,99.16,0.0,0.319,184.64,24.34,-81.07,1,0.0461,1,Sensor value drift,Critical
2026-03-15 14:46:30,25.988,5.34,14.23,98.69,0.71,0.0,179.39,25.35,-87.81,1,0.0514,1,Sensor value drift,Critical
2026-03-15 14:46:40,26.061,5.588,12.84,97.63,0.34,0.011,187.62,24.13,-82.59,1,0.0434,1,Sensor value drift,Critical
2026-03-15 14:46:50,25.959,4.999,16.63,96.77,0.0,0.0,187.83,29.49,-80.69,1,0.071,1,Sensor value drift,Critical
2026-03-15 14:47:00,26.005,5.105,15.97,96.25,1.38,0.0,186.28,27.74,-88.75,1,0.073,1,Sensor value drift,Critical
2026-03-15 14:47:10,26.358,5.587,12.86,95.3,0.34,0.0,195.26,22.0,-86.98,1,0.0871,1,Sensor value drift,Critical
2026-03-15 14:47:20,25.878,5.299,15.13,94.72,0.33,0.0,179.12,26.33,-79.87,1,0.0424,1,Sensor value drift,Critical
2026-03-15 14:47:30,25.531,4.981,18.28,94.28,0.09,0.242,192.32,28.26,-81.6,1,0.0412,1,Sensor value drift,Critical
2026-03-15 14:47:40,26.243,4.965,15.39,92.91,0.0,0.0,175.73,24.48,-87.34,1,0.0522,1,Sensor value drift,Critical
2026-03-15 14:47:50,26.147,5.093,16.79,91.81,0.38,0.483,189.56,25.65,-88.56,1,0.0636,1,Sensor value drift,Critical
2026-03-15 14:48:00,26.046,5.296,19.41,91.85,0.7,0.28,172.05,26.52,-84.1,1,0.0452,1,Sensor value drift,Critical
2026-03-15 14:48:10,26.171,5.412,16.93,90.48,0.0,0.026,182.98,25.4,-83.98,1,0.0441,1,Sensor value drift,Critical
2026-03-15 14:48:20,25.934,5.212,19.86,90.7,0.0,0.02,189.93,26.17,-85.16,1,0.0509,1,Sensor value drift,Critical
2026-03-15 14:48:30,26.068,5.39,17.25,89.0,0.0,0.0,178.72,24.22,-77.99,1,0.0499,1,Sensor value drift,Critical
2026-03-15 14:48:40,26.038,5.184,14.72,88.3,0.48,0.118,178.78,22.0,-83.06,1,0.0498,1,Sensor value drift,Critical
2026-03-15 14:48:50,25.917,5.599,21.33,86.62,1.62,0.407,197.99,28.77,-87.52,1,0.0478,1,Sensor value drift,Critical
2026-03-15 14:49:00,26.467,5.93,20.59,86.27,0.0,0.0,177.39,26.71,-81.82,1,0.0595,1,Sensor value drift,Critical
2026-03-15 14:49:10,25.704,5.193,21.13,85.01,0.0,0.0,189.21,27.61,-84.81,1,0.0543,1,Sensor value drift,Critical
2026-03-15 14:49:20,26.853,5.411,19.18,85.23,0.0,0.279,201.99,22.93,-87.0,1,0.05,1,Sensor value drift,Critical
2026-03-15 14:49:30,26.425,5.39,19.74,84.28,0.0,0.149,191.33,24.36,-82.24,1,0.0591,1,Sensor value drift,Critical
2026-03-15 14:49:40,25.646,5.324,23.43,83.75,0.0,0.0,190.44,28.38,-80.49,1,0.0446,1,Sensor value drift,Critical
2026-03-15 14:49:50,26.129,5.451,22.52,83.01,1.24,0.0,184.52,27.88,-84.24,1,0.0734,1,Sensor value drift,Critical
2026-03-15 14:50:00,26.164,5.407,22.42,82.26,0.0,0.0,184.57,24.49,-87.78,1,0.0473,1,Sensor value drift,Critical
2026-03-15 14:50:10,26.35,5.168,23.38,80.98,0.89,0.0,188.93,25.36,-84.47,1,0.046,1,Sensor value drift,Critical
2026-03-15 14:50:20,25.954,5.614,25.76,80.29,0.0,0.0,174.33,28.92,-87.63,1,0.0517,1,Sensor value drift,Critical
2026-03-15 14:50:30,26.278,5.333,25.04,79.68,0.0,0.0,198.43,29.08,-84.02,1,0.0447,1,Sensor value drift,Critical
2026-03-15 14:50:40,26.251,5.185,23.7,78.32,0.1,0.0,192.02,25.7,-82.38,1,0.0447,1,Sensor value drift,Critical
2026-03-15 14:50:50,26.084,5.89,22.76,77.45,2.55,0.0,176.41,22.65,-90.51,1,0.0412,1,Sensor value drift,Critical
2026-03-15 14:51:00,26.061,5.249,26.2,77.64,0.27,0.001,198.64,25.67,-82.36,1,0.0558,1,Sensor value drift,Critical
2026-03-15 14:51:10,26.619,5.339,24.39,75.49,0.0,0.147,195.91,24.89,-85.56,1,0.0766,1,Sensor value drift,Critical
2026-03-15 14:51:20,25.853,5.317,24.46,75.6,0.0,0.0,194.04,24.79,-86.04,1,0.0573,1,Sensor value drift,Critical
2026-03-15 14:51:30,26.525,5.238,28.66,74.73,0.83,0.512,208.47,27.86,-88.25,1,0.0526,1,Sensor value drift,Critical
2026-03-15 14:51:40,26.64,5.38,28.45,73.34,1.6,0.295,191.4,26.18,-87.4,1,0.0587,1,Sensor value drift,Critical
2026-03-15 14:51:50,26.355,5.053,28.18,72.71,1.41,0.0,202.94,28.08,-78.79,1,0.0909,1,Sensor value drift,Critical
2026-03-15 14:52:00,26.456,5.41,26.21,72.03,1.25,0.326,190.97,23.93,-81.44,1,0.0462,1,Sensor value drift,Critical
2026-03-15 14:52:10,26.809,4.817,31.21,71.45,2.55,0.369,194.46,29.54,-80.0,1,0.0484,1,Sensor value drift,Critical
2026-03-15 14:52:20,26.268,4.928,30.53,70.69,0.63,0.021,186.5,25.66,-86.35,1,0.0451,1,Sensor value drift,Critical
2026-03-15 14:52:30,26.32,5.704,29.0,69.73,2.48,0.0,175.94,27.26,-78.26,1,0.0403,1,Sensor value drift,Critical
2026-03-15 14:52:40,26.372,4.928,11.52,101.38,0.0,0.213,176.52,24.7,-83.74,1,0.0464,0,Normal,Normal
2026-03-15 14:52:50,26.89,4.746,12.44,101.56,0.63,0.229,190.57,28.05,-85.78,1,0.0411,0,Normal,Normal
2026-03-15 14:53:00,26.949,4.921,11.63,101.55,0.0,0.0,189.48,26.37,-86.52,1,0.0693,0,Normal,Normal
2026-03-15 14:53:10,26.163,5.657,15.7,101.91,1.76,0.0,182.08,27.98,-86.3,1,0.0589,0,Normal,Normal
2026-03-15 14:53:20,26.904,4.766,11.83,101.72,2.25,0.281,189.46,26.12,-85.26,1,0.0454,0,Normal,Normal
2026-03-15 14:53:30,26.869,4.966,10.83,101.31,2.68,0.263,195.45,26.82,-85.56,1,0.046,0,Normal,Normal
2026-03-15 14:53:40,27.11,4.83,14.85,101.56,2.88,0.234,202.37,28.13,-80.02,1,0.0526,0,Normal,Normal
2026-03-15 14:53:50,26.781,5.115,11.64,101.47,1.99,0.39,186.72,27.63,-74.78,1,0.064,0,Normal,Normal
2026-03-15 14:54:00,26.673,5.063,13.71,101.37,3.19,0.077,195.64,28.17,-83.17,1,0.059,0,Normal,Normal
2026-03-15 14:54:10,27.051,5.038,13.58,100.95,1.98,0.359,206.67,29.19,-82.96,1,0.0404,0,Normal,Normal
2026-03-15 14:54:20,26.939,5.608,12.51,101.36,5.8,0.751,199.04,26.7,-87.69,1,0.0631,0,Normal,Normal
2026-03-15 14:54:30,27.424,4.828,11.18,100.47,4.23,0.499,187.19,25.03,-84.72,1,0.072,0,Normal,Normal
2026-03-15 14:54:40,27.06,5.085,12.6,101.73,4.48,0.1,194.5,28.81,-86.64,1,0.0414,0,Normal,Normal
2026-03-15 14:54:50,26.84,5.176,10.96,101.44,7.48,0.59,195.54,25.82,-79.16,1,0.062,0,Normal,Normal
2026-03-15 14:55:00,26.464,4.825,12.71,101.24,4.65,0.456,199.57,26.43,-75.63,1,0.0443,0,Normal,Normal
2026-03-15 14:55:10,26.664,5.169,13.95,101.13,5.4,1.007,195.23,28.46,-84.49,1,0.0429,0,Normal,Normal
2026-03-15 14:55:20,26.429,4.922,15.41,101.56,6.09,1.115,199.27,28.73,-81.67,1,0.0518,0,Normal,Normal
2026-03-15 14:55:30,26.817,5.089,11.24,102.04,8.05,0.52,204.09,25.37,-81.62,1,0.0521,0,Normal,Normal
2026-03-15 14:55:40,27.182,4.939,12.54,101.45,9.42,1.472,188.08,27.97,-78.64,1,0.0495,0,Normal,Normal
2026-03-15 14:55:50,26.925,4.422,12.17,102.06,10.63,0.93,186.54,25.98,-80.18,1,0.0748,0,Normal,Normal
2026-03-15 14:56:00,27.255,5.228,13.41,101.61,13.72,1.986,202.63,26.36,-73.96,1,0.0441,0,Normal,Normal
2026-03-15 14:56:10,27.072,5.383,10.77,100.98,8.89,1.553,197.23,23.61,-82.35,1,0.0538,0,Normal,Normal
2026-03-15 14:56:20,26.873,4.783,11.7,101.5,13.34,1.271,206.1,25.79,-77.2,1,0.0479,0,Normal,Normal
2026-03-15 14:56:30,27.042,4.562,10.6,101.46,13.02,1.454,208.68,23.64,-81.48,1,0.071,0,Normal,Normal
2026-03-15 14:56:40,27.18,5.121,11.03,100.98,14.11,2.128,186.0,23.31,-84.29,1,0.0421,0,Normal,Normal
2026-03-15 14:56:50,27.103,5.172,12.25,101.14,15.26,2.03,194.97,24.81,-75.0,1,0.0413,0,Normal,Normal
2026-03-15 14:57:00,27.129,4.611,15.8,101.13,16.15,2.301,201.57,31.21,-73.45,1,0.1139,0,Normal,Normal
2026-03-15 14:57:10,26.876,4.551,13.86,101.34,20.54,3.072,195.31,27.69,-77.62,1,0.0529,0,Normal,Normal
2026-03-15 14:57:20,27.0,4.536,13.49,101.19,20.84,2.441,200.68,27.56,-80.53,1,0.0764,0,Normal,Normal
2026-03-15 14:57:30,27.83,4.087,15.47,101.41,21.2,2.888,195.21,28.31,-81.84,1,0.0479,0,Normal,Normal
2026-03-15 14:57:40,27.544,4.382,14.08,101.47,24.16,3.549,202.93,27.38,-76.52,1,0.0539,0,Normal,Normal
2026-03-15 14:57:50,26.756,4.832,14.27,101.81,22.1,3.334,199.71,27.54,-84.36,1,0.0578,0,Normal,Normal
2026-03-15 14:58:00,26.512,4.309,12.9,101.52,23.7,2.863,211.2,26.57,-75.14,1,0.1042,0,Normal,Normal
2026-03-15 14:58:10,27.268,4.04,12.71,101.02,24.06,3.789,216.67,24.72,-78.79,1,0.0418,0,Normal,Normal
2026-03-15 14:58:20,27.536,4.373,11.76,102.14,27.19,3.389,213.71,27.07,-78.62,1,0.042,0,Normal,Normal
2026-03-15 14:58:30,27.135,4.032,12.88,101.02,29.56,4.469,232.19,26.86,-80.3,1,0.0511,0,Normal,Normal
2026-03-15 14:58:40,27.621,4.133,13.42,101.14,30.79,3.865,219.87,27.66,-81.16,1,0.0409,0,Normal,Normal
2026-03-15 14:58:50,27.355,3.785,14.42,101.54,32.11,5.363,220.49,29.52,-76.8,1,0.0595,0,Normal,Normal
2026-03-15 14:59:00,27.312,3.798,13.91,102.46,31.45,5.002,213.51,28.91,-75.81,1,0.1103,0,Normal,Normal
2026-03-15 14:59:10,27.611,4.198,13.48,101.46,35.27,4.367,212.56,26.79,-76.44,1,0.065,0,Normal,Normal
2026-03-15 14:59:20,27.247,4.001,12.72,101.04,35.7,4.803,226.01,27.44,-72.65,1,0.0446,0,Normal,Normal
2026-03-15 14:59:30,27.344,3.739,14.75,100.64,37.34,5.202,214.57,29.46,-75.52,1,0.0641,0,Normal,Normal
2026-03-15 14:59:40,27.655,3.925,13.47,100.62,35.18,5.346,217.59,27.85,-73.32,1,0.0548,0,Normal,Normal
2026-03-15 14:59:50,27.467,3.709,14.81,101.3,38.75,5.352,216.61,30.08,-79.64,1,0.0419,0,Normal,Normal
2026-03-15 15:00:00,28.073,3.632,11.47,101.52,37.82,5.752,222.93,26.43,-76.33,1,0.0525,0,Normal,Normal
2026-03-15 15:00:10,27.731,4.089,14.91,100.73,39.57,5.38,226.33,29.79,-70.32,1,0.0741,0,Normal,Normal
2026-03-15 15:00:20,27.735,3.966,15.6,101.39,41.43,5.395,228.26,31.24,-71.62,1,0.0451,0,Normal,Normal
2026-03-15 15:00:30,27.555,3.739,15.47,100.77,41.58,5.495,217.81,29.51,-73.3,1,0.0561,0,Normal,Normal
2026-03-15 15:00:40,27.855,3.757,14.32,100.93,41.08,6.002,222.16,28.39,-75.21,1,0.0406,0,Normal,Normal
2026-03-15 15:00:50,27.52,3.698,16.05,101.55,42.68,5.907,223.77,31.04,-76.65,1,0.067,0,Normal,Normal
2026-03-15 15:01:00,27.724,3.802,12.84,101.0,41.36,5.952,233.21,26.63,-75.2,1,0.0435,0,Normal,Normal
2026-03-15 15:01:10,27.388,3.462,14.69,101.82,45.06,6.193,207.56,29.27,-71.47,1,0.0541,0,Normal,Normal
2026-03-15 15:01:20,27.998,3.861,14.6,101.07,43.87,5.256,222.26,27.93,-79.1,1,0.0511,0,Normal,Normal
2026-03-15 15:01:30,27.796,3.719,16.52,101.74,45.85,6.136,217.31,27.78,-67.54,1,0.0519,0,Normal,Normal
2026-03-15 15:01:40,28.327,3.552,12.01,102.21,44.23,6.152,218.45,26.72,-68.98,1,0.0444,0,Normal,Normal
2026-03-15 15:01:50,28.473,3.484,13.52,101.0,44.56,6.703,216.14,25.67,-68.82,1,0.0523,0,Normal,Normal
2026-03-15 15:02:00,28.007,3.805,17.81,102.29,44.56,5.623,227.47,30.97,-70.4,1,0.0538,0,Normal,Normal
2026-03-15 15:02:10,27.822,3.547,11.61,101.31,46.79,6.739,203.75,26.6,-71.7,1,0.0483,0,Normal,Normal
2026-03-15 15:02:20,27.541,3.401,16.56,101.05,45.12,6.252,222.41,31.56,-70.67,1,0.055,0,Normal,Normal
2026-03-15 15:02:30,28.119,3.472,14.36,101.18,46.96,6.425,209.1,29.77,-72.68,1,0.0432,0,Normal,Normal
2026-03-15 15:02:40,27.933,3.753,15.87,101.14,45.92,6.866,218.27,27.45,-65.01,1,0.0508,0,Normal,Normal
2026-03-15 15:02:50,28.054,3.152,17.69,101.86,44.17,6.499,222.23,32.04,-71.56,1,0.0589,0,Normal,Normal
2026-03-15 15:03:00,28.435,3.46,16.08,101.83,46.01,6.464,220.8,29.77,-72.36,1,0.0469,0,Normal,Normal
2026-03-15 15:03:10,27.691,3.811,17.87,101.82,45.42,6.427,229.6,33.06,-71.52,1,0.0479,0,Normal,Normal
2026-03-15 15:03:20,27.684,3.497,15.06,100.78,47.0,6.189,234.24,30.83,-72.68,1,0.0427,0,Normal,Normal
2026-03-15 15:03:30,27.913,3.603,15.34,101.38,45.64,6.363,239.98,27.77,-67.88,1,0.0544,0,Normal,Normal
2026-03-15 15:03:40,28.253,3.803,17.14,100.68,48.27,6.136,224.33,31.16,-71.66,1,0.042,0,Normal,Normal
2026-03-15 15:03:50,28.195,3.751,15.38,101.7,47.14,6.383,233.74,30.38,-70.28,1,0.0504,0,Normal,Normal
2026-03-15 15:04:00,27.783,3.415,17.02,101.11,47.12,5.592,236.22,30.61,-65.69,1,0.0435,0,Normal,Normal
2026-03-15 15:04:10,28.301,3.49,17.98,101.5,48.19,6.569,220.75,34.07,-66.29,1,0.0432,0,Normal,Normal
2026-03-15 15:04:20,27.735,3.746,17.59,101.1,48.62,6.385,234.47,31.11,-72.38,1,0.0415,0,Normal,Normal
2026-03-15 15:04:30,27.867,3.753,14.0,100.6,47.49,6.317,207.24,27.64,-65.58,1,0.0466,0,Normal,Normal
2026-03-15 15:04:40,28.105,3.494,15.94,101.65,46.64,6.518,227.07,28.65,-73.18,1,0.0703,0,Normal,Normal
2026-03-15 15:04:50,27.996,3.501,16.96,101.68,45.48,5.946,237.56,31.14,-73.26,1,0.0539,0,Normal,Normal
2026-03-15 15:05:00,28.451,3.58,16.25,101.36,46.83,7.128,225.54,26.63,-69.55,1,0.0627,0,Normal,Normal
2026-03-15 15:05:10,28.292,3.853,16.82,100.46,46.95,6.422,223.25,30.53,-67.52,1,0.0418,0,Normal,Normal
2026-03-15 15:05:20,28.757,3.777,17.23,101.6,47.85,6.411,223.23,32.75,-68.9,1,0.0456,0,Normal,Normal
2026-03-15 15:05:30,28.175,3.683,16.08,101.0,47.33,6.128,236.56,28.41,-66.74,1,0.0474,0,Normal,Normal
2026-03-15 15:05:40,28.234,3.239,16.67,101.51,48.6,6.478,212.1,28.73,-69.02,1,0.0695,0,Normal,Normal
2026-03-15 15:05:50,28.655,3.439,15.27,101.1,47.06,6.958,221.72,30.61,-73.9,1,0.0564,0,Normal,Normal
2026-03-15 15:06:00,28.286,3.451,16.42,101.14,47.75,6.838,231.61,31.92,-68.14,1,0.0501,0,Normal,Normal
2026-03-15 15:06:10,28.783,3.861,14.93,101.5,49.26,6.777,227.42,27.3,-71.98,1,0.0454,0,Normal,Normal
2026-03-15 15:06:20,28.518,3.446,17.48,100.97,48.26,6.671,234.39,33.56,-67.26,1,0.0614,0,Normal,Normal
2026-03-15 15:06:30,27.671,3.818,17.11,101.23,47.79,6.356,230.36,31.62,-70.88,1,0.0729,0,Normal,Normal
2026-03-15 15:06:40,28.751,3.362,16.11,101.5,47.16,5.976,221.14,31.37,-65.43,1,0.0515,0,Normal,Normal
2026-03-15 15:06:50,28.692,3.381,20.25,102.17,47.13,6.415,229.57,33.3,-62.78,1,0.0407,0,Normal,Normal
2026-03-15 15:07:00,28.724,3.624,17.29,101.27,46.88,6.404,214.37,33.08,-71.9,1,0.0448,0,Normal,Normal
2026-03-15 15:07:10,27.886,3.895,18.18,101.64,47.26,6.855,208.8,31.86,-72.71,1,0.0605,0,Normal,Normal
2026-03-15 15:07:20,28.281,3.45,16.88,100.83,48.83,6.597,220.05,30.51,-67.36,1,0.0474,0,Normal,Normal
2026-03-15 15:07:30,28.323,2.862,17.31,101.98,47.66,7.055,225.59,31.89,-62.95,1,0.0547,0,Normal,Normal
2026-03-15 15:07:40,28.268,3.111,18.51,100.98,46.32,6.91,218.46,32.04,-65.76,1,0.0512,0,Normal,Normal
2026-03-15 15:07:50,29.063,3.577,17.61,101.25,50.06,6.332,226.35,29.79,-67.4,1,0.0757,0,Normal,Normal
2026-03-15 15:08:00,28.556,3.133,18.21,101.5,48.33,5.864,225.43,32.36,-69.24,1,0.0455,0,Normal,Normal
2026-03-15 15:08:10,28.569,3.285,19.5,100.99,46.26,6.978,210.08,33.12,-63.74,1,0.0489,0,Normal,Normal
2026-03-15 15:08:20,28.765,3.505,17.61,101.73,47.43,6.97,220.65,30.68,-61.21,1,0.041,0,Normal,Normal
2026-03-15 15:08:30,28.789,2.889,16.48,101.04,48.09,6.016,232.5,31.96,-71.34,1,0.0645,0,Normal,Normal
2026-03-15 15:08:40,27.637,3.406,16.28,101.63,50.01,7.023,228.87,33.15,-64.76,1,0.0459,0,Normal,Normal
2026-03-15 15:08:50,28.463,3.21,20.81,101.73,46.64,6.629,219.4,33.71,-58.0,1,0.0592,0,Normal,Normal
2026-03-15 15:09:00,28.252,3.126,20.15,101.53,49.14,6.552,229.93,34.38,-67.31,1,0.04,0,Normal,Normal
2026-03-15 15:09:10,28.814,3.3,19.82,101.58,49.65,7.061,239.02,33.35,-65.99,1,0.0703,0,Normal,Normal
2026-03-15 15:09:20,28.626,3.234,18.28,102.31,47.22,6.967,221.59,35.02,-65.46,1,0.0936,0,Normal,Normal
2026-03-15 15:09:30,28.736,3.618,17.03,101.47,47.64,6.725,230.91,31.62,-66.52,1,0.0495,0,Normal,Normal
2026-03-15 15:09:40,28.126,3.8,18.69,101.34,46.74,6.663,229.65,33.81,-61.95,1,0.0499,0,Normal,Normal
2026-03-15 15:09:50,28.675,3.41,19.07,101.43,47.74,6.713,221.17,34.49,-59.79,1,0.0544,0,Normal,Normal
2026-03-15 15:10:00,29.12,3.352,17.61,101.81,47.94,6.358,215.93,31.76,-70.27,1,0.0954,0,Normal,Normal
2026-03-15 15:10:10,29.226,3.397,17.19,102.23,48.78,6.479,238.19,30.97,-67.92,1,0.0523,0,Normal,Normal
2026-03-15 15:10:20,29.037,3.223,16.89,101.23,49.29,6.182,233.7,32.72,-61.34,1,0.0412,0,Normal,Normal
2026-03-15 15:10:30,28.438,3.178,20.57,100.94,47.09,6.382,222.77,35.5,-63.25,1,0.0525,0,Normal,Normal
2026-03-15 15:10:40,29.233,3.089,17.87,101.77,45.63,6.37,234.7,30.85,-63.72,1,0.0481,0,Normal,Normal
2026-03-15 15:10:50,29.09,3.168,20.23,100.75,47.96,6.276,229.43,33.36,-62.93,1,0.0615,0,Normal,Normal
2026-03-15 15:11:00,28.854,3.908,19.26,101.4,48.34,6.546,234.64,32.8,-64.72,1,0.0454,0,Normal,Normal
2026-03-15 15:11:10,28.298,3.328,20.84,101.42,48.29,6.385,210.65,36.23,-63.56,1,0.0787,0,Normal,Normal
2026-03-15 15:11:20,29.208,2.765,20.55,101.26,47.6,6.675,221.73,36.32,-65.98,1,0.0641,0,Normal,Normal
2026-03-15 15:11:30,28.761,3.354,19.79,101.28,48.14,5.931,237.58,36.37,-65.69,1,0.0459,0,Normal,Normal
2026-03-15 15:11:40,29.059,3.103,57.83,100.64,49.81,6.459,302.46,62.71,-65.3,1,0.0465,1,Temperature spike,Critical
2026-03-15 15:11:50,28.991,3.515,60.44,100.95,48.45,6.545,249.61,64.36,-66.26,1,0.0509,1,Temperature spike,Critical
2026-03-15 15:12:00,29.448,3.488,60.73,101.67,47.55,6.39,270.63,61.77,-63.65,1,0.0416,1,Temperature spike,Critical
2026-03-15 15:12:10,28.964,3.514,63.59,100.48,47.39,6.439,261.48,73.72,-64.19,1,0.0576,1,Temperature spike,Critical
2026-03-15 15:12:20,29.012,3.49,60.18,101.27,47.79,5.944,280.96,74.73,-70.71,1,0.0541,1,Temperature spike,Critical
2026-03-15 15:12:30,29.506,3.407,54.62,101.17,49.96,6.624,274.26,64.81,-65.76,1,0.0458,1,Temperature spike,Critical
2026-03-15 15:12:40,28.849,3.136,59.27,100.5,47.78,6.726,253.32,66.8,-65.13,1,0.0552,1,Temperature spike,Critical
2026-03-15 15:12:50,29.306,3.481,60.15,101.98,47.97,6.672,260.2,69.38,-60.65,1,0.0416,1,Temperature spike,Critical
2026-03-15 15:13:00,29.016,3.755,61.85,100.89,47.42,6.863,266.35,64.95,-66.16,1,0.0856,1,Temperature spike,Critical
2026-03-15 15:13:10,28.789,3.954,55.32,101.52,49.32,6.57,247.38,67.65,-65.07,1,0.041,1,Temperature spike,Critical
2026-03-15 15:13:20,29.105,3.441,66.21,101.11,50.35,6.667,263.58,73.24,-65.65,1,0.046,1,Temperature spike,Critical
2026-03-15 15:13:30,29.326,3.468,67.33,100.96,48.54,6.554,241.7,71.91,-61.52,1,0.0929,1,Temperature spike,Critical
2026-03-15 15:13:40,29.538,3.625,60.23,101.21,48.1,6.74,283.77,62.82,-69.15,1,0.0476,1,Temperature spike,Critical
2026-03-15 15:13:50,29.587,3.873,66.78,101.16,48.04,5.948,259.35,68.14,-68.0,1,0.0725,1,Temperature spike,Critical
2026-03-15 15:14:00,29.07,3.379,61.6,101.23,45.14,6.187,256.22,69.15,-68.28,1,0.0425,1,Temperature spike,Critical
2026-03-15 15:14:10,28.875,3.673,63.18,100.99,48.89,7.055,251.02,76.54,-65.78,1,0.041,1,Temperature spike,Critical
2026-03-15 15:14:20,29.088,3.294,62.04,100.89,48.16,5.639,244.42,73.08,-70.39,1,0.0417,1,Temperature spike,Critical
2026-03-15 15:14:30,28.842,3.583,61.4,101.7,48.51,6.451,268.73,67.83,-61.62,1,0.0937,1,Temperature spike,Critical
2026-03-15 15:14:40,29.143,3.743,68.39,101.3,47.14,6.91,303.66,62.73,-64.87,1,0.0414,1,Temperature spike,Critical
2026-03-15 15:14:50,29.118,3.177,66.38,101.28,47.54,6.467,255.81,71.79,-64.47,1,0.0558,1,Temperature spike,Critical
2026-03-15 15:15:00,29.45,3.369,70.67,100.94,47.5,6.358,234.81,66.53,-60.03,1,0.0487,1,Temperature spike,Critical
2026-03-15 15:15:10,28.582,3.739,64.51,101.93,49.22,6.545,261.63,66.84,-67.49,1,0.0696,1,Temperature spike,Critical
2026-03-15 15:15:20,29.035,3.654,56.91,101.27,47.54,6.376,254.48,65.95,-64.01,1,0.0452,1,Temperature spike,Critical
2026-03-15 15:15:30,29.048,3.759,62.19,100.54,50.5,6.511,264.89,76.76,-64.96,1,0.0404,1,Temperature spike,Critical
2026-03-15 15:15:40,29.633,3.712,66.23,101.41,48.52,6.261,269.1,66.4,-62.22,1,0.0607,1,Temperature spike,Critical
2026-03-15 15:15:50,28.953,3.415,68.58,100.99,46.47,6.888,245.33,73.35,-64.91,1,0.0533,1,Temperature spike,Critical
2026-03-15 15:16:00,29.366,4.05,65.5,101.66,47.84,6.998,275.04,76.93,-68.65,1,0.0486,1,Temperature spike,Critical
2026-03-15 15:16:10,29.269,3.534,62.04,101.72,47.22,6.453,262.33,64.55,-65.99,1,0.0459,1,Temperature spike,Critical
2026-03-15 15:16:20,29.63,2.736,25.88,101.67,45.37,6.015,229.91,38.99,-69.36,1,0.0745,0,Normal,Normal
2026-03-15 15:16:30,29.506,3.429,22.72,101.12,49.92,6.316,214.52,35.87,-68.97,1,0.0419,0,Normal,Normal
2026-03-15 15:16:40,29.373,3.383,22.99,101.25,48.84,6.435,226.6,36.81,-67.77,1,0.0423,0,Normal,Normal
2026-03-15 15:16:50,29.179,3.699,23.62,101.4,48.64,6.677,218.03,36.88,-68.45,1,0.0402,0,Normal,Normal
2026-03-15 15:17:00,28.799,3.387,21.5,101.66,48.2,6.147,224.3,35.29,-70.74,1,0.0411,0,Normal,Normal
2026-03-15 15:17:10,29.437,3.775,25.19,100.88,46.34,6.231,232.67,38.15,-75.03,1,0.0692,0,Normal,Normal
2026-03-15 15:17:20,29.53,3.64,21.76,101.34,47.42,6.679,221.5,36.7,-67.51,1,0.0637,0,Normal,Normal
2026-03-15 15:17:30,28.907,3.25,21.5,102.05,49.01,6.828,219.08,34.37,-67.47,1,0.0416,0,Normal,Normal
2026-03-15 15:17:40,29.017,3.465,23.22,101.09,46.74,6.282,225.02,36.02,-67.66,1,0.0627,0,Normal,Normal
2026-03-15 15:17:50,29.47,3.306,21.63,101.29,44.96,6.033,219.86,36.25,-63.22,1,0.0554,0,Normal,Normal
2026-03-15 15:18:00,29.504,3.546,25.97,102.35,47.73,7.649,217.46,40.84,-73.73,1,0.0474,0,Normal,Normal
2026-03-15 15:18:10,29.112,3.305,23.37,101.2,47.83,6.774,239.93,37.1,-64.65,1,0.0413,0,Normal,Normal
2026-03-15 15:18:20,29.244,3.519,18.97,100.68,48.16,6.406,210.16,34.01,-62.03,1,0.0538,0,Normal,Normal
2026-03-15 15:18:30,28.872,3.432,24.18,101.28,48.87,6.804,230.23,39.13,-64.41,1,0.0675,0,Normal,Normal
2026-03-15 15:18:40,29.842,3.462,24.79,101.97,48.76,6.456,223.91,41.07,-70.95,1,0.0482,0,Normal,Normal
2026-03-15 15:18:50,29.045,4.013,23.41,101.72,48.31,6.803,218.39,38.29,-68.74,1,0.0483,0,Normal,Normal
2026-03-15 15:19:00,29.603,3.41,22.09,100.91,49.43,6.556,227.78,38.14,-72.62,1,0.0663,0,Normal,Normal
2026-03-15 15:19:10,27.304,3.016,24.04,101.47,46.18,6.532,313.34,38.12,-72.54,1,0.0435,1,Excessive power consumption,Warning
2026-03-15 15:19:20,27.586,3.754,23.56,101.23,48.6,6.46,351.75,39.24,-65.55,1,0.0428,1,Excessive power consumption,Warning
2026-03-15 15:19:30,26.236,3.752,22.89,101.62,48.75,5.993,308.71,38.6,-68.84,1,0.0578,1,Excessive power consumption,Warning
2026-03-15 15:19:40,27.05,3.005,22.84,101.05,46.51,7.178,334.66,36.67,-68.87,1,0.056,1,Excessive power consumption,Warning
2026-03-15 15:19:50,27.136,3.325,24.75,101.5,46.2,6.17,342.17,37.92,-74.73,1,0.0765,1,Excessive power consumption,Warning
2026-03-15 15:20:00,26.477,3.609,25.94,102.06,47.1,6.024,315.9,39.33,-76.0,1,0.0461,1,Excessive power consumption,Warning
2026-03-15 15:20:10,27.526,3.631,25.36,100.26,47.21,6.425,339.98,39.86,-68.64,1,0.0434,1,Excessive power consumption,Warning
2026-03-15 15:20:20,25.935,3.499,22.15,101.54,48.9,6.163,349.51,34.77,-70.76,1,0.0484,1,Excessive power consumption,Warning
2026-03-15 15:20:30,26.895,3.504,25.74,101.83,47.26,6.482,310.42,39.19,-73.14,1,0.0473,1,Excessive power consumption,Warning
2026-03-15 15:20:40,26.595,3.265,26.05,100.68,46.97,6.741,328.03,41.48,-67.26,1,0.0817,1,Excessive power consumption,Warning
2026-03-15 15:20:50,27.864,2.9,27.05,101.01,47.27,6.848,340.8,41.85,-70.91,1,0.0774,1,Excessive power consumption,Warning
2026-03-15 15:21:00,26.717,4.012,23.61,101.14,49.34,6.785,320.49,34.79,-75.47,1,0.0484,1,Excessive power consumption,Warning
2026-03-15 15:21:10,27.141,3.258,25.02,101.01,48.02,6.393,325.84,37.42,-78.96,1,0.048,1,Excessive power consumption,Warning
2026-03-15 15:21:20,27.448,3.544,26.03,100.98,47.78,6.517,318.15,42.62,-71.58,1,0.0488,1,Excessive power consumption,Warning
2026-03-15 15:21:30,27.776,3.46,24.46,101.15,47.87,6.643,339.97,39.87,-75.02,1,0.0597,1,Excessive power consumption,Warning
2026-03-15 15:21:40,27.103,3.724,26.15,101.64,49.55,5.885,332.81,39.45,-74.26,1,0.052,1,Excessive power consumption,Warning
2026-03-15 15:21:50,26.084,3.529,25.35,101.9,47.1,6.7,351.34,37.57,-74.74,1,0.0451,1,Excessive power consumption,Warning
2026-03-15 15:22:00,27.151,3.538,24.19,101.82,49.58,5.99,329.25,36.69,-70.01,1,0.062,1,Excessive power consumption,Warning
2026-03-15 15:22:10,27.641,2.841,24.38,101.7,48.25,7.214,340.16,38.99,-72.01,1,0.0751,1,Excessive power consumption,Warning
2026-03-15 15:22:20,26.736,3.292,27.46,102.03,47.81,6.358,328.04,43.84,-75.06,1,0.059,1,Excessive power consumption,Warning
2026-03-15 15:22:30,26.453,3.686,24.16,102.11,51.0,6.435,320.46,40.46,-75.37,1,0.0432,1,Excessive power consumption,Warning
2026-03-15 15:22:40,26.849,3.664,23.97,101.37,46.73,6.231,314.32,36.08,-74.37,1,0.0635,1,Excessive power consumption,Warning
2026-03-15 15:22:50,27.478,3.262,26.3,101.87,47.58,6.279,361.08,39.95,-71.51,1,0.1076,1,Excessive power consumption,Warning
2026-03-15 15:23:00,26.542,3.106,25.8,101.47,46.52,7.296,316.59,38.78,-75.45,1,0.0573,1,Excessive power consumption,Warning
2026-03-15 15:23:10,27.75,3.532,23.95,101.21,49.14,6.829,342.62,38.11,-77.65,1,0.0442,1,Excessive power consumption,Warning
2026-03-15 15:23:20,27.16,2.773,25.2,101.28,50.03,5.958,335.16,37.6,-79.78,1,0.0401,1,Excessive power consumption,Warning
2026-03-15 15:23:30,29.642,3.213,24.81,101.71,50.0,7.026,224.51,38.16,-76.65,1,0.0473,0,Normal,Normal
2026-03-15 15:23:40,29.781,3.94,25.14,101.89,49.47,6.918,221.75,38.1,-80.22,1,0.0495,0,Normal,Normal
2026-03-15 15:23:50,29.581,3.861,29.95,101.53,47.76,6.402,229.01,44.57,-75.83,1,0.0761,0,Normal,Normal
2026-03-15 15:24:00,30.011,3.622,25.76,101.14,47.56,6.607,232.6,39.15,-75.72,1,0.0545,0,Normal,Normal
2026-03-15 15:24:10,29.388,3.577,24.95,101.1,45.99,6.495,209.83,38.51,-73.73,1,0.045,0,Normal,Normal
2026-03-15 15:24:20,29.405,3.012,29.37,100.56,50.44,7.19,241.75,43.98,-78.16,1,0.0577,0,Normal,Normal
2026-03-15 15:24:30,29.55,3.315,27.72,101.44,48.56,6.221,226.15,43.69,-74.66,1,0.0415,0,Normal,Normal
2026-03-15 15:24:40,29.617,3.426,27.53,101.42,47.41,6.551,225.88,44.07,-73.14,1,0.0436,0,Normal,Normal
2026-03-15 15:24:50,29.542,3.32,25.25,100.88,49.59,6.35,213.85,39.8,-77.98,1,0.0605,0,Normal,Normal
2026-03-15 15:25:00,29.084,3.412,28.34,101.49,46.83,5.998,220.43,42.23,-71.71,1,0.0453,0,Normal,Normal
2026-03-15 15:25:10,29.559,3.825,27.83,101.48,48.49,7.267,235.87,43.41,-74.33,1,0.0405,0,Normal,Normal
2026-03-15 15:25:20,29.349,3.365,26.88,100.71,47.79,6.086,225.55,42.28,-80.29,1,0.0503,0,Normal,Normal
2026-03-15 15:25:30,29.282,3.415,24.13,101.17,48.77,6.577,228.33,39.19,-70.23,1,0.0561,0,Normal,Normal
2026-03-15 15:25:40,29.461,3.685,26.73,101.86,47.92,5.891,221.31,38.83,-79.48,1,0.0633,0,Normal,Normal
2026-03-15 15:25:50,29.158,3.145,29.4,101.05,46.26,6.36,240.77,44.85,-75.29,1,0.0455,0,Normal,Normal
2026-03-15 15:26:00,29.1,3.29,27.19,101.31,48.09,6.648,223.77,41.62,-77.81,1,0.0483,0,Normal,Normal
2026-03-15 15:26:10,28.65,3.316,26.34,101.36,49.26,6.211,234.04,39.27,-78.99,1,0.0522,0,Normal,Normal
2026-03-15 15:26:20,29.953,3.514,26.61,101.29,47.96,6.705,223.79,39.8,-76.17,1,0.0412,0,Normal,Normal
2026-03-15 15:26:30,29.589,3.414,26.76,101.58,48.93,6.406,227.78,41.46,-79.85,1,0.0433,0,Normal,Normal
2026-03-15 15:26:40,29.381,3.422,25.84,101.67,46.74,6.906,227.82,36.83,-80.72,1,0.0469,0,Normal,Normal
2026-03-15 15:26:50,29.209,3.334,27.02,101.81,47.97,6.977,232.4,40.87,-80.83,1,0.0447,0,Normal,Normal
2026-03-15 15:27:00,28.539,3.232,29.29,101.17,47.25,6.295,230.91,42.51,-84.31,1,0.0494,0,Normal,Normal
2026-03-15 15:27:10,29.176,3.652,29.16,101.51,48.9,6.527,221.21,42.26,-77.86,1,0.0558,0,Normal,Normal
2026-03-15 15:27:20,29.602,3.416,26.08,101.64,48.04,6.564,234.27,39.53,-83.23,1,0.0516,0,Normal,Normal
2026-03-15 15:27:30,29.662,3.655,29.16,101.25,48.83,6.717,217.08,41.39,-80.8,1,0.0623,0,Normal,Normal
2026-03-15 15:27:40,29.564,3.222,28.43,101.01,49.3,6.505,215.53,43.69,-81.54,1,0.0548,0,Normal,Normal
2026-03-15 15:27:50,29.41,3.334,28.28,101.36,48.83,6.566,222.67,39.72,-79.96,1,0.0452,0,Normal,Normal
2026-03-15 15:28:00,29.746,3.445,28.01,101.06,48.33,6.415,228.15,42.22,-81.99,1,0.0419,0,Normal,Normal
2026-03-15 15:28:10,29.247,3.468,26.0,101.02,46.8,6.54,216.82,38.99,-82.92,1,0.0553,0,Normal,Normal
2026-03-15 15:28:20,29.662,3.689,26.83,101.39,48.0,6.954,224.38,43.21,-81.03,1,0.0436,0,Normal,Normal
2026-03-15 15:28:30,29.212,3.392,28.72,101.22,47.36,6.726,213.92,42.75,-81.44,1,0.0458,0,Normal,Normal
2026-03-15 15:28:40,29.053,3.687,25.69,101.37,47.59,6.745,222.84,37.14,-85.77,1,0.0638,0,Normal,Normal
2026-03-15 15:28:50,29.006,3.594,25.97,100.68,47.55,6.753,232.77,40.63,-83.06,1,0.0437,0,Normal,Normal
2026-03-15 15:29:00,28.978,3.473,28.02,101.23,46.82,6.446,218.25,40.71,-79.07,1,0.0516,0,Normal,Normal
2026-03-15 15:29:10,29.485,3.262,26.41,100.4,45.65,6.611,215.23,41.59,-75.65,1,0.0415,0,Normal,Normal
2026-03-15 15:29:20,29.054,3.689,28.86,100.88,47.2,6.12,228.03,43.6,-88.28,1,0.0481,0,Normal,Normal
2026-03-15 15:29:30,28.956,3.268,26.52,101.26,48.23,6.944,218.7,42.29,-80.81,1,0.0989,0,Normal,Normal
2026-03-15 15:29:40,29.469,3.495,28.04,101.79,46.38,5.526,244.38,42.27,-83.1,1,0.0863,0,Normal,Normal
2026-03-15 15:29:50,29.342,3.487,28.19,101.51,48.02,6.469,226.53,43.18,-85.32,1,0.0839,0,Normal,Normal
2026-03-15 15:30:00,29.521,3.448,27.0,101.34,50.28,6.899,233.2,41.06,-84.94,1,0.0536,0,Normal,Normal
2026-03-15 15:30:10,29.374,3.403,27.39,101.15,49.23,6.022,214.48,40.68,-86.59,1,0.0452,0,Normal,Normal
2026-03-15 15:30:20,28.982,3.295,26.75,101.2,49.97,6.64,228.66,42.03,-87.97,1,0.0466,0,Normal,Normal
2026-03-15 15:30:30,29.219,3.096,27.77,101.82,48.47,6.261,216.95,40.29,-82.83,1,0.0435,0,Normal,Normal
2026-03-15 15:30:40,29.221,3.851,26.37,100.86,49.4,6.371,223.57,40.33,-78.74,1,0.0415,0,Normal,Normal
2026-03-15 15:30:50,28.895,3.377,27.5,101.01,47.13,6.831,218.98,40.82,-83.12,1,0.0428,0,Normal,Normal
2026-03-15 15:31:00,28.827,3.468,28.98,101.73,47.22,6.569,233.32,43.99,-83.76,1,0.0494,0,Normal,Normal
2026-03-15 15:31:10,28.941,3.467,26.17,101.16,44.71,5.788,227.57,39.03,-86.23,1,0.0404,0,Normal,Normal
2026-03-15 15:31:20,29.743,3.774,27.16,102.08,49.42,6.158,225.94,40.67,-87.23,1,0.082,0,Normal,Normal
2026-03-15 15:31:30,28.994,3.983,28.68,101.58,49.85,6.841,235.89,42.73,-84.45,1,0.0524,0,Normal,Normal
2026-03-15 15:31:40,29.474,3.54,24.8,101.76,47.33,6.657,225.12,40.58,-87.67,1,0.0429,0,Normal,Normal
2026-03-15 15:31:50,28.95,3.461,30.71,100.65,47.69,7.111,233.24,44.07,-81.27,1,0.0481,0,Normal,Normal
2026-03-15 15:32:00,29.343,3.219,29.51,101.72,47.09,7.088,239.4,43.03,-86.44,1,0.0471,0,Normal,Normal
2026-03-15 15:32:10,29.332,3.139,25.64,100.96,48.45,6.38,226.12,38.03,-87.29,1,0.0671,0,Normal,Normal
2026-03-15 15:32:20,29.333,3.057,24.8,101.59,49.35,7.375,227.07,37.63,-78.05,1,0.0419,0,Normal,Normal
2026-03-15 15:32:30,29.148,3.301,28.01,101.15,45.9,6.508,232.63,42.51,-80.95,1,0.0484,0,Normal,Normal
2026-03-15 15:32:40,29.43,2.977,26.3,101.39,48.49,6.162,236.49,40.34,-88.47,1,0.0586,0,Normal,Normal
2026-03-15 15:32:50,29.115,3.77,29.43,100.86,47.66,6.277,226.02,43.48,-87.56,1,0.047,0,Normal,Normal
2026-03-15 15:33:00,29.5,3.606,28.58,100.61,48.13,5.709,219.9,44.67,-85.53,1,0.0466,0,Normal,Normal
2026-03-15 15:33:10,28.485,3.437,28.18,101.36,48.54,7.062,231.93,40.17,-85.45,1,0.0462,0,Normal,Normal
2026-03-15 15:33:20,29.059,3.778,27.14,101.18,47.77,7.057,229.57,43.92,-86.36,1,0.0615,0,Normal,Normal
2026-03-15 15:33:30,29.024,3.233,30.4,100.94,47.87,6.143,231.85,45.81,-80.98,1,0.0419,0,Normal,Normal
2026-03-15 15:33:40,28.641,3.295,29.13,100.63,47.73,6.419,230.58,42.74,-84.37,1,0.0691,0,Normal,Normal
2026-03-15 15:33:50,29.08,3.017,28.9,100.23,49.15,6.532,226.65,43.37,-85.11,1,0.0411,0,Normal,Normal
2026-03-15 15:34:00,28.442,3.694,29.8,101.51,48.49,6.162,227.11,42.98,-86.82,1,0.0458,0,Normal,Normal
2026-03-15 15:34:10,28.676,3.298,26.47,101.2,48.25,5.884,230.61,40.85,-88.14,1,0.0474,0,Normal,Normal
2026-03-15 15:34:20,28.256,3.504,29.92,101.06,46.46,6.425,213.39,46.5,-86.84,1,0.0475,0,Normal,Normal
2026-03-15 15:34:30,29.306,3.751,27.59,101.39,47.53,6.386,235.63,40.82,-87.57,1,0.0431,0,Normal,Normal
2026-03-15 15:34:40,28.751,3.843,28.49,101.71,49.06,6.362,228.59,42.21,-88.7,1,0.0539,0,Normal,Normal
2026-03-15 15:34:50,29.453,3.493,27.74,101.41,48.03,6.576,218.22,40.83,-81.65,1,0.0491,0,Normal,Normal
2026-03-15 15:35:00,29.026,3.597,25.15,101.12,48.77,6.998,226.47,38.44,-82.06,1,0.0526,0,Normal,Normal
2026-03-15 15:35:10,28.902,3.275,29.4,102.15,50.1,6.391,235.53,42.91,-85.93,1,0.0543,0,Normal,Normal
2026-03-15 15:35:20,28.574,3.922,25.21,101.05,49.23,6.557,227.31,37.9,-80.8,1,0.0432,0,Normal,Normal
2026-03-15 15:35:30,28.417,3.459,26.49,100.74,48.09,6.751,219.13,40.17,-82.93,1,0.0779,0,Normal,Normal
2026-03-15 15:35:40,28.87,3.521,27.25,101.34,47.36,6.691,214.79,41.31,-87.89,1,0.0666,0,Normal,Normal
2026-03-15 15:35:50,28.673,3.399,24.99,101.2,44.91,6.281,244.7,38.5,-88.95,1,0.0664,0,Normal,Normal
2026-03-15 15:36:00,28.274,3.801,26.25,101.68,47.77,6.53,211.07,37.49,-83.59,1,0.0514,0,Normal,Normal
2026-03-15 15:36:10,28.202,3.551,28.25,101.09,47.58,6.687,227.67,42.07,-83.01,1,0.0657,0,Normal,Normal
2026-03-15 15:36:20,28.35,3.692,27.35,101.23,48.43,6.1,220.28,41.29,-88.23,1,0.0548,0,Normal,Normal
2026-03-15 15:36:30,29.165,3.59,27.46,100.95,47.78,6.937,233.31,43.73,-85.85,1,0.049,0,Normal,Normal
2026-03-15 15:36:40,29.263,3.447,26.46,101.62,47.57,6.995,215.24,40.49,-81.62,1,0.0609,0,Normal,Normal
2026-03-15 15:36:50,28.641,3.734,27.88,101.36,45.82,6.24,237.83,43.01,-79.37,1,0.0537,0,Normal,Normal
2026-03-15 15:37:00,28.605,3.588,27.31,101.19,46.82,6.561,223.96,40.8,-83.73,1,0.04,0,Normal,Normal
2026-03-15 15:37:10,28.439,3.262,25.31,101.24,48.51,6.717,223.2,40.87,-83.71,1,0.12,0,Normal,Normal
2026-03-15 15:37:20,28.24,3.255,27.45,101.29,49.99,6.3,222.45,40.32,-85.13,1,0.0484,0,Normal,Normal
2026-03-15 15:37:30,28.913,3.54,25.86,100.73,47.81,6.659,220.21,40.47,-79.2,1,0.0527,0,Normal,Normal
2026-03-15 15:37:40,29.042,3.73,29.05,101.77,48.31,6.546,221.99,44.06,-81.87,1,0.0478,0,Normal,Normal
2026-03-15 15:37:50,28.191,3.913,27.09,101.74,49.05,5.974,230.68,41.92,-85.94,1,0.0416,0,Normal,Normal
2026-03-15 15:38:00,28.414,3.059,31.43,101.32,46.93,6.647,211.15,48.03,-80.94,1,0.0669,0,Normal,Normal
2026-03-15 15:38:10,28.283,3.51,29.07,101.27,48.33,6.1,218.93,42.37,-85.26,1,0.0572,0,Normal,Normal
2026-03-15 15:38:20,28.272,3.627,27.4,100.9,46.99,6.812,236.87,43.1,-85.88,1,0.0664,0,Normal,Normal
2026-03-15 15:38:30,28.733,3.579,28.43,101.99,48.9,6.247,224.18,43.82,-84.22,1,0.0499,0,Normal,Normal
2026-03-15 15:38:40,27.962,3.758,24.4,101.89,48.03,6.424,220.31,38.46,-85.32,1,0.0635,0,Normal,Normal
2026-03-15 15:38:50,28.475,3.67,28.95,101.46,48.19,6.958,214.68,45.15,-85.3,1,0.064,0,Normal,Normal
2026-03-15 15:39:00,28.532,3.26,26.24,101.63,46.88,6.649,215.5,40.06,-86.63,1,0.0461,0,Normal,Normal
2026-03-15 15:39:10,28.25,3.254,27.57,101.79,48.65,6.095,232.71,41.6,-84.37,1,0.0401,0,Normal,Normal
2026-03-15 15:39:20,28.539,3.587,26.31,101.71,50.28,6.114,218.25,40.3,-83.71,1,0.0695,0,Normal,Normal
2026-03-15 15:39:30,28.294,3.757,26.43,100.96,46.54,6.256,231.25,38.9,-86.0,1,0.0431,0,Normal,Normal
2026-03-15 15:39:40,28.593,3.546,27.06,101.18,47.31,6.6,216.95,41.97,-80.16,1,0.0705,0,Normal,Normal
2026-03-15 15:39:50,27.749,3.117,27.4,101.49,47.97,6.583,223.77,42.13,-86.9,1,0.0544,0,Normal,Normal
2026-03-15 15:40:00,28.079,3.251,27.21,101.38,48.6,6.158,224.19,41.08,-82.57,1,0.0551,0,Normal,Normal
2026-03-15 15:40:10,28.141,3.687,27.21,101.6,46.94,6.039,218.69,43.32,-79.26,1,0.0443,0,Normal,Normal
2026-03-15 15:40:20,27.338,3.429,24.73,101.56,44.17,6.54,225.3,38.21,-77.67,1,0.0477,0,Normal,Normal
2026-03-15 15:40:30,27.792,3.548,30.63,101.4,49.15,6.371,207.72,42.55,-82.6,1,0.0456,0,Normal,Normal
2026-03-15 15:40:40,27.852,3.787,27.43,100.26,48.37,7.182,223.9,43.72,-77.65,1,0.0432,0,Normal,Normal
2026-03-15 15:40:50,28.358,3.222,27.7,101.77,45.31,6.431,228.12,42.91,-81.6,1,0.0593,0,Normal,Normal
2026-03-15 15:41:00,27.839,3.422,26.49,101.64,46.6,7.044,217.83,41.24,-73.53,1,0.0415,0,Normal,Normal
2026-03-15 15:41:10,27.783,3.397,25.64,102.13,49.13,5.989,226.16,39.23,-84.48,1,0.0508,0,Normal,Normal
2026-03-15 15:41:20,28.252,3.62,27.13,101.11,48.9,5.836,225.62,41.54,-82.92,1,0.0515,0,Normal,Normal
2026-03-15 15:41:30,27.498,3.728,27.29,100.56,48.19,5.981,225.87,39.78,-79.21,1,0.0866,0,Normal,Normal
2026-03-15 15:41:40,27.34,3.169,28.76,101.23,46.74,6.775,213.48,42.49,-83.27,1,0.0705,0,Normal,Normal
2026-03-15 15:41:50,27.83,3.542,29.88,101.48,46.93,6.957,224.91,42.79,-81.4,1,0.0501,0,Normal,Normal
2026-03-15 15:42:00,27.482,3.766,28.92,101.12,46.54,6.05,210.27,43.24,-77.71,1,0.0679,0,Normal,Normal
2026-03-15 15:42:10,27.47,3.091,24.01,101.85,47.9,6.142,218.9,39.12,-78.28,1,0.0635,0,Normal,Normal
2026-03-15 15:42:20,28.042,3.545,25.92,101.04,45.32,5.871,223.78,38.66,-78.74,1,0.0404,0,Normal,Normal
2026-03-15 15:42:30,28.11,3.264,27.06,101.26,45.22,5.62,225.34,41.93,-78.49,1,0.0783,0,Normal,Normal
2026-03-15 15:42:40,28.061,3.416,25.9,101.2,47.19,6.477,213.85,40.14,-85.58,1,0.0575,0,Normal,Normal
2026-03-15 15:42:50,28.134,2.959,26.38,102.41,45.69,6.272,221.08,41.2,-77.53,1,0.0567,0,Normal,Normal
2026-03-15 15:43:00,28.151,3.943,23.17,100.94,47.13,6.162,229.52,36.88,-79.66,1,0.0587,0,Normal,Normal
2026-03-15 15:43:10,27.117,3.517,27.7,101.53,44.38,5.629,215.11,42.55,-78.64,1,0.0438,0,Normal,Normal
2026-03-15 15:43:20,27.867,3.416,23.46,100.82,44.8,6.649,205.48,36.63,-82.08,1,0.0404,0,Normal,Normal
2026-03-15 15:43:30,27.55,3.713,23.86,101.44,43.4,5.851,226.69,35.84,-75.06,1,0.044,0,Normal,Normal
2026-03-15 15:43:40,27.462,3.385,24.64,100.92,44.12,6.161,214.63,36.89,-75.2,1,0.0637,0,Normal,Normal
2026-03-15 15:43:50,27.831,3.378,25.95,101.74,41.91,5.406,216.74,39.35,-80.12,1,0.0536,0,Normal,Normal
2026-03-15 15:44:00,27.12,4.058,23.6,101.66,42.62,5.784,222.55,35.67,-75.85,1,0.0467,0,Normal,Normal
2026-03-15 15:44:10,27.091,4.152,24.39,101.41,40.95,5.881,221.74,40.25,-71.22,1,0.0441,0,Normal,Normal
2026-03-15 15:44:20,27.783,3.573,27.64,100.74,42.93,5.816,228.87,41.54,-75.51,1,0.0641,0,Normal,Normal
2026-03-15 15:44:30,27.716,4.012,25.68,101.28,42.33,5.67,218.31,40.79,-81.74,1,0.0492,0,Normal,Normal
2026-03-15 15:44:40,27.588,3.859,26.44,101.18,38.71,5.696,220.29,41.38,-77.18,1,0.0542,0,Normal,Normal
2026-03-15 15:44:50,27.259,3.445,23.87,101.63,41.65,5.027,205.66,37.88,-74.85,1,0.0402,0,Normal,Normal
2026-03-15 15:45:00,27.723,3.596,25.58,100.94,42.24,5.383,223.64,43.82,-68.65,1,0.0484,0,Normal,Normal
2026-03-15 15:45:10,27.681,4.249,25.39,101.76,38.43,5.237,212.45,42.9,-78.39,1,0.0402,0,Normal,Normal
2026-03-15 15:45:20,27.479,3.539,24.33,101.69,36.68,5.153,243.16,40.0,-74.98,1,0.0632,0,Normal,Normal
2026-03-15 15:45:30,27.077,4.503,25.38,100.75,39.85,4.963,214.88,38.29,-77.5,1,0.0443,0,Normal,Normal
2026-03-15 15:45:40,27.279,3.829,22.55,101.21,33.83,4.35,219.22,38.27,-71.43,1,0.0427,0,Normal,Normal
2026-03-15 15:45:50,27.635,4.409,25.98,101.28,34.33,4.185,220.12,37.88,-74.94,1,0.0791,0,Normal,Normal
2026-03-15 15:46:00,27.759,3.981,24.65,101.7,33.36,3.713,213.46,40.33,-81.8,1,0.0403,0,Normal,Normal
2026-03-15 15:46:10,27.239,4.303,24.79,101.03,33.54,4.61,216.77,35.72,-74.56,1,0.0433,0,Normal,Normal
2026-03-15 15:46:20,27.239,4.499,26.38,101.38,31.1,4.442,230.4,40.0,-73.49,1,0.0441,0,Normal,Normal
2026-03-15 15:46:30,27.242,4.546,25.68,101.74,28.77,4.272,205.38,41.13,-71.76,1,0.066,0,Normal,Normal
2026-03-15 15:46:40,27.35,4.103,24.48,101.4,26.89,3.903,192.49,38.95,-72.15,1,0.0586,0,Normal,Normal
2026-03-15 15:46:50,27.07,4.085,23.21,100.56,26.26,2.865,199.03,35.44,-70.5,1,0.0914,0,Normal,Normal
2026-03-15 15:47:00,26.353,4.331,26.81,101.1,24.09,3.066,216.42,41.01,-72.61,1,0.0578,0,Normal,Normal
2026-03-15 15:47:10,27.556,4.078,22.73,101.66,23.98,3.299,203.61,37.19,-71.77,1,0.044,0,Normal,Normal
2026-03-15 15:47:20,27.714,4.515,25.61,101.61,21.86,3.1,225.09,39.85,-71.76,1,0.0427,0,Normal,Normal
2026-03-15 15:47:30,26.969,4.301,22.19,100.4,19.38,2.79,211.26,35.7,-72.83,1,0.0611,0,Normal,Normal
2026-03-15 15:47:40,26.81,4.827,25.89,101.38,21.34,2.815,199.24,40.91,-69.66,1,0.0747,0,Normal,Normal
2026-03-15 15:47:50,27.066,4.463,25.95,101.68,17.92,2.512,197.27,41.32,-68.61,1,0.0764,0,Normal,Normal
2026-03-15 15:48:00,27.028,4.218,21.49,101.52,15.72,2.377,199.0,35.3,-71.06,1,0.0621,0,Normal,Normal
2026-03-15 15:48:10,27.36,5.05,24.95,101.56,15.8,1.944,185.15,40.78,-72.2,1,0.0637,0,Normal,Normal
2026-03-15 15:48:20,27.055,4.79,24.75,102.12,14.9,2.35,203.03,38.56,-73.76,1,0.0563,0,Normal,Normal
2026-03-15 15:48:30,26.778,4.794,25.17,101.28,11.59,1.702,205.53,38.59,-69.24,1,0.06,0,Normal,Normal
2026-03-15 15:48:40,26.598,5.101,24.59,101.42,13.01,1.242,191.46,40.22,-73.11,1,0.0419,0,Normal,Normal
2026-03-15 15:48:50,27.231,5.083,22.52,100.92,10.34,1.3,186.04,38.1,-69.42,1,0.046,0,Normal,Normal
2026-03-15 15:49:00,27.129,4.711,23.55,101.05,12.69,1.318,190.47,36.81,-69.31,1,0.0492,0,Normal,Normal
2026-03-15 15:49:10,27.245,4.822,26.29,101.17,10.37,1.667,205.08,39.38,-66.3,1,0.0564,0,Normal,Normal
2026-03-15 15:49:20,26.614,4.688,22.05,101.64,8.43,1.191,202.92,38.17,-65.15,1,0.0481,0,Normal,Normal
2026-03-15 15:49:30,27.433,4.629,24.12,101.0,7.24,1.036,197.65,37.99,-78.24,1,0.0471,0,Normal,Normal
2026-03-15 15:49:40,26.337,5.167,25.28,101.79,7.28,0.566,208.54,39.28,-69.54,1,0.0524,0,Normal,Normal
2026-03-15 15:49:50,27.051,5.145,21.98,100.86,7.48,1.189,181.41,35.68,-75.05,1,0.0475,0,Normal,Normal
2026-03-15 15:50:00,26.243,5.26,21.26,101.56,6.11,0.603,192.81,36.84,-65.09,1,0.0411,0,Normal,Normal
2026-03-15 15:50:10,26.557,5.411,21.4,101.52,5.32,0.72,198.55,37.97,-68.47,1,0.0923,0,Normal,Normal
2026-03-15 15:50:20,27.241,5.304,23.8,101.4,5.13,1.204,200.01,37.89,-64.77,1,0.0791,0,Normal,Normal
2026-03-15 15:50:30,27.0,5.344,21.21,101.69,3.87,0.8,199.78,38.12,-67.28,1,0.0406,0,Normal,Normal
2026-03-15 15:50:40,26.565,4.624,22.84,101.0,3.75,0.0,198.83,36.17,-71.94,1,0.0513,0,Normal,Normal
2026-03-15 15:50:50,26.552,5.082,25.01,101.11,1.27,0.0,203.31,38.67,-70.63,1,0.0587,0,Normal,Normal
2026-03-15 15:51:00,26.717,5.413,22.79,100.91,4.59,0.441,198.58,37.6,-67.97,1,0.0541,0,Normal,Normal
2026-03-15 15:51:10,26.82,4.892,21.61,101.3,3.46,0.0,183.02,34.63,-65.71,1,0.0465,0,Normal,Normal
2026-03-15 15:51:20,27.02,5.218,22.88,101.25,1.88,0.607,188.41,37.67,-67.09,1,0.0644,0,Normal,Normal
2026-03-15 15:51:30,26.486,5.335,22.5,101.64,4.82,0.359,178.29,35.88,-66.59,1,0.0543,0,Normal,Normal
2026-03-15 15:51:40,26.119,5.324,23.2,101.45,2.41,0.37,199.65,35.34,-68.05,1,0.0441,0,Normal,Normal
2026-03-15 15:51:50,26.629,5.314,24.86,101.58,0.84,0.035,201.08,36.77,-63.45,1,0.0542,0,Normal,Normal
2026-03-15 15:52:00,26.424,5.379,22.93,101.22,2.92,0.865,181.61,36.55,-66.27,1,0.0448,0,Normal,Normal
2026-03-15 15:52:10,26.15,5.281,25.3,101.46,2.19,1.227,188.21,39.8,-66.44,1,0.0536,0,Normal,Normal
2026-03-15 15:52:20,26.61,4.876,22.84,102.03,2.03,0.113,177.09,35.21,-65.57,1,0.0617,0,Normal,Normal
2026-03-15 15:52:30,26.436,5.374,20.92,100.76,0.9,0.314,190.06,35.13,-67.58,1,0.0454,0,Normal,Normal
2026-03-15 15:52:40,26.572,5.323,25.41,100.56,1.82,0.207,184.31,39.63,-67.28,1,0.045,0,Normal,Normal
2026-03-15 15:52:50,26.192,4.894,21.7,101.55,0.84,0.066,181.5,35.5,-64.67,1,0.0595,0,Normal,Normal
2026-03-15 15:53:00,26.586,5.606,20.22,100.96,1.72,0.0,190.57,33.11,-63.68,1,0.0507,0,Normal,Normal
2026-03-15 15:53:10,26.025,5.398,25.19,100.75,0.0,0.0,205.75,39.48,-63.27,1,0.0422,0,Normal,Normal
2026-03-15 15:53:20,26.153,4.922,20.52,101.51,0.35,0.0,196.99,34.35,-66.4,1,0.0518,0,Normal,Normal
2026-03-15 15:53:30,26.309,5.066,20.37,100.9,2.86,0.249,188.56,35.55,-65.36,1,0.0563,0,Normal,Normal
2026-03-15 15:53:40,26.885,5.132,20.61,101.92,0.0,0.0,190.13,33.06,-67.46,1,0.0501,0,Normal,Normal
2026-03-15 15:53:50,26.579,5.134,21.59,101.36,0.0,0.0,205.5,35.73,-63.2,1,0.0547,0,Normal,Normal
2026-03-15 15:54:00,26.648,5.351,22.65,101.22,0.06,0.236,200.5,35.12,-68.32,1,0.0468,0,Normal,Normal
2026-03-15 15:54:10,26.731,5.036,17.19,100.97,0.0,0.06,187.91,30.9,-64.75,1,0.0715,0,Normal,Normal
2026-03-15 15:54:20,27.368,5.563,22.46,101.39,0.0,0.538,194.37,35.14,-62.72,1,0.0441,0,Normal,Normal
2026-03-15 15:54:30,26.281,5.545,20.14,100.66,0.17,0.192,182.34,33.04,-64.92,1,0.045,0,Normal,Normal
2026-03-15 15:54:40,26.677,5.439,20.26,100.31,0.58,0.0,190.5,34.26,-64.34,1,0.0623,0,Normal,Normal
2026-03-15 15:54:50,26.536,5.297,23.36,100.68,0.31,0.0,196.39,36.68,-66.01,1,0.0409,0,Normal,Normal
2026-03-15 15:55:00,26.513,5.521,21.02,101.75,0.17,0.0,198.41,36.78,-70.71,1,0.1056,0,Normal,Normal
2026-03-15 15:55:10,26.729,5.219,21.28,100.93,0.37,0.0,185.11,36.69,-67.13,1,0.0549,0,Normal,Normal
2026-03-15 15:55:20,26.053,5.108,20.44,100.73,1.52,0.369,198.23,35.4,-64.95,1,0.0647,0,Normal,Normal
2026-03-15 15:55:30,26.012,5.588,21.56,101.26,0.04,0.033,191.38,36.51,-67.12,1,0.0532,0,Normal,Normal
2026-03-15 15:55:40,26.24,5.37,22.75,102.19,0.0,0.43,187.87,36.91,-63.58,1,0.0631,0,Normal,Normal
2026-03-15 15:55:50,26.073,5.121,16.52,101.74,0.0,0.0,205.44,32.09,-69.41,1,0.0485,0,Normal,Normal
2026-03-15 15:56:00,26.206,5.188,21.77,100.98,0.9,0.366,187.27,35.41,-70.82,1,0.0529,0,Normal,Normal
2026-03-15 15:56:10,26.563,5.109,22.37,100.97,1.88,0.278,181.27,38.91,-62.92,1,0.0563,0,Normal,Normal
2026-03-15 15:56:20,25.934,5.799,20.71,100.98,0.0,0.0,184.75,33.57,-65.94,1,0.0748,0,Normal,Normal
2026-03-15 15:56:30,25.97,5.295,18.84,100.94,0.28,0.485,195.92,31.49,-63.97,1,0.0405,0,Normal,Normal
2026-03-15 15:56:40,26.098,5.334,18.04,101.52,0.55,0.053,182.21,30.36,-66.58,1,0.0417,0,Normal,Normal
2026-03-15 15:56:50,25.961,5.475,23.22,101.17,0.0,0.156,196.74,35.75,-63.34,1,0.0576,0,Normal,Normal
2026-03-15 15:57:00,25.44,4.991,18.22,100.85,0.15,0.0,183.26,30.27,-60.98,1,0.0463,0,Normal,Normal
2026-03-15 15:57:10,25.824,5.57,21.76,100.77,0.0,0.462,189.49,36.02,-60.8,1,0.057,0,Normal,Normal
2026-03-15 15:57:20,26.189,5.144,19.98,102.22,0.0,0.0,207.76,35.01,-67.06,1,0.0439,0,Normal,Normal
2026-03-15 15:57:30,26.399,5.754,22.37,101.6,0.54,0.305,183.01,36.41,-66.42,1,0.0548,0,Normal,Normal
2026-03-15 15:57:40,25.607,5.218,18.73,100.96,0.0,0.3,173.91,31.07,-64.68,1,0.0498,0,Normal,Normal
2026-03-15 15:57:50,25.591,5.556,16.71,101.78,0.33,0.0,201.0,30.14,-59.63,1,0.042,0,Normal,Normal
2026-03-15 15:58:00,25.933,4.673,19.03,100.84,0.06,0.705,178.86,34.04,-68.76,1,0.0798,0,Normal,Normal
2026-03-15 15:58:10,25.287,5.003,16.7,101.25,0.0,0.091,183.56,30.29,-68.79,1,0.0636,0,Normal,Normal
2026-03-15 15:58:20,25.762,5.224,22.86,101.2,0.02,0.238,195.88,35.9,-62.81,1,0.0628,0,Normal,Normal
2026-03-15 15:58:30,25.361,4.79,19.69,101.37,0.0,0.0,195.56,31.88,-67.49,1,0.0579,0,Normal,Normal
2026-03-15 15:58:40,26.279,5.448,19.82,100.92,1.73,0.75,171.05,33.32,-63.59,1,0.0403,0,Normal,Normal
2026-03-15 15:58:50,25.624,5.376,19.73,101.35,0.0,0.0,187.3,32.89,-67.4,1,0.0505,0,Normal,Normal
2026-03-15 15:59:00,26.338,5.05,17.43,100.6,0.0,0.366,196.86,31.33,-64.67,1,0.0609,0,Normal,Normal
2026-03-15 15:59:10,26.163,5.294,18.18,101.15,0.0,0.0,206.26,32.76,-67.35,1,0.0437,0,Normal,Normal
2026-03-15 15:59:20,25.622,5.5,18.46,101.83,0.73,0.0,180.12,32.12,-68.93,1,0.0543,0,Normal,Normal
2026-03-15 15:59:30,25.482,4.773,21.12,101.71,0.0,0.282,198.58,35.34,-65.57,1,0.0798,0,Normal,Normal
2026-03-15 15:59:40,25.734,4.98,16.37,101.02,0.0,0.365,184.73,30.94,-69.75,1,0.061,0,Normal,Normal
2026-03-15 15:59:50,25.748,5.215,16.93,100.69,1.06,0.0,198.36,29.45,-64.86,1,0.0519,0,Normal,Normal
2026-03-15 16:00:00,25.872,5.305,17.39,100.43,0.07,0.387,181.7,33.65,-67.04,1,0.0456,0,Normal,Normal
2026-03-15 16:00:10,25.523,5.284,16.83,101.55,0.66,0.371,188.19,29.94,-70.54,1,0.0552,0,Normal,Normal
2026-03-15 16:00:20,25.969,5.521,15.56,101.41,0.0,0.0,193.12,30.18,-85.67,1,0.0588,1,Communication signal drop,Warning
2026-03-15 16:00:30,25.814,5.418,13.6,101.45,0.0,0.564,197.66,26.24,-84.98,1,0.0552,1,Communication signal drop,Warning
2026-03-15 16:00:40,25.621,5.473,14.83,101.98,0.16,0.0,194.58,28.96,-95.17,1,0.0611,1,Communication signal drop,Warning
2026-03-15 16:00:50,25.499,4.951,19.13,101.36,0.0,0.0,186.59,33.31,-92.81,1,0.0449,1,Communication signal drop,Warning
2026-03-15 16:01:00,25.647,5.335,17.38,101.39,0.78,0.171,186.0,33.37,-93.62,1,0.0506,1,Communication signal drop,Warning
2026-03-15 16:01:10,25.447,5.222,18.56,100.74,0.0,0.0,204.25,32.28,-92.96,1,0.0519,1,Communication signal drop,Warning
2026-03-15 16:01:20,25.7,5.665,16.35,101.95,0.27,0.096,192.24,31.91,-92.45,1,0.0414,1,Communication signal drop,Warning
2026-03-15 16:01:30,25.699,5.343,16.99,101.23,0.0,0.088,186.21,31.33,-93.7,1,0.0429,1,Communication signal drop,Warning
2026-03-15 16:01:40,25.742,5.132,19.47,100.97,2.29,0.0,194.32,35.69,-88.07,1,0.0455,1,Communication signal drop,Warning
2026-03-15 16:01:50,26.184,5.512,19.29,101.38,0.0,0.294,195.0,31.15,-97.08,1,0.0407,1,Communication signal drop,Warning
2026-03-15 16:02:00,25.606,5.44,18.29,102.1,0.86,0.0,179.19,32.87,-96.51,1,0.044,1,Communication signal drop,Warning
2026-03-15 16:02:10,25.938,5.094,17.09,102.15,0.0,0.084,193.9,27.88,-97.09,1,0.0511,1,Communication signal drop,Warning
2026-03-15 16:02:20,25.698,5.212,17.48,100.91,0.39,0.404,177.96,31.41,-86.31,1,0.0517,1,Communication signal drop,Warning
2026-03-15 16:02:30,25.549,5.216,17.18,101.77,0.0,0.279,184.85,32.4,-94.64,1,0.0443,1,Communication signal drop,Warning
2026-03-15 16:02:40,25.577,5.606,16.28,101.43,0.56,0.277,182.12,32.02,-96.87,1,0.0839,1,Communication signal drop,Warning
2026-03-15 16:02:50,25.588,5.35,15.84,101.7,0.0,0.0,188.98,30.73,-84.34,1,0.0494,1,Communication signal drop,Warning
2026-03-15 16:03:00,25.682,5.481,18.05,101.41,0.05,0.186,186.51,31.7,-95.03,1,0.0552,1,Communication signal drop,Warning
2026-03-15 16:03:10,25.303,5.176,14.34,101.55,0.85,0.0,188.41,29.0,-95.49,1,0.0405,1,Communication signal drop,Warning
2026-03-15 16:03:20,25.144,5.383,18.43,101.83,0.0,0.0,174.85,35.45,-93.42,1,0.0476,1,Communication signal drop,Warning
2026-03-15 16:03:30,25.774,5.625,15.71,100.6,0.0,0.0,189.4,29.8,-93.36,1,0.0517,1,Communication signal drop,Warning
2026-03-15 16:03:40,25.841,5.209,14.07,101.44,0.56,0.0,181.2,29.22,-64.49,1,0.0456,0,Normal,Normal
2026-03-15 16:03:50,25.789,5.328,15.14,100.83,2.53,0.279,208.28,28.63,-67.65,1,0.0428,0,Normal,Normal
2026-03-15 16:04:00,25.606,4.959,14.57,101.11,0.0,0.287,186.81,29.85,-63.15,1,0.0434,0,Normal,Normal
2026-03-15 16:04:10,25.784,5.108,14.94,101.3,0.72,0.0,187.95,30.02,-69.34,1,0.0494,0,Normal,Normal
2026-03-15 16:04:20,25.763,5.216,14.83,100.9,0.0,0.0,195.57,28.1,-73.59,1,0.0411,0,Normal,Normal
2026-03-15 16:04:30,25.78,5.034,14.69,101.07,2.34,0.0,200.59,29.63,-70.12,1,0.044,0,Normal,Normal
2026-03-15 16:04:40,25.281,5.63,15.1,100.74,0.0,0.0,180.59,30.09,-69.5,1,0.0591,0,Normal,Normal
2026-03-15 16:04:50,25.205,5.09,15.39,101.06,0.13,0.161,194.59,30.28,-69.52,1,0.0436,0,Normal,Normal
2026-03-15 16:05:00,25.414,5.496,16.56,101.5,0.0,0.0,197.74,30.51,-72.91,1,0.0419,0,Normal,Normal
2026-03-15 16:05:10,25.521,5.346,14.97,101.65,0.0,0.0,191.49,30.44,-66.39,1,0.0413,0,Normal,Normal
2026-03-15 16:05:20,25.45,5.307,15.75,100.99,0.37,0.457,191.32,28.63,-75.83,1,0.1073,0,Normal,Normal
2026-03-15 16:05:30,24.956,5.671,15.2,101.83,0.18,0.0,185.91,29.21,-71.23,1,0.0414,0,Normal,Normal
2026-03-15 16:05:40,26.033,4.734,15.92,101.53,0.0,0.434,187.43,30.06,-73.35,1,0.0485,0,Normal,Normal
2026-03-15 16:05:50,25.431,5.251,15.11,101.87,0.0,0.0,189.15,30.51,-75.02,1,0.0507,0,Normal,Normal
2026-03-15 16:06:00,25.563,5.03,14.0,100.59,3.73,0.0,186.6,26.84,-72.18,1,0.0901,0,Normal,Normal
2026-03-15 16:06:10,25.882,4.809,13.52,101.42,0.0,0.0,197.11,27.81,-69.38,1,0.0733,0,Normal,Normal
2026-03-15 16:06:20,24.803,5.001,15.14,101.54,0.62,0.541,183.03,28.55,-72.17,1,0.0441,0,Normal,Normal
2026-03-15 16:06:30,25.351,5.304,16.66,100.61,0.0,0.0,196.85,30.79,-72.79,1,0.0413,0,Normal,Normal
2026-03-15 16:06:40,25.387,5.118,14.34,102.27,0.36,0.005,200.63,28.81,-79.9,1,0.0486,0,Normal,Normal
2026-03-15 16:06:50,25.401,5.524,13.56,101.05,0.0,0.186,192.97,26.03,-71.31,1,0.0416,0,Normal,Normal
2026-03-15 16:07:00,25.449,5.246,14.16,101.52,0.0,0.0,175.69,29.68,-75.52,1,0.0707,0,Normal,Normal
2026-03-15 16:07:10,25.935,5.218,13.63,101.67,2.19,0.0,194.9,28.15,-72.93,1,0.0582,0,Normal,Normal
2026-03-15 16:07:20,25.702,5.22,13.41,101.34,1.42,0.0,184.86,26.38,-72.01,1,0.0832,0,Normal,Normal
2026-03-15 16:07:30,25.787,5.275,12.18,101.85,0.17,0.0,185.79,25.77,-74.42,1,0.0526,0,Normal,Normal
2026-03-15 16:07:40,25.514,5.195,13.91,102.1,0.0,0.0,192.9,29.7,-81.24,1,0.0468,0,Normal,Normal
2026-03-15 16:07:50,25.081,5.087,14.57,100.86,0.0,0.0,198.85,29.07,-71.22,1,0.0504,0,Normal,Normal
2026-03-15 16:08:00,24.877,5.547,12.53,101.35,3.25,0.229,176.72,25.37,-70.28,1,0.0426,0,Normal,Normal
2026-03-15 16:08:10,25.043,5.144,12.77,101.67,0.0,0.0,190.47,25.83,-73.49,1,0.0493,0,Normal,Normal
2026-03-15 16:08:20,25.611,5.204,12.6,100.65,1.33,0.379,205.94,27.35,-78.34,1,0.12,0,Normal,Normal
2026-03-15 16:08:30,25.514,5.407,11.88,101.73,1.74,0.0,181.22,26.78,-72.7,1,0.0576,0,Normal,Normal
2026-03-15 16:08:40,25.444,5.379,12.47,101.98,0.27,0.0,188.4,26.9,-77.47,1,0.041,0,Normal,Normal
2026-03-15 16:08:50,25.398,5.076,13.55,101.81,0.0,0.676,185.08,27.2,-77.05,1,0.0594,0,Normal,Normal
2026-03-15 16:09:00,26.114,5.488,11.77,101.48,0.0,0.0,195.63,26.74,-73.49,1,0.0416,0,Normal,Normal
2026-03-15 16:09:10,25.267,5.434,13.52,101.92,0.83,0.0,180.0,27.14,-75.36,1,0.0474,0,Normal,Normal
2026-03-15 16:09:20,25.795,5.344,12.61,101.44,0.0,0.0,177.44,25.59,-84.59,1,0.0631,0,Normal,Normal
2026-03-15 16:09:30,25.52,5.192,12.22,100.77,0.22,0.378,196.66,28.12,-77.13,1,0.0421,0,Normal,Normal
2026-03-15 16:09:40,25.505,5.198,14.12,101.09,0.0,0.0,191.92,28.71,-74.42,1,0.0452,0,Normal,Normal
2026-03-15 16:09:50,25.879,5.249,12.54,101.2,0.0,0.0,180.52,25.6,-82.29,1,0.0433,0,Normal,Normal
2026-03-15 16:10:00,25.969,4.992,12.74,101.27,0.05,0.0,189.46,26.9,-75.49,1,0.0706,0,Normal,Normal
2026-03-15 16:10:10,25.463,5.29,15.34,101.26,0.33,0.356,179.75,29.37,-83.65,1,0.0424,0,Normal,Normal
2026-03-15 16:10:20,25.779,5.523,11.96,101.16,0.0,0.0,197.39,25.54,-79.5,1,0.0515,0,Normal,Normal
2026-03-15 16:10:30,18.162,9.625,15.64,101.39,1.45,0.822,246.56,29.92,-77.44,1,0.0448,1,Battery voltage drop,Critical
2026-03-15 16:10:40,16.491,10.381,12.72,101.9,0.0,0.049,234.11,25.6,-80.04,1,0.0506,1,Battery voltage drop,Critical
2026-03-15 16:10:50,17.616,10.99,11.49,101.39,0.0,0.373,257.46,26.54,-75.96,1,0.0427,1,Battery voltage drop,Critical
2026-03-15 16:11:00,18.657,9.303,12.31,101.55,0.0,0.284,247.66,26.3,-83.94,1,0.0613,1,Battery voltage drop,Critical
2026-03-15 16:11:10,18.803,8.953,13.2,100.42,0.05,0.0,231.05,25.27,-77.45,1,0.0555,1,Battery voltage drop,Critical
2026-03-15 16:11:20,17.803,9.992,14.93,101.35,0.21,0.0,257.77,28.66,-79.94,1,0.0407,1,Battery voltage drop,Critical
2026-03-15 16:11:30,18.125,9.48,14.2,101.73,1.65,0.118,261.55,27.46,-82.86,1,0.0842,1,Battery voltage drop,Critical
2026-03-15 16:11:40,18.943,10.306,13.05,101.8,0.0,0.181,249.01,23.47,-79.18,1,0.0735,1,Battery voltage drop,Critical
2026-03-15 16:11:50,16.145,10.083,14.8,101.76,0.0,0.0,249.81,28.62,-80.9,1,0.0453,1,Battery voltage drop,Critical
2026-03-15 16:12:00,17.361,10.277,10.05,101.42,0.0,0.06,227.79,25.29,-76.44,1,0.0452,1,Battery voltage drop,Critical
2026-03-15 16:12:10,16.501,10.354,13.2,101.47,1.0,0.435,250.92,27.07,-79.31,1,0.0504,1,Battery voltage drop,Critical
2026-03-15 16:12:20,17.009,10.328,13.25,101.03,0.24,0.727,247.76,28.1,-80.01,1,0.0545,1,Battery voltage drop,Critical
2026-03-15 16:12:30,18.479,10.888,13.23,101.64,0.0,0.301,262.14,27.24,-83.45,1,0.0452,1,Battery voltage drop,Critical
2026-03-15 16:12:40,17.519,10.147,10.3,101.03,0.0,0.654,249.5,23.75,-81.16,1,0.0638,1,Battery voltage drop,Critical
2026-03-15 16:12:50,19.062,9.513,11.15,101.57,1.75,0.0,225.76,24.27,-83.5,1,0.0412,1,Battery voltage drop,Critical
2026-03-15 16:13:00,18.072,9.856,12.39,101.32,0.0,0.248,226.78,24.85,-82.13,1,0.0476,1,Battery voltage drop,Critical
2026-03-15 16:13:10,17.433,9.724,14.27,101.31,0.0,0.471,258.65,29.38,-78.38,1,0.0522,1,Battery voltage drop,Critical
2026-03-15 16:13:20,17.963,8.94,15.44,101.7,0.45,0.0,257.39,30.32,-83.13,1,0.0641,1,Battery voltage drop,Critical
2026-03-15 16:13:30,16.413,10.507,11.53,101.52,0.0,0.0,272.6,25.2,-86.77,1,0.0708,1,Battery voltage drop,Critical
2026-03-15 16:13:40,18.155,9.806,10.53,101.41,0.0,0.612,240.19,22.1,-81.1,1,0.0442,1,Battery voltage drop,Critical
2026-03-15 16:13:50,18.046,8.99,13.69,101.1,0.0,0.0,247.9,28.26,-80.37,1,0.0441,1,Battery voltage drop,Critical
2026-03-15 16:14:00,16.199,9.751,16.36,101.94,0.89,0.0,256.27,29.27,-78.11,1,0.0469,1,Battery voltage drop,Critical
2026-03-15 16:14:10,17.502,10.756,14.07,101.43,0.0,0.539,211.7,28.24,-80.43,1,0.0484,1,Battery voltage drop,Critical
2026-03-15 16:14:20,18.431,8.957,11.25,101.6,3.54,0.423,257.5,23.4,-83.97,1,0.0683,1,Battery voltage drop,Critical
2026-03-15 16:14:30,18.213,10.388,16.64,101.33,0.0,0.156,243.4,30.75,-82.51,1,0.0401,1,Battery voltage drop,Critical
2026-03-15 16:14:40,18.185,9.925,13.35,101.02,0.0,0.0,259.55,27.2,-82.25,1,0.0573,1,Battery voltage drop,Critical
2026-03-15 16:14:50,17.62,9.215,11.11,101.44,0.0,0.0,263.55,22.22,-82.24,1,0.0437,1,Battery voltage drop,Critical
2026-03-15 16:15:00,17.428,10.509,15.17,101.06,0.33,0.104,254.94,31.12,-91.08,1,0.0721,1,Battery voltage drop,Critical
2026-03-15 16:15:10,18.641,9.356,10.94,101.48,0.0,0.558,227.39,24.55,-85.49,1,0.0457,1,Battery voltage drop,Critical
2026-03-15 16:15:20,17.159,10.2,11.29,99.99,0.78,0.089,262.35,24.98,-82.45,1,0.0516,1,Battery voltage drop,Critical
2026-03-15 16:15:30,25.966,5.94,13.29,101.14,0.0,0.764,181.78,27.94,-80.69,1,0.046,0,Normal,Normal
2026-03-15 16:15:40,25.562,4.776,12.15,101.29,0.0,0.0,194.86,26.09,-85.99,1,0.0483,0,Normal,Normal
2026-03-15 16:15:50,25.643,5.226,12.22,100.92,0.0,0.0,196.21,26.66,-85.43,1,0.0511,0,Normal,Normal
2026-03-15 16:16:00,25.948,5.272,12.21,101.45,0.0,0.0,188.04,24.83,-84.99,1,0.0606,0,Normal,Normal
2026-03-15 16:16:10,26.423,5.517,13.8,101.13,0.0,0.0,185.27,27.63,-84.76,1,0.0419,0,Normal,Normal
2026-03-15 16:16:20,26.297,5.824,8.63,101.3,0.0,0.0,194.59,22.0,-81.87,1,0.0465,0,Normal,Normal
2026-03-15 16:16:30,26.057,5.393,12.53,101.08,0.0,0.155,178.2,26.24,-86.73,1,0.0553,0,Normal,Normal
2026-03-15 16:16:40,25.941,5.833,11.65,101.69,1.56,0.193,205.65,27.38,-81.99,1,0.0533,0,Normal,Normal
2026-03-15 16:16:50,26.33,5.34,10.94,101.52,1.55,0.77,193.67,23.14,-80.39,1,0.0628,0,Normal,Normal
2026-03-15 16:17:00,26.162,5.41,10.93,101.42,0.0,0.174,188.78,24.51,-85.88,1,0.073,0,Normal,Normal
2026-03-15 16:17:10,25.25,5.379,8.09,101.32,0.0,0.414,196.7,22.0,-86.05,1,0.0415,0,Normal,Normal
2026-03-15 16:17:20,25.637,5.602,10.84,102.31,0.0,0.036,195.11,24.85,-84.33,1,0.0588,0,Normal,Normal
2026-03-15 16:17:30,26.069,5.191,13.97,101.24,0.0,0.601,191.95,28.53,-86.61,1,0.045,0,Normal,Normal
2026-03-15 16:17:40,25.447,5.5,13.27,101.02,0.0,0.854,174.96,27.73,-85.15,1,0.0498,0,Normal,Normal
2026-03-15 16:17:50,25.729,4.988,11.73,100.83,0.0,0.202,193.37,25.01,-89.33,1,0.0548,0,Normal,Normal
2026-03-15 16:18:00,25.804,5.224,9.89,101.66,0.0,0.0,201.74,22.0,-82.38,1,0.0424,0,Normal,Normal
2026-03-15 16:18:10,25.953,5.136,13.24,101.95,0.0,0.0,185.66,25.75,-79.98,1,0.0464,0,Normal,Normal
2026-03-15 16:18:20,25.959,5.316,13.97,100.96,0.0,0.119,197.78,29.48,-87.0,1,0.096,0,Normal,Normal
2026-03-15 16:18:30,25.975,5.215,13.55,101.19,0.41,0.182,196.91,28.61,-89.93,1,0.0422,0,Normal,Normal
2026-03-15 16:18:40,26.325,5.576,10.55,101.16,0.61,0.268,192.48,24.44,-82.24,1,0.0413,0,Normal,Normal
2026-03-15 16:18:50,26.014,5.073,10.7,101.25,0.0,0.187,191.5,24.9,-86.25,1,0.0672,0,Normal,Normal
2026-03-15 16:19:00,25.995,4.859,14.49,100.59,1.73,0.03,194.63,27.25,-87.0,1,0.0484,0,Normal,Normal
2026-03-15 16:19:10,25.723,4.952,10.19,101.62,0.0,0.0,193.49,25.74,-85.35,1,0.0568,0,Normal,Normal
2026-03-15 16:19:20,26.452,5.539,12.72,101.78,0.0,0.173,205.3,25.86,-88.63,1,0.0455,0,Normal,Normal
2026-03-15 16:19:30,25.96,5.048,9.34,100.54,0.72,0.685,197.93,23.87,-83.5,1,0.0433,0,Normal,Normal
2026-03-15 16:19:40,25.853,5.389,11.57,102.0,0.0,0.396,195.87,23.97,-88.71,1,0.0436,0,Normal,Normal
2026-03-15 16:19:50,26.261,5.214,12.9,101.95,0.7,0.23,198.69,26.69,-88.44,1,0.0433,0,Normal,Normal
2026-03-15 16:20:00,25.984,5.493,11.99,100.07,0.0,0.407,195.91,27.48,-88.44,1,0.0443,0,Normal,Normal
2026-03-15 16:20:10,26.075,5.228,12.82,100.43,2.05,0.0,173.63,25.69,-84.31,1,0.0438,0,Normal,Normal
2026-03-15 16:20:20,26.328,5.976,10.21,101.25,1.22,0.0,189.37,25.11,-90.2,1,0.0652,0,Normal,Normal
2026-03-15 16:20:30,26.171,5.758,10.83,101.83,0.0,0.0,185.37,23.53,-78.44,1,0.0514,0,Normal,Normal
2026-03-15 16:20:40,26.981,5.203,12.79,101.42,0.0,0.023,192.98,25.71,-85.77,1,0.0453,0,Normal,Normal
2026-03-15 16:20:50,26.283,5.167,13.13,101.31,2.55,0.0,185.94,27.12,-90.93,1,0.0463,0,Normal,Normal
2026-03-15 16:21:00,26.51,6.061,12.43,101.53,0.0,0.503,195.16,27.59,-87.69,1,0.0875,0,Normal,Normal
2026-03-15 16:21:10,25.761,5.006,13.53,100.98,0.0,0.0,187.11,27.18,-82.64,1,0.043,0,Normal,Normal
2026-03-15 16:21:20,26.104,5.259,9.64,101.81,0.0,0.0,204.1,24.39,-80.31,1,0.0727,0,Normal,Normal
2026-03-15 16:21:30,26.056,5.276,11.45,101.26,0.37,0.787,203.78,26.82,-83.78,1,0.06,0,Normal,Normal
2026-03-15 16:21:40,26.115,5.267,14.9,100.65,0.59,0.0,179.06,27.97,-83.93,1,0.0543,0,Normal,Normal
2026-03-15 16:21:50,26.545,4.83,14.11,100.98,1.81,0.183,193.28,26.28,-88.68,1,0.0547,0,Normal,Normal
2026-03-15 16:22:00,26.751,5.385,13.16,101.45,0.0,0.3,187.07,26.73,-120.96,0,0.0482,1,Communication signal drop,Critical
2026-03-15 16:22:10,26.563,5.014,11.99,101.18,0.0,0.0,192.86,27.52,-122.0,0,0.0487,1,Communication signal drop,Critical
2026-03-15 16:22:20,26.412,5.611,13.8,101.14,1.82,0.605,195.62,26.83,-128.78,0,0.0639,1,Communication signal drop,Critical
2026-03-15 16:22:30,26.311,4.883,12.92,101.38,2.62,0.414,180.8,28.13,-124.58,0,0.065,1,Communication signal drop,Critical
2026-03-15 16:22:40,26.854,5.257,10.02,101.44,0.0,0.756,183.34,23.71,-131.57,0,0.0527,1,Communication signal drop,Critical
2026-03-15 16:22:50,27.162,4.682,13.82,100.81,3.01,0.0,184.46,29.92,-132.25,0,0.062,1,Communication signal drop,Critical
2026-03-15 16:23:00,26.602,4.691,11.05,101.79,1.93,0.291,186.97,27.75,-114.39,0,0.0649,1,Communication signal drop,Critical
2026-03-15 16:23:10,26.863,5.012,13.52,101.25,3.4,0.296,187.34,28.75,-117.68,0,0.0461,1,Communication signal drop,Critical
2026-03-15 16:23:20,26.705,5.039,9.98,101.47,2.22,0.404,198.05,22.01,-124.97,0,0.0546,1,Communication signal drop,Critical
2026-03-15 16:23:30,26.85,5.571,14.83,101.34,0.0,0.0,193.63,25.95,-124.14,0,0.0486,1,Communication signal drop,Critical
2026-03-15 16:23:40,26.295,5.185,12.05,101.14,2.62,0.419,185.08,26.13,-122.06,0,0.0415,1,Communication signal drop,Critical
2026-03-15 16:23:50,26.519,5.507,10.83,101.66,4.37,0.0,189.7,25.92,-129.29,0,0.0557,1,Communication signal drop,Critical
2026-03-15 16:24:00,26.805,5.077,11.5,101.33,2.35,0.589,173.54,26.1,-123.69,0,0.0533,1,Communication signal drop,Critical
2026-03-15 16:24:10,27.072,5.31,12.06,101.33,3.31,0.0,208.91,25.19,-119.9,0,0.0416,1,Communication signal drop,Critical
2026-03-15 16:24:20,26.484,4.962,12.59,100.3,3.95,0.0,193.18,24.81,-126.49,0,0.0411,1,Communication signal drop,Critical
2026-03-15 16:24:30,26.141,4.929,14.61,101.63,1.11,0.908,201.29,29.73,-128.01,0,0.0443,1,Communication signal drop,Critical
2026-03-15 16:24:40,26.623,4.655,12.78,101.23,7.07,0.494,200.04,29.01,-121.06,0,0.0669,1,Communication signal drop,Critical
2026-03-15 16:24:50,27.097,5.175,9.45,101.6,4.49,0.409,193.78,22.65,-121.16,0,0.041,1,Communication signal drop,Critical
2026-03-15 16:25:00,26.341,5.135,10.9,101.96,6.74,1.276,175.42,25.9,-131.52,0,0.0493,1,Communication signal drop,Critical
2026-03-15 16:25:10,26.485,5.241,16.93,101.63,6.64,1.028,190.46,34.05,-116.62,0,0.043,1,Communication signal drop,Critical
2026-03-15 16:25:20,26.907,5.076,13.03,101.32,8.92,1.309,198.23,26.81,-133.13,0,0.0444,1,Communication signal drop,Critical
2026-03-15 16:25:30,26.847,5.502,14.3,101.19,8.62,1.043,196.41,28.09,-122.79,0,0.062,1,Communication signal drop,Critical
2026-03-15 16:25:40,27.082,5.01,12.45,102.31,8.62,2.144,204.82,27.12,-123.63,0,0.0685,1,Communication signal drop,Critical
2026-03-15 16:25:50,26.558,5.183,11.45,101.49,8.67,1.108,197.09,25.11,-122.5,0,0.053,1,Communication signal drop,Critical
2026-03-15 16:26:00,26.851,4.82,12.28,101.38,11.59,2.051,212.49,27.89,-109.03,0,0.0698,1,Communication signal drop,Critical
2026-03-15 16:26:10,27.33,4.638,13.24,101.23,9.35,1.548,189.98,26.76,-84.54,1,0.0692,0,Normal,Normal
2026-03-15 16:26:20,26.636,5.007,12.4,100.94,13.38,1.129,203.34,26.37,-80.25,1,0.0438,0,Normal,Normal
2026-03-15 16:26:30,27.459,4.765,16.02,100.52,12.37,2.022,191.75,28.29,-83.1,1,0.0555,0,Normal,Normal
2026-03-15 16:26:40,26.719,4.952,12.27,101.91,16.32,2.117,208.12,25.98,-74.88,1,0.0626,0,Normal,Normal
2026-03-15 16:26:50,27.316,4.788,11.66,100.99,16.2,1.799,195.64,24.45,-78.48,1,0.0524,0,Normal,Normal
2026-03-15 16:27:00,26.972,4.455,14.5,101.22,18.01,2.012,188.52,28.92,-79.04,1,0.0646,0,Normal,Normal
2026-03-15 16:27:10,26.763,4.874,31.19,101.26,18.61,2.499,191.61,26.74,-96.42,1,0.7314,1,Multiple simultaneous abnormalities,Warning
2026-03-15 16:27:20,26.981,4.339,32.23,101.87,17.73,2.808,200.68,28.61,-97.88,1,0.6031,1,Multiple simultaneous abnormalities,Warning
2026-03-15 16:27:30,27.316,4.662,26.44,100.99,20.14,2.003,217.91,25.5,-92.81,1,0.5458,1,Multiple simultaneous abnormalities,Warning
2026-03-15 16:27:40,27.174,4.775,22.84,101.4,23.35,3.421,212.37,26.79,-100.45,1,0.4938,1,Multiple simultaneous abnormalities,Warning
2026-03-15 16:27:50,27.534,4.307,32.75,101.5,24.12,3.066,211.02,31.03,-100.18,1,0.7021,1,Multiple simultaneous abnormalities,Warning
2026-03-15 16:28:00,27.652,4.64,33.13,100.75,26.72,2.96,207.93,29.56,-96.45,1,0.8621,1,Multiple simultaneous abnormalities,Warning
2026-03-15 16:28:10,26.89,4.399,25.64,100.71,27.16,3.941,200.44,25.16,-96.99,1,0.4923,1,Multiple simultaneous abnormalities,Warning
2026-03-15 16:28:20,26.891,4.462,31.08,101.01,26.87,3.788,202.98,27.06,-94.41,1,0.5183,1,Multiple simultaneous abnormalities,Warning
2026-03-15 16:28:30,26.9,3.99,27.12,101.4,28.41,4.402,207.0,26.37,-96.04,1,0.5857,1,Multiple simultaneous abnormalities,Warning
2026-03-15 16:28:40,27.044,4.204,36.2,101.35,30.79,4.306,207.22,29.36,-92.98,1,0.6336,1,Multiple simultaneous abnormalities,Warning
2026-03-15 16:28:50,27.669,3.751,30.6,101.25,29.15,4.323,208.03,28.24,-96.67,1,0.938,1,Multiple simultaneous abnormalities,Warning
2026-03-15 16:29:00,27.529,4.485,26.27,101.56,35.15,4.435,206.56,26.85,-94.98,1,0.7143,1,Multiple simultaneous abnormalities,Warning
2026-03-15 16:29:10,27.22,3.51,28.75,100.96,34.84,4.815,215.06,26.16,-95.86,1,0.8592,1,Multiple simultaneous abnormalities,Warning
2026-03-15 16:29:20,27.404,3.883,32.85,101.23,36.89,4.651,209.81,27.65,-92.0,1,0.6138,1,Multiple simultaneous abnormalities,Warning
2026-03-15 16:29:30,27.851,3.7,30.4,101.25,34.57,4.64,225.64,27.6,-92.88,1,0.922,1,Multiple simultaneous abnormalities,Warning
2026-03-15 16:29:40,28.026,4.064,34.34,100.97,38.95,5.285,226.28,29.15,-94.7,1,0.8131,1,Multiple simultaneous abnormalities,Warning
2026-03-15 16:29:50,27.555,4.342,28.42,102.22,41.06,5.147,222.79,25.0,-94.11,1,0.6278,1,Multiple simultaneous abnormalities,Warning
2026-03-15 16:30:00,26.702,3.992,35.67,100.44,37.66,5.326,222.5,30.69,-96.91,1,0.8296,1,Multiple simultaneous abnormalities,Warning
2026-03-15 16:30:10,27.612,4.539,26.47,101.8,40.97,5.804,206.78,28.24,-98.92,1,0.8872,1,Multiple simultaneous abnormalities,Warning
2026-03-15 16:30:20,27.827,3.426,32.65,101.62,40.79,5.484,238.07,28.18,-89.09,1,0.6403,1,Multiple simultaneous abnormalities,Warning
2026-03-15 16:30:30,27.637,3.419,39.21,101.62,39.62,5.621,217.99,31.55,-102.94,1,0.8563,1,Multiple simultaneous abnormalities,Warning
2026-03-15 16:30:40,27.811,3.498,30.73,101.34,42.69,5.491,227.05,27.25,-90.06,1,0.6823,1,Multiple simultaneous abnormalities,Warning
2026-03-15 16:30:50,27.723,3.73,28.43,101.83,43.68,5.93,227.78,30.92,-95.47,1,0.8465,1,Multiple simultaneous abnormalities,Warning
2026-03-15 16:31:00,27.269,3.423,31.83,101.12,42.48,5.973,213.17,30.0,-85.09,1,0.6193,1,Multiple simultaneous abnormalities,Warning
2026-03-15 16:31:10,27.397,3.474,33.27,101.46,45.08,6.23,216.83,31.14,-95.14,1,0.8076,1,Multiple simultaneous abnormalities,Warning
2026-03-15 16:31:20,27.59,3.801,32.1,101.33,42.11,5.771,225.35,30.16,-97.95,1,0.919,1,Multiple simultaneous abnormalities,Warning
2026-03-15 16:31:30,28.029,3.321,30.15,101.21,42.71,5.867,210.09,28.95,-94.42,1,0.6982,1,Multiple simultaneous abnormalities,Warning
2026-03-15 16:31:40,27.502,3.334,31.34,101.35,45.03,6.353,222.0,28.98,-91.64,1,0.8467,1,Multiple simultaneous abnormalities,Warning
2026-03-15 16:31:50,27.892,3.506,14.96,100.92,45.22,6.207,203.79,29.07,-70.09,1,0.0404,0,Normal,Normal
2026-03-15 16:32:00,27.869,3.519,16.32,101.03,44.62,5.841,223.24,31.33,-73.28,1,0.0429,0,Normal,Normal
2026-03-15 16:32:10,28.277,3.837,15.4,101.93,46.71,6.651,234.35,28.67,-71.95,1,0.0628,0,Normal,Normal
2026-03-15 16:32:20,27.812,3.351,16.06,102.45,46.61,5.631,223.5,29.58,-69.4,1,0.12,0,Normal,Normal
2026-03-15 16:32:30,27.321,3.388,15.73,101.51,47.21,6.529,211.97,28.23,-71.55,1,0.0591,0,Normal,Normal
2026-03-15 16:32:40,28.064,3.706,14.58,101.63,46.23,5.837,219.39,29.0,-69.4,1,0.053,0,Normal,Normal
2026-03-15 16:32:50,28.534,3.755,15.16,101.4,47.27,6.963,228.86,30.28,-72.48,1,0.043,0,Normal,Normal
2026-03-15 16:33:00,28.13,3.906,16.48,101.48,46.16,5.783,225.38,31.67,-69.88,1,0.0843,0,Normal,Normal
2026-03-15 16:33:10,27.702,3.661,16.55,101.52,49.3,6.745,227.77,28.91,-66.79,1,0.0557,0,Normal,Normal
2026-03-15 16:33:20,27.637,3.572,17.67,101.71,45.98,6.33,222.86,31.21,-68.7,1,0.0501,0,Normal,Normal
2026-03-15 16:33:30,27.698,3.679,18.67,101.91,49.59,6.245,218.19,34.16,-75.92,1,0.0696,0,Normal,Normal
2026-03-15 16:33:40,28.607,3.465,15.18,100.95,47.21,6.452,225.39,29.46,-68.44,1,0.086,0,Normal,Normal
2026-03-15 16:33:50,27.931,3.459,16.24,102.43,45.6,6.62,225.0,30.28,-73.36,1,0.047,0,Normal,Normal
2026-03-15 16:34:00,27.852,3.082,15.83,101.36,48.97,6.093,232.73,29.84,-72.48,1,0.0509,0,Normal,Normal
2026-03-15 16:34:10,28.026,3.746,14.54,101.36,47.55,6.133,220.8,29.19,-68.03,1,0.0418,0,Normal,Normal
2026-03-15 16:34:20,28.001,3.573,17.13,101.13,48.48,6.654,225.0,31.48,-72.22,1,0.0882,0,Normal,Normal
2026-03-15 16:34:30,28.588,3.712,17.53,101.14,48.99,5.837,223.49,30.84,-72.45,1,0.0419,0,Normal,Normal
2026-03-15 16:34:40,27.836,2.812,14.84,101.55,47.97,6.237,242.88,29.89,-68.95,1,0.0797,0,Normal,Normal
2026-03-15 16:34:50,28.516,3.503,15.97,101.55,46.9,7.512,218.69,28.53,-70.59,1,0.0432,0,Normal,Normal
2026-03-15 16:35:00,28.221,3.299,15.91,101.53,48.82,6.114,221.67,31.5,-73.46,1,0.0759,0,Normal,Normal
2026-03-15 16:35:10,28.568,3.887,14.44,101.12,47.69,6.859,217.11,27.37,-66.73,1,0.049,0,Normal,Normal
2026-03-15 16:35:20,28.702,3.664,16.73,100.22,48.54,6.257,235.23,31.39,-65.27,1,0.0534,0,Normal,Normal
2026-03-15 16:35:30,28.275,3.568,15.16,100.58,45.16,6.644,235.84,28.96,-65.34,1,0.0405,0,Normal,Normal
2026-03-15 16:35:40,28.176,3.4,17.2,101.31,48.31,6.698,223.1,30.63,-70.58,1,0.0475,0,Normal,Normal
2026-03-15 16:35:50,28.312,3.607,17.45,101.43,47.03,6.868,234.34,33.08,-66.49,1,0.0502,0,Normal,Normal
2026-03-15 16:36:00,28.285,3.275,17.72,101.13,49.8,6.405,227.49,32.61,-69.05,1,0.0401,0,Normal,Normal
2026-03-15 16:36:10,27.838,3.481,17.88,101.02,48.58,7.174,230.5,31.81,-71.22,1,0.0562,0,Normal,Normal
2026-03-15 16:36:20,28.822,3.361,19.6,101.42,48.14,6.274,216.93,35.7,-69.51,1,0.0674,0,Normal,Normal
2026-03-15 16:36:30,28.45,4.072,16.18,101.26,48.45,6.564,226.19,31.36,-75.58,1,0.0404,0,Normal,Normal
2026-03-15 16:36:40,28.049,3.872,16.35,101.11,46.68,6.57,239.89,29.38,-70.15,1,0.0502,0,Normal,Normal
2026-03-15 16:36:50,27.798,3.77,18.55,100.65,49.84,6.093,236.74,29.84,-71.24,1,0.0405,0,Normal,Normal
2026-03-15 16:37:00,27.741,3.131,17.46,100.96,50.29,6.387,231.37,31.59,-66.1,1,0.071,0,Normal,Normal
2026-03-15 16:37:10,28.691,3.719,19.44,101.67,48.38,6.545,232.54,35.1,-65.71,1,0.0426,0,Normal,Normal
2026-03-15 16:37:20,28.294,3.55,18.68,100.91,49.83,6.338,244.41,33.41,-71.53,1,0.0409,0,Normal,Normal
2026-03-15 16:37:30,28.364,3.809,20.81,101.57,47.24,7.345,231.23,36.7,-63.86,1,0.0692,0,Normal,Normal
2026-03-15 16:37:40,28.667,3.583,17.88,101.85,46.98,6.198,219.66,31.16,-68.05,1,0.0488,0,Normal,Normal
2026-03-15 16:37:50,28.385,3.501,15.89,100.98,47.99,6.905,234.66,29.75,-69.32,1,0.0415,0,Normal,Normal
2026-03-15 16:38:00,28.724,3.56,18.71,101.12,48.47,6.793,224.37,32.6,-71.38,1,0.0557,0,Normal,Normal
2026-03-15 16:38:10,28.608,3.05,18.18,101.69,47.48,6.489,228.87,32.47,-68.32,1,0.0583,0,Normal,Normal
2026-03-15 16:38:20,28.574,3.31,19.18,101.79,48.6,6.191,225.92,34.1,-66.24,1,0.0526,0,Normal,Normal
2026-03-15 16:38:30,28.147,3.595,19.47,101.04,48.33,6.226,219.3,35.43,-62.74,1,0.0461,0,Normal,Normal
2026-03-15 16:38:40,28.392,3.786,17.76,100.65,46.77,6.314,227.44,33.97,-65.96,1,0.0483,0,Normal,Normal
2026-03-15 16:38:50,28.837,3.364,17.14,101.8,48.59,5.871,232.71,33.14,-66.51,1,0.0865,0,Normal,Normal
2026-03-15 16:39:00,28.471,3.491,18.53,101.53,49.01,6.145,230.89,33.33,-63.75,1,0.0515,0,Normal,Normal
2026-03-15 16:39:10,29.056,3.101,15.27,101.46,48.18,5.977,228.82,28.86,-65.0,1,0.0476,0,Normal,Normal
2026-03-15 16:39:20,29.417,3.866,19.05,101.67,49.36,6.968,223.38,33.32,-69.87,1,0.0585,0,Normal,Normal
2026-03-15 16:39:30,28.928,3.779,18.41,100.83,46.52,6.713,211.71,33.2,-66.61,1,0.0412,0,Normal,Normal
2026-03-15 16:39:40,29.197,3.664,20.41,101.46,48.54,6.772,224.61,34.57,-66.97,1,0.0451,0,Normal,Normal
2026-03-15 16:39:50,28.984,3.602,16.23,101.19,46.58,6.704,229.42,29.13,-65.64,1,0.0439,0,Normal,Normal
2026-03-15 16:40:00,28.625,3.889,19.31,101.54,46.65,6.556,207.72,32.76,-66.58,1,0.0571,0,Normal,Normal
2026-03-15 16:40:10,28.863,3.299,21.76,101.62,47.23,7.009,224.45,36.8,-67.53,1,0.0539,0,Normal,Normal
2026-03-15 16:40:20,29.425,3.272,20.5,101.69,46.86,6.284,224.23,34.21,-60.69,1,0.0614,0,Normal,Normal
2026-03-15 16:40:30,28.681,3.766,21.05,101.54,47.33,6.536,217.67,35.08,-65.19,1,0.0483,0,Normal,Normal
2026-03-15 16:40:40,21.96,3.749,55.55,101.4,47.73,6.76,231.07,57.03,-110.58,1,2.2359,1,Multiple simultaneous abnormalities,Critical
2026-03-15 16:40:50,22.479,3.202,42.61,101.41,48.99,6.036,232.55,54.51,-111.03,0,1.3369,1,Multiple simultaneous abnormalities,Critical
2026-03-15 16:41:00,22.354,3.368,49.42,101.45,47.6,7.582,239.51,63.26,-98.45,0,2.3643,1,Multiple simultaneous abnormalities,Critical
2026-03-15 16:41:10,21.746,3.923,52.77,101.05,46.09,6.509,224.77,60.44,-112.41,1,2.1092,1,Multiple simultaneous abnormalities,Critical
2026-03-15 16:41:20,22.507,3.603,44.62,101.15,49.36,6.549,235.33,65.08,-94.92,0,2.7534,1,Multiple simultaneous abnormalities,Critical
2026-03-15 16:41:30,24.555,3.697,52.82,101.46,46.99,6.939,218.44,63.39,-113.4,1,2.1146,1,Multiple simultaneous abnormalities,Critical
2026-03-15 16:41:40,23.057,3.211,48.56,101.56,47.92,6.819,222.03,62.0,-107.13,0,2.8292,1,Multiple simultaneous abnormalities,Critical
2026-03-15 16:41:50,24.321,3.664,59.73,101.04,48.53,6.512,230.43,62.75,-111.2,0,2.7927,1,Multiple simultaneous abnormalities,Critical
2026-03-15 16:42:00,22.089,3.145,49.67,100.87,48.23,6.545,219.75,58.5,-98.38,1,1.9406,1,Multiple simultaneous abnormalities,Critical
2026-03-15 16:42:10,24.59,3.005,54.54,100.63,49.31,5.973,223.7,64.81,-103.87,0,1.296,1,Multiple simultaneous abnormalities,Critical
2026-03-15 16:42:20,22.501,3.682,48.71,100.8,48.57,6.305,231.71,61.26,-99.39,0,2.5345,1,Multiple simultaneous abnormalities,Critical
2026-03-15 16:42:30,24.965,3.859,58.89,101.08,46.96,6.68,224.95,63.96,-104.33,0,2.6109,1,Multiple simultaneous abnormalities,Critical
2026-03-15 16:42:40,22.049,3.437,59.12,101.12,50.61,6.655,217.64,56.88,-108.81,0,2.1338,1,Multiple simultaneous abnormalities,Critical
2026-03-15 16:42:50,22.639,3.364,61.06,101.19,48.23,6.927,220.28,66.42,-100.02,0,2.4575,1,Multiple simultaneous abnormalities,Critical
2026-03-15 16:43:00,21.406,3.928,61.19,100.82,47.82,6.457,222.81,61.39,-118.03,0,2.0075,1,Multiple simultaneous abnormalities,Critical
2026-03-15 16:43:10,23.392,3.451,56.79,100.57,49.15,6.014,229.7,61.44,-101.88,1,2.2717,1,Multiple simultaneous abnormalities,Critical
2026-03-15 16:43:20,24.786,3.484,51.87,101.35,48.3,6.869,222.4,67.82,-110.93,0,2.0755,1,Multiple simultaneous abnormalities,Critical
2026-03-15 16:43:30,21.968,3.924,57.85,101.35,48.48,7.002,205.41,62.92,-97.44,0,2.0187,1,Multiple simultaneous abnormalities,Critical
2026-03-15 16:43:40,24.335,3.412,49.01,101.55,50.99,6.814,231.29,65.29,-98.17,0,2.5569,1,Multiple simultaneous abnormalities,Critical
2026-03-15 16:43:50,23.622,3.337,42.69,101.63,47.67,6.442,230.16,59.94,-99.91,1,1.5298,1,Multiple simultaneous abnormalities,Critical
2026-03-15 16:44:00,23.511,3.704,48.04,101.46,47.62,6.865,216.47,62.47,-99.26,1,1.9222,1,Multiple simultaneous abnormalities,Critical
2026-03-15 16:44:10,25.113,3.322,60.96,101.35,48.14,7.7,215.93,60.76,-103.56,0,2.3252,1,Multiple simultaneous abnormalities,Critical
2026-03-15 16:44:20,22.075,3.464,52.15,101.65,49.28,6.54,235.81,65.97,-97.06,0,2.8192,1,Multiple simultaneous abnormalities,Critical
2026-03-15 16:44:30,24.693,3.17,61.76,101.87,46.19,6.041,223.07,65.35,-112.87,1,2.2348,1,Multiple simultaneous abnormalities,Critical
2026-03-15 16:44:40,23.944,3.546,51.52,101.03,45.64,6.295,231.03,67.28,-99.04,0,2.1292,1,Multiple simultaneous abnormalities,Critical
2026-03-15 16:44:50,21.791,3.517,49.26,101.61,47.29,6.719,219.45,65.47,-105.72,1,2.0644,1,Multiple simultaneous abnormalities,Critical
2026-03-15 16:45:00,21.534,3.742,58.17,101.05,46.04,5.938,230.24,61.92,-98.35,1,1.3374,1,Multiple simultaneous abnormalities,Critical
2026-03-15 16:45:10,23.074,3.714,61.22,101.39,47.49,6.559,217.62,62.04,-97.14,0,2.2847,1,Multiple simultaneous abnormalities,Critical
2026-03-15 16:45:20,22.167,3.638,57.08,101.73,48.6,6.633,228.38,63.41,-114.13,0,2.7921,1,Multiple simultaneous abnormalities,Critical
2026-03-15 16:45:30,22.68,3.599,55.01,101.19,46.93,7.037,227.85,62.89,-116.63,0,2.397,1,Multiple simultaneous abnormalities,Critical
2026-03-15 16:45:40,23.718,3.482,54.8,100.92,46.29,6.958,208.48,63.67,-112.37,0,1.8035,1,Multiple simultaneous abnormalities,Critical
2026-03-15 16:45:50,24.085,3.652,58.15,101.12,48.08,6.802,225.99,66.17,-97.44,0,2.3007,1,Multiple simultaneous abnormalities,Critical
2026-03-15 16:46:00,24.302,3.222,62.85,100.92,49.03,5.743,219.25,70.11,-99.33,0,2.0468,1,Multiple simultaneous abnormalities,Critical
2026-03-15 16:46:10,23.992,2.913,53.8,100.87,45.96,6.822,233.74,69.79,-97.62,1,2.3203,1,Multiple simultaneous abnormalities,Critical
2026-03-15 16:46:20,23.699,3.791,52.92,101.78,48.98,6.747,226.88,71.18,-111.61,0,2.8376,1,Multiple simultaneous abnormalities,Critical
2026-03-15 16:46:30,29.03,3.669,21.76,101.51,48.98,6.589,223.02,33.58,-63.21,1,0.0634,0,Normal,Normal
2026-03-15 16:46:40,29.295,3.468,23.63,101.01,49.14,5.894,237.15,37.86,-62.55,1,0.086,0,Normal,Normal
2026-03-15 16:46:50,29.875,3.769,23.61,100.91,49.46,6.228,209.77,36.96,-66.98,1,0.0773,0,Normal,Normal
2026-03-15 16:47:00,29.55,3.317,22.8,100.93,50.64,6.091,240.42,37.22,-69.06,1,0.0484,0,Normal,Normal
2026-03-15 16:47:10,28.952,3.324,22.99,101.01,47.57,5.795,240.0,35.96,-68.76,1,0.0587,0,Normal,Normal
2026-03-15 16:47:20,28.989,3.289,23.92,101.76,48.13,6.499,221.88,36.47,-74.17,1,0.0425,0,Normal,Normal
2026-03-15 16:47:30,29.425,3.642,24.83,101.26,47.5,6.221,232.11,40.25,-68.51,1,0.0412,0,Normal,Normal
2026-03-15 16:47:40,28.975,3.104,23.77,102.15,48.0,7.419,228.88,38.78,-70.6,1,0.0658,0,Normal,Normal
2026-03-15 16:47:50,28.794,3.308,21.76,101.28,49.84,6.441,205.12,35.75,-71.05,1,0.0578,0,Normal,Normal
2026-03-15 16:48:00,29.562,3.572,23.3,101.07,46.39,6.953,224.11,37.83,-69.24,1,0.0756,0,Normal,Normal
2026-03-15 16:48:10,29.505,3.199,23.1,101.67,46.97,5.951,214.88,38.08,-75.61,1,0.0769,0,Normal,Normal
2026-03-15 16:48:20,29.551,3.335,22.22,100.63,49.65,6.314,214.15,36.21,-70.04,1,0.0464,0,Normal,Normal
2026-03-15 16:48:30,29.501,2.947,24.63,101.38,49.22,6.534,222.71,37.18,-69.09,1,0.0458,0,Normal,Normal
2026-03-15 16:48:40,29.409,3.651,24.82,100.82,47.56,6.182,222.99,39.18,-74.51,1,0.0487,0,Normal,Normal
2026-03-15 16:48:50,29.236,3.328,25.13,100.43,49.02,6.352,234.73,40.33,-66.04,1,0.0564,0,Normal,Normal
2026-03-15 16:49:00,29.595,3.225,22.63,101.25,48.41,6.424,218.98,37.35,-68.98,1,0.0401,0,Normal,Normal
2026-03-15 16:49:10,29.905,3.176,24.44,101.63,49.8,6.418,221.84,38.51,-66.64,1,0.0515,0,Normal,Normal
2026-03-15 16:49:20,29.301,3.395,24.27,101.39,48.09,7.149,235.94,38.95,-69.42,1,0.0403,0,Normal,Normal
2026-03-15 16:49:30,29.15,3.105,24.82,101.34,49.23,6.632,223.53,38.55,-69.85,1,0.049,0,Normal,Normal
2026-03-15 16:49:40,29.12,3.986,24.63,100.26,51.17,6.668,220.89,39.88,-66.58,1,0.0413,0,Normal,Normal
2026-03-15 16:49:50,29.205,2.904,24.49,101.24,48.72,6.689,231.85,40.11,-67.42,1,0.0524,0,Normal,Normal
2026-03-15 16:50:00,29.53,3.387,24.39,101.24,48.06,6.714,229.24,36.83,-65.75,1,0.0457,0,Normal,Normal
2026-03-15 16:50:10,28.832,3.527,26.32,101.55,48.87,6.471,225.8,41.66,-72.17,1,0.0498,0,Normal,Normal
2026-03-15 16:50:20,29.609,3.306,23.45,100.88,47.56,6.388,232.39,40.13,-74.4,1,0.0874,0,Normal,Normal
2026-03-15 16:50:30,29.674,3.553,24.55,101.63,50.87,6.558,215.02,39.19,-75.72,1,0.0463,0,Normal,Normal
2026-03-15 16:50:40,28.944,3.3,26.51,101.1,48.22,6.905,220.34,41.69,-75.4,1,0.0591,0,Normal,Normal
2026-03-15 16:50:50,29.193,3.883,23.75,101.18,47.67,6.894,240.99,36.97,-70.66,1,0.0572,0,Normal,Normal
2026-03-15 16:51:00,29.513,3.22,23.89,101.51,47.0,6.416,200.72,37.29,-64.74,1,0.0705,0,Normal,Normal
2026-03-15 16:51:10,29.448,2.912,26.21,100.82,49.32,6.769,219.62,39.96,-68.62,1,0.0461,0,Normal,Normal
2026-03-15 16:51:20,29.649,3.175,23.04,101.63,49.04,6.432,215.53,36.56,-73.92,1,0.0409,0,Normal,Normal
2026-03-15 16:51:30,29.453,3.597,26.24,100.76,47.4,6.512,225.57,38.67,-71.31,1,0.0929,0,Normal,Normal
2026-03-15 16:51:40,29.876,3.471,24.58,101.56,48.69,6.334,229.84,38.38,-75.5,1,0.0467,0,Normal,Normal
2026-03-15 16:51:50,29.401,3.688,26.0,101.21,46.19,6.436,233.86,41.01,-75.54,1,0.0432,0,Normal,Normal
2026-03-15 16:52:00,29.204,3.625,23.62,101.24,48.22,6.969,221.72,36.07,-77.41,1,0.0768,0,Normal,Normal
2026-03-15 16:52:10,29.18,3.341,27.3,100.07,48.54,6.532,217.62,41.52,-77.44,1,0.0432,0,Normal,Normal
2026-03-15 16:52:20,29.721,3.378,23.76,101.06,50.05,6.547,213.39,37.94,-73.1,1,0.0513,0,Normal,Normal
2026-03-15 16:52:30,29.509,3.404,26.74,101.22,47.07,5.993,225.38,40.38,-70.55,1,0.0611,0,Normal,Normal
2026-03-15 16:52:40,29.69,3.971,23.96,101.92,46.47,6.392,242.02,38.55,-72.11,1,0.0597,0,Normal,Normal
2026-03-15 16:52:50,29.683,3.673,28.5,101.29,46.92,6.415,220.3,42.98,-71.09,1,0.0404,0,Normal,Normal
2026-03-15 16:53:00,28.893,3.973,25.74,101.04,46.4,6.21,224.43,39.3,-73.35,1,0.0434,0,Normal,Normal
2026-03-15 16:53:10,29.156,3.71,28.84,101.63,49.6,6.508,226.09,44.11,-76.03,1,0.0729,0,Normal,Normal
2026-03-15 16:53:20,29.19,3.484,24.75,101.1,49.86,6.35,221.62,39.42,-77.74,1,0.0521,0,Normal,Normal
2026-03-15 16:53:30,29.25,3.245,25.37,101.71,48.38,6.528,236.39,41.26,-74.66,1,0.0574,0,Normal,Normal
2026-03-15 16:53:40,29.367,3.55,27.91,101.4,49.47,6.542,234.67,41.83,-81.66,1,0.0477,0,Normal,Normal
2026-03-15 16:53:50,29.791,3.485,24.02,100.94,48.16,6.165,231.55,37.63,-78.66,1,0.0605,0,Normal,Normal
2026-03-15 16:54:00,29.849,3.477,25.17,101.68,47.89,6.36,232.68,38.92,-79.44,1,0.0451,0,Normal,Normal
2026-03-15 16:54:10,29.399,3.448,27.02,101.54,47.6,6.527,219.52,42.43,-73.57,1,0.044,0,Normal,Normal
2026-03-15 16:54:20,29.408,2.987,24.8,101.66,47.63,6.914,215.82,38.63,-81.66,1,0.12,0,Normal,Normal
2026-03-15 16:54:30,29.269,3.815,27.17,101.23,46.14,6.59,219.58,41.07,-74.97,1,0.0426,0,Normal,Normal
2026-03-15 16:54:40,29.504,3.487,26.7,101.54,48.32,6.268,227.24,43.05,-76.82,1,0.0997,0,Normal,Normal
2026-03-15 16:54:50,29.534,3.146,24.23,102.07,47.95,6.64,222.4,36.62,-77.0,1,0.0792,0,Normal,Normal
2026-03-15 16:55:00,29.712,3.62,28.0,101.37,48.89,7.098,229.55,42.43,-79.82,1,0.0588,0,Normal,Normal
2026-03-15 16:55:10,29.705,3.286,24.71,101.14,48.11,6.821,225.87,38.64,-83.03,1,0.0531,0,Normal,Normal
2026-03-15 16:55:20,28.77,3.641,27.82,101.92,47.8,6.692,214.29,41.51,-77.35,1,0.0401,0,Normal,Normal
2026-03-15 16:55:30,29.411,3.72,26.9,101.57,46.95,6.754,234.93,39.76,-76.41,1,0.0551,0,Normal,Normal
2026-03-15 16:55:40,29.867,3.755,26.08,101.12,48.09,7.004,220.91,39.28,-77.79,1,0.0622,0,Normal,Normal
2026-03-15 16:55:50,29.315,3.46,25.15,101.99,48.89,6.876,231.29,38.66,-79.92,1,0.0598,0,Normal,Normal
2026-03-15 16:56:00,29.782,3.397,27.35,100.82,46.63,6.698,218.22,41.95,-83.11,1,0.0428,0,Normal,Normal
2026-03-15 16:56:10,29.343,3.344,25.6,101.51,48.1,6.874,217.95,40.62,-81.77,1,0.0518,0,Normal,Normal
2026-03-15 16:56:20,29.481,3.319,28.76,101.76,48.28,6.121,217.57,40.63,-78.75,1,0.052,0,Normal,Normal
2026-03-15 16:56:30,29.081,3.496,28.86,101.73,47.14,5.974,213.54,41.42,-82.67,1,0.0559,0,Normal,Normal
2026-03-15 16:56:40,29.086,3.448,29.5,100.94,47.29,6.555,213.74,44.16,-83.38,1,0.0667,0,Normal,Normal
2026-03-15 16:56:50,29.627,3.294,27.51,100.8,48.28,6.524,228.04,42.27,-85.03,1,0.058,0,Normal,Normal
2026-03-15 16:57:00,29.667,3.214,26.52,101.39,46.64,6.31,217.58,38.77,-79.27,1,0.0423,0,Normal,Normal
2026-03-15 16:57:10,29.403,3.473,26.72,101.58,48.42,6.789,227.77,41.77,-79.52,1,0.0403,0,Normal,Normal
2026-03-15 16:57:20,29.019,3.391,26.66,100.87,46.92,5.848,225.81,40.64,-77.79,1,0.0422,0,Normal,Normal
2026-03-15 16:57:30,29.393,3.215,27.62,101.42,49.27,6.313,232.04,42.52,-87.86,1,0.0406,0,Normal,Normal
2026-03-15 16:57:40,29.748,3.708,27.94,100.72,50.8,6.33,216.85,40.92,-78.09,1,0.0486,0,Normal,Normal
2026-03-15 16:57:50,29.886,3.943,29.17,101.72,46.97,5.927,233.49,41.51,-78.44,1,0.045,0,Normal,Normal
2026-03-15 16:58:00,29.259,3.741,27.39,101.07,48.64,7.023,217.75,41.02,-78.32,1,0.0401,0,Normal,Normal
2026-03-15 16:58:10,28.848,3.32,25.3,101.23,47.13,6.024,203.06,38.98,-81.75,1,0.0413,0,Normal,Normal
2026-03-15 16:58:20,29.589,3.487,26.82,101.65,49.25,6.294,226.52,40.44,-81.61,1,0.0476,0,Normal,Normal
2026-03-15 16:58:30,29.244,3.885,29.8,101.61,46.48,6.818,218.0,43.33,-81.78,1,0.0821,0,Normal,Normal
2026-03-15 16:58:40,29.6,3.207,25.17,101.49,48.58,6.726,237.0,41.2,-85.32,1,0.1189,0,Normal,Normal
2026-03-15 16:58:50,29.392,3.696,28.64,101.71,46.95,6.112,227.41,40.6,-85.35,1,0.0408,0,Normal,Normal
2026-03-15 16:59:00,29.033,3.138,26.98,101.46,47.75,6.739,224.32,39.96,-82.2,1,0.0666,0,Normal,Normal
2026-03-15 16:59:10,29.305,3.921,26.27,101.88,46.76,6.601,226.61,39.77,-83.77,1,0.0498,0,Normal,Normal
2026-03-15 16:59:20,29.669,3.392,28.22,100.62,48.99,7.316,221.02,42.24,-81.01,1,0.0546,0,Normal,Normal
2026-03-15 16:59:30,29.221,4.057,29.99,101.28,46.99,6.641,238.47,44.85,-84.36,1,0.0506,0,Normal,Normal
2026-03-15 16:59:40,28.944,3.932,28.19,101.26,48.66,6.45,220.61,43.23,-87.82,1,0.0788,0,Normal,Normal
2026-03-15 16:59:50,28.767,3.473,27.31,101.21,47.59,6.2,228.71,42.6,-87.81,1,0.0498,0,Normal,Normal
2026-03-15 17:00:00,29.0,3.32,25.78,101.5,47.86,6.239,218.45,40.36,-85.94,1,0.0428,0,Normal,Normal
2026-03-15 17:00:10,29.097,3.549,27.6,101.39,48.18,6.211,225.01,39.53,-81.6,1,0.0627,0,Normal,Normal
2026-03-15 17:00:20,29.454,3.455,25.78,101.63,47.08,6.98,215.1,37.78,-85.44,1,0.0508,0,Normal,Normal
2026-03-15 17:00:30,28.86,3.4,27.33,100.83,48.25,6.506,226.83,42.71,-83.09,1,0.0419,0,Normal,Normal
2026-03-15 17:00:40,29.65,3.086,27.72,102.22,49.83,6.698,225.52,43.02,-89.1,1,0.0493,0,Normal,Normal
2026-03-15 17:00:50,28.77,3.371,24.29,101.14,47.06,7.03,229.39,39.06,-83.7,1,0.0574,0,Normal,Normal
2026-03-15 17:01:00,29.858,3.222,29.94,101.41,49.4,5.674,228.74,42.95,-84.16,1,0.0453,0,Normal,Normal
2026-03-15 17:01:10,29.663,3.638,26.01,101.22,49.79,6.947,225.23,39.63,-80.79,1,0.0765,0,Normal,Normal
2026-03-15 17:01:20,29.174,3.748,27.61,101.33,47.02,6.519,241.31,41.13,-83.97,1,0.0685,0,Normal,Normal
2026-03-15 17:01:30,28.624,3.685,28.7,101.09,46.25,6.652,224.85,41.47,-82.22,1,0.0526,0,Normal,Normal
2026-03-15 17:01:40,29.088,3.586,29.88,101.38,48.36,6.21,225.31,44.19,-78.74,1,0.0408,0,Normal,Normal
2026-03-15 17:01:50,28.974,3.287,26.74,101.53,47.34,6.235,224.32,43.33,-84.52,1,0.0531,0,Normal,Normal
2026-03-15 17:02:00,28.694,3.552,24.18,100.34,50.24,6.671,226.62,37.58,-80.1,1,0.0481,0,Normal,Normal
2026-03-15 17:02:10,29.149,3.698,29.57,101.17,48.04,7.334,222.71,45.13,-84.38,1,0.0593,0,Normal,Normal
2026-03-15 17:02:20,28.8,3.354,26.09,101.15,47.03,6.851,222.05,39.02,-86.41,1,0.0447,0,Normal,Normal
2026-03-15 17:02:30,28.818,3.53,28.51,102.23,46.62,6.942,231.01,40.66,-85.17,1,0.054,0,Normal,Normal
2026-03-15 17:02:40,28.956,3.464,28.61,101.64,49.3,6.432,224.61,43.79,-86.41,1,0.0521,0,Normal,Normal
2026-03-15 17:02:50,28.829,3.916,23.11,101.9,47.31,6.289,233.43,36.84,-86.33,1,0.0512,0,Normal,Normal
2026-03-15 17:03:00,26.746,3.713,25.57,101.52,48.05,6.226,322.16,41.09,-86.67,1,0.0418,1,Excessive power consumption,Warning
2026-03-15 17:03:10,25.735,3.653,27.3,101.33,49.14,6.328,321.41,43.07,-85.88,1,0.0501,1,Excessive power consumption,Warning
2026-03-15 17:03:20,26.752,3.071,24.12,101.45,47.41,5.781,338.19,37.79,-82.85,1,0.052,1,Excessive power consumption,Warning
2026-03-15 17:03:30,26.395,3.544,25.99,101.75,47.94,6.245,308.72,41.6,-90.1,1,0.0794,1,Excessive power consumption,Warning
2026-03-15 17:03:40,25.848,3.462,28.18,102.0,47.97,6.303,323.9,41.13,-84.14,1,0.0493,1,Excessive power consumption,Warning
2026-03-15 17:03:50,26.409,3.459,27.87,101.42,48.81,6.437,342.13,40.8,-84.64,1,0.0553,1,Excessive power consumption,Warning
2026-03-15 17:04:00,26.763,3.11,28.45,101.05,48.7,6.545,299.15,43.74,-80.84,1,0.0526,1,Excessive power consumption,Warning
2026-03-15 17:04:10,26.498,3.228,28.67,101.67,47.72,6.625,307.62,40.81,-86.08,1,0.0433,1,Excessive power consumption,Warning
2026-03-15 17:04:20,26.089,3.483,25.47,100.96,48.06,6.493,318.76,39.47,-81.57,1,0.0431,1,Excessive power consumption,Warning
2026-03-15 17:04:30,26.545,3.779,26.06,101.46,47.54,6.295,321.59,41.56,-87.52,1,0.0602,1,Excessive power consumption,Warning
2026-03-15 17:04:40,26.912,3.353,29.13,101.57,46.21,5.811,354.0,44.71,-86.28,1,0.0511,1,Excessive power consumption,Warning
2026-03-15 17:04:50,25.45,3.401,30.26,101.26,48.29,6.296,307.76,43.74,-83.64,1,0.074,1,Excessive power consumption,Warning
2026-03-15 17:05:00,26.292,3.946,26.52,100.94,50.25,6.157,361.47,41.73,-83.02,1,0.0758,1,Excessive power consumption,Warning
2026-03-15 17:05:10,26.314,3.427,28.35,101.12,46.92,6.661,343.11,41.0,-85.6,1,0.0453,1,Excessive power consumption,Warning
2026-03-15 17:05:20,26.563,3.469,29.16,101.17,47.05,6.815,342.21,42.36,-84.09,1,0.0416,1,Excessive power consumption,Warning
2026-03-15 17:05:30,25.697,3.472,28.3,100.88,46.93,6.825,307.56,42.57,-85.2,1,0.0463,1,Excessive power consumption,Warning
2026-03-15 17:05:40,26.585,3.165,27.56,101.15,48.84,6.762,350.06,42.01,-82.27,1,0.041,1,Excessive power consumption,Warning
2026-03-15 17:05:50,26.33,3.644,26.95,100.72,48.51,6.45,328.74,39.7,-85.02,1,0.0628,1,Excessive power consumption,Warning
2026-03-15 17:06:00,26.178,3.338,30.88,101.54,47.78,6.313,310.58,47.11,-85.18,1,0.0424,1,Excessive power consumption,Warning
2026-03-15 17:06:10,26.247,3.494,28.03,101.43,46.87,6.234,332.56,39.78,-81.46,1,0.0702,1,Excessive power consumption,Warning
2026-03-15 17:06:20,25.414,3.612,28.45,101.41,48.07,5.967,321.05,42.52,-83.73,1,0.0481,1,Excessive power consumption,Warning
2026-03-15 17:06:30,26.593,3.987,28.34,101.15,46.08,6.842,307.53,42.57,-82.27,1,0.0449,1,Excessive power consumption,Warning
2026-03-15 17:06:40,26.21,3.172,26.62,101.2,48.13,6.433,331.18,38.52,-76.69,1,0.0504,1,Excessive power consumption,Warning
2026-03-15 17:06:50,25.786,3.718,27.89,100.97,49.0,6.057,330.57,43.48,-90.04,1,0.054,1,Excessive power consumption,Warning
2026-03-15 17:07:00,26.572,3.719,27.31,101.5,46.45,6.203,339.44,40.42,-87.07,1,0.0581,1,Excessive power consumption,Warning
2026-03-15 17:07:10,26.171,3.343,27.26,100.76,46.1,6.189,355.79,41.38,-86.67,1,0.0462,1,Excessive power consumption,Warning
2026-03-15 17:07:20,29.126,3.652,28.23,101.33,49.83,6.506,229.27,42.62,-86.33,1,0.1011,0,Normal,Normal
2026-03-15 17:07:30,28.435,3.914,26.35,101.05,47.19,6.864,226.46,38.61,-79.39,1,0.0482,0,Normal,Normal
2026-03-15 17:07:40,28.688,3.312,25.9,102.0,49.28,6.367,234.12,38.61,-91.54,1,0.067,0,Normal,Normal
2026-03-15 17:07:50,28.464,3.564,28.43,101.51,47.73,5.7,225.96,44.31,-81.97,1,0.0405,0,Normal,Normal
2026-03-15 17:08:00,28.022,3.605,26.85,101.3,47.71,6.421,220.72,40.77,-87.89,1,0.0626,0,Normal,Normal
2026-03-15 17:08:10,28.262,3.638,27.11,100.86,48.42,6.431,218.76,37.87,-83.08,1,0.052,0,Normal,Normal
2026-03-15 17:08:20,28.662,3.697,24.7,100.75,46.82,6.405,229.33,38.34,-82.24,1,0.0553,0,Normal,Normal
2026-03-15 17:08:30,28.247,3.547,29.01,101.5,48.03,6.262,216.09,42.97,-80.16,1,0.047,0,Normal,Normal
2026-03-15 17:08:40,27.69,3.634,28.32,102.02,47.39,6.556,227.68,42.58,-83.53,1,0.0518,0,Normal,Normal
2026-03-15 17:08:50,28.325,3.278,28.56,101.46,46.25,6.501,221.45,40.16,-83.1,1,0.0804,0,Normal,Normal
2026-03-15 17:09:00,27.986,3.548,28.05,101.37,48.22,6.467,218.16,42.01,-88.58,1,0.0473,0,Normal,Normal
2026-03-15 17:09:10,28.332,3.389,25.16,101.38,47.48,6.617,218.01,38.16,-75.43,1,0.0417,0,Normal,Normal
2026-03-15 17:09:20,28.736,3.201,27.74,101.34,47.59,6.319,232.56,42.01,-81.19,1,0.0591,0,Normal,Normal
2026-03-15 17:09:30,28.48,3.382,26.45,101.38,46.3,6.296,217.96,41.06,-80.63,1,0.0506,0,Normal,Normal
2026-03-15 17:09:40,28.689,3.578,25.88,101.03,49.63,6.945,222.56,40.36,-78.56,1,0.0483,0,Normal,Normal
2026-03-15 17:09:50,28.037,3.621,28.04,100.91,48.74,6.654,221.02,43.72,-81.81,1,0.0626,0,Normal,Normal
2026-03-15 17:10:00,28.141,3.196,29.74,101.34,48.81,6.742,233.22,46.37,-80.16,1,0.0524,0,Normal,Normal
2026-03-15 17:10:10,27.849,3.28,29.45,101.9,47.25,6.877,237.02,42.09,-79.1,1,0.055,0,Normal,Normal
2026-03-15 17:10:20,27.935,3.697,28.1,101.61,45.49,6.626,231.96,41.64,-85.49,1,0.0791,0,Normal,Normal
2026-03-15 17:10:30,27.84,3.645,27.08,100.81,49.86,6.76,221.64,41.97,-79.29,1,0.0409,0,Normal,Normal
2026-03-15 17:10:40,27.704,3.742,26.76,101.2,47.39,5.874,227.35,40.61,-74.46,1,0.0446,0,Normal,Normal
2026-03-15 17:10:50,28.483,3.864,25.68,101.59,46.5,6.49,217.28,36.42,-75.25,1,0.0743,0,Normal,Normal
2026-03-15 17:11:00,27.424,3.66,26.59,101.91,47.83,6.345,226.19,40.36,-75.7,1,0.0636,1,Sensor value drift,Warning
2026-03-15 17:11:10,28.44,3.424,28.31,101.56,48.65,6.986,210.4,43.8,-74.37,1,0.0431,1,Sensor value drift,Warning
2026-03-15 17:11:20,28.38,3.56,29.64,100.31,47.14,6.711,226.27,41.97,-83.68,1,0.0428,1,Sensor value drift,Warning
2026-03-15 17:11:30,28.134,3.95,25.63,100.26,48.6,6.153,223.88,39.9,-81.27,1,0.0662,1,Sensor value drift,Warning
2026-03-15 17:11:40,27.627,4.23,23.82,99.58,48.26,6.489,227.76,35.53,-82.22,1,0.0521,1,Sensor value drift,Warning
2026-03-15 17:11:50,27.464,3.66,25.96,98.97,45.54,6.401,224.05,41.01,-68.79,1,0.0695,1,Sensor value drift,Warning
2026-03-15 17:12:00,27.751,3.683,28.07,98.58,45.89,6.483,230.73,42.36,-78.34,1,0.0775,1,Sensor value drift,Warning
2026-03-15 17:12:10,28.081,3.736,29.77,98.14,47.69,5.946,217.83,43.08,-83.1,1,0.0411,1,Sensor value drift,Warning
2026-03-15 17:12:20,27.871,3.567,28.57,98.12,43.12,6.406,229.87,42.07,-81.94,1,0.0925,1,Sensor value drift,Warning
2026-03-15 17:12:30,27.534,3.859,28.48,96.64,46.01,6.174,227.45,40.68,-78.1,1,0.0589,1,Sensor value drift,Warning
2026-03-15 17:12:40,28.169,3.828,25.23,96.93,44.26,6.324,232.24,40.43,-82.29,1,0.067,1,Sensor value drift,Warning
2026-03-15 17:12:50,28.307,3.673,25.21,96.9,45.17,5.94,232.6,38.25,-72.37,1,0.0549,1,Sensor value drift,Warning
2026-03-15 17:13:00,27.71,3.515,24.4,96.4,45.12,5.954,215.54,39.0,-75.38,1,0.0455,1,Sensor value drift,Warning
2026-03-15 17:13:10,27.788,3.225,25.33,95.6,44.76,6.53,227.08,38.18,-76.59,1,0.0537,1,Sensor value drift,Warning
2026-03-15 17:13:20,27.28,3.801,27.65,94.62,44.2,5.707,213.39,44.28,-80.47,1,0.0509,1,Sensor value drift,Warning
2026-03-15 17:13:30,27.585,3.684,28.65,94.77,43.19,5.685,231.73,44.53,-81.04,1,0.0803,1,Sensor value drift,Warning
2026-03-15 17:13:40,27.839,3.461,26.68,94.53,46.86,5.956,215.34,43.16,-75.8,1,0.0521,1,Sensor value drift,Warning
2026-03-15 17:13:50,27.769,3.38,25.72,93.34,45.92,5.645,218.81,42.34,-76.21,1,0.0404,1,Sensor value drift,Warning
2026-03-15 17:14:00,27.487,3.845,24.44,93.23,41.81,5.54,223.24,37.68,-80.24,1,0.0574,1,Sensor value drift,Warning
2026-03-15 17:14:10,27.534,3.299,25.81,92.56,44.57,5.816,227.03,38.75,-76.32,1,0.0408,1,Sensor value drift,Warning
2026-03-15 17:14:20,27.459,3.796,26.22,91.93,41.62,5.174,223.67,42.65,-76.08,1,0.0832,1,Sensor value drift,Warning
2026-03-15 17:14:30,27.486,3.956,23.66,91.59,41.63,5.263,226.37,37.49,-73.48,1,0.05,1,Sensor value drift,Warning
2026-03-15 17:14:40,27.674,3.908,27.17,91.32,40.71,6.242,219.84,42.17,-69.15,1,0.0916,1,Sensor value drift,Warning
2026-03-15 17:14:50,26.933,3.701,25.09,90.44,39.25,5.584,221.15,38.34,-81.47,1,0.0404,1,Sensor value drift,Warning
2026-03-15 17:15:00,27.478,3.516,26.95,89.93,40.42,5.053,204.48,40.22,-72.6,1,0.0514,1,Sensor value drift,Warning
2026-03-15 17:15:10,27.582,4.008,25.57,89.54,38.53,5.344,226.19,40.57,-76.86,1,0.0438,1,Sensor value drift,Warning
2026-03-15 17:15:20,27.282,4.196,25.97,89.57,36.88,5.27,214.98,37.61,-73.27,1,0.0554,1,Sensor value drift,Warning
2026-03-15 17:15:30,27.286,3.789,24.4,88.4,34.9,5.286,213.15,39.34,-73.91,1,0.0503,1,Sensor value drift,Warning
2026-03-15 17:15:40,27.272,4.099,24.87,87.64,34.34,4.751,231.32,39.5,-72.57,1,0.0525,1,Sensor value drift,Warning
2026-03-15 17:15:50,27.24,4.409,26.28,88.63,32.34,4.988,193.35,39.65,-77.57,1,0.0467,1,Sensor value drift,Warning
2026-03-15 17:16:00,27.362,4.142,25.05,87.21,33.16,3.775,214.93,39.08,-70.7,1,0.0408,1,Sensor value drift,Warning
2026-03-15 17:16:10,27.376,4.003,23.52,87.08,30.49,3.954,195.36,37.74,-73.26,1,0.0417,1,Sensor value drift,Warning
2026-03-15 17:16:20,26.684,4.41,25.27,87.08,30.35,4.21,215.08,39.56,-68.97,1,0.0693,1,Sensor value drift,Warning
2026-03-15 17:16:30,27.487,4.014,25.61,85.67,31.01,4.092,205.82,40.44,-68.14,1,0.0582,1,Sensor value drift,Warning
2026-03-15 17:16:40,27.181,3.924,27.02,85.22,29.47,3.477,186.96,40.04,-71.98,1,0.062,1,Sensor value drift,Warning
2026-03-15 17:16:50,27.825,4.503,26.62,101.05,26.63,3.703,218.16,43.85,-69.5,1,0.042,0,Normal,Normal
2026-03-15 17:17:00,26.864,4.25,24.72,101.68,25.19,3.207,198.13,38.47,-69.53,1,0.0408,0,Normal,Normal
2026-03-15 17:17:10,26.938,4.324,23.92,101.29,26.17,3.142,215.03,37.76,-68.0,1,0.0403,0,Normal,Normal
2026-03-15 17:17:20,27.115,4.298,24.32,101.3,23.17,3.411,198.64,40.66,-68.0,1,0.0511,0,Normal,Normal
2026-03-15 17:17:30,27.277,4.388,23.8,101.18,20.78,3.186,201.73,35.61,-75.07,1,0.0504,0,Normal,Normal
2026-03-15 17:17:40,26.545,4.907,25.27,101.52,18.12,2.337,186.19,41.59,-70.53,1,0.0418,0,Normal,Normal
2026-03-15 17:17:50,26.858,5.021,26.0,101.87,18.99,2.137,206.9,40.11,-75.31,1,0.0464,0,Normal,Normal
2026-03-15 17:18:00,27.262,5.102,26.22,102.49,18.23,2.19,197.98,39.58,-72.5,1,0.0513,0,Normal,Normal
2026-03-15 17:18:10,26.777,4.972,23.66,101.24,15.25,2.158,198.74,36.32,-72.17,1,0.0569,0,Normal,Normal
2026-03-15 17:18:20,27.45,4.861,23.43,101.91,15.17,1.776,200.04,35.91,-68.76,1,0.0649,0,Normal,Normal
2026-03-15 17:18:30,26.88,4.429,23.49,101.7,13.25,2.217,186.79,37.08,-71.0,1,0.0554,0,Normal,Normal
2026-03-15 17:18:40,26.724,4.78,21.14,101.41,12.39,1.829,204.72,35.48,-70.58,1,0.0405,0,Normal,Normal
2026-03-15 17:18:50,27.154,5.404,22.16,100.42,8.61,1.712,193.95,36.9,-66.9,1,0.0532,0,Normal,Normal
2026-03-15 17:19:00,27.431,4.792,23.83,101.15,10.37,0.997,216.12,38.15,-67.06,1,0.0414,0,Normal,Normal
2026-03-15 17:19:10,27.051,5.313,24.37,101.16,10.9,1.728,193.27,37.75,-68.68,1,0.0525,0,Normal,Normal
2026-03-15 17:19:20,27.282,4.98,24.45,101.44,8.15,0.219,193.38,40.06,-67.06,1,0.0471,0,Normal,Normal
2026-03-15 17:19:30,27.385,4.326,22.46,101.22,8.19,1.393,185.07,39.67,-67.18,1,0.0451,0,Normal,Normal
2026-03-15 17:19:40,26.583,5.182,22.81,101.07,6.5,1.331,182.49,38.61,-63.04,1,0.0499,0,Normal,Normal
2026-03-15 17:19:50,27.119,5.364,23.06,102.11,7.18,0.762,201.94,36.63,-69.38,1,0.0472,0,Normal,Normal
2026-03-15 17:20:00,26.359,5.058,22.81,101.82,5.88,1.276,202.96,37.41,-70.83,1,0.0666,0,Normal,Normal
2026-03-15 17:20:10,26.922,5.399,24.33,100.49,4.45,0.733,189.54,39.01,-67.78,1,0.0439,0,Normal,Normal
2026-03-15 17:20:20,26.751,4.693,21.25,101.19,6.66,0.707,194.66,37.17,-71.07,1,0.0422,0,Normal,Normal
2026-03-15 17:20:30,27.124,4.781,21.4,101.55,5.71,0.741,203.28,35.0,-69.16,1,0.0672,0,Normal,Normal
2026-03-15 17:20:40,27.081,5.195,22.59,101.83,3.44,1.679,195.35,35.43,-66.54,1,0.0442,0,Normal,Normal
2026-03-15 17:20:50,26.879,5.278,20.91,101.13,4.37,0.982,196.63,36.27,-69.25,1,0.0405,0,Normal,Normal
2026-03-15 17:21:00,26.776,5.511,20.02,101.21,4.07,0.709,193.19,34.5,-68.25,1,0.0473,0,Normal,Normal
2026-03-15 17:21:10,26.818,5.344,20.54,101.34,3.87,0.1,187.04,33.21,-68.23,1,0.0656,0,Normal,Normal
2026-03-15 17:21:20,26.663,4.896,22.33,101.56,0.77,0.43,195.13,37.17,-68.57,1,0.0485,0,Normal,Normal
2026-03-15 17:21:30,26.605,5.258,23.55,100.69,3.75,0.06,206.77,39.76,-70.41,1,0.0495,0,Normal,Normal
2026-03-15 17:21:40,27.035,5.364,23.49,100.49,1.62,0.6,187.52,36.66,-63.94,1,0.0407,0,Normal,Normal
2026-03-15 17:21:50,27.051,4.753,24.81,101.8,1.66,0.332,198.46,37.74,-62.73,1,0.0586,0,Normal,Normal
2026-03-15 17:22:00,26.519,5.218,22.49,100.9,5.05,0.0,192.83,36.53,-63.85,1,0.0463,0,Normal,Normal
2026-03-15 17:22:10,26.612,5.152,22.6,102.15,2.07,0.26,186.53,37.42,-63.75,1,0.0596,0,Normal,Normal
2026-03-15 17:22:20,26.545,5.078,21.78,100.95,1.09,0.0,198.29,35.69,-67.71,1,0.0479,0,Normal,Normal
2026-03-15 17:22:30,26.016,5.372,21.77,101.23,0.0,0.243,197.26,37.13,-65.81,1,0.0512,0,Normal,Normal
2026-03-15 17:22:40,26.379,4.965,25.1,101.45,2.94,0.0,195.57,39.41,-68.56,1,0.0534,0,Normal,Normal
2026-03-15 17:22:50,26.94,5.361,22.28,100.45,0.0,0.166,204.83,37.5,-66.52,1,0.0433,0,Normal,Normal
2026-03-15 17:23:00,26.215,5.4,22.32,102.45,0.0,0.405,205.45,35.46,-66.15,1,0.0452,0,Normal,Normal
2026-03-15 17:23:10,27.055,5.535,19.99,101.14,0.56,0.111,191.13,32.52,-70.07,1,0.0532,0,Normal,Normal
2026-03-15 17:23:20,26.753,4.987,22.23,100.96,2.57,0.0,189.78,35.83,-65.42,1,0.066,0,Normal,Normal
2026-03-15 17:23:30,26.502,4.894,22.51,100.83,1.72,0.178,179.16,34.9,-67.32,1,0.0888,0,Normal,Normal
2026-03-15 17:23:40,26.531,5.343,23.1,101.44,0.53,0.341,202.79,37.59,-64.85,1,0.0511,0,Normal,Normal
2026-03-15 17:23:50,26.068,5.204,22.29,101.42,1.02,0.0,189.89,33.87,-66.27,1,0.0412,0,Normal,Normal
2026-03-15 17:24:00,26.245,6.003,21.06,100.85,0.0,0.172,185.56,34.52,-64.45,1,0.0869,0,Normal,Normal
2026-03-15 17:24:10,26.738,5.394,20.91,100.75,0.71,0.535,182.93,34.56,-63.33,1,0.0482,0,Normal,Normal
2026-03-15 17:24:20,26.103,5.296,20.96,101.72,0.58,0.268,182.84,33.7,-69.12,1,0.0416,0,Normal,Normal
2026-03-15 17:24:30,19.684,5.24,50.8,101.04,1.61,0.081,204.4,66.17,-109.78,0,1.6368,1,Multiple simultaneous abnormalities,Critical
2026-03-15 17:24:40,18.429,4.98,63.94,100.61,1.57,0.28,197.49,67.85,-102.79,0,2.6428,1,Multiple simultaneous abnormalities,Critical
2026-03-15 17:24:50,19.729,5.427,56.0,101.24,0.97,0.209,178.37,69.92,-97.62,0,1.2794,1,Multiple simultaneous abnormalities,Critical
2026-03-15 17:25:00,20.293,5.267,60.91,101.14,0.0,0.31,178.67,70.01,-94.16,0,2.426,1,Multiple simultaneous abnormalities,Critical
2026-03-15 17:25:10,20.413,5.269,55.33,102.08,1.21,0.0,191.21,66.77,-97.36,0,2.5431,1,Multiple simultaneous abnormalities,Critical
2026-03-15 17:25:20,20.615,5.313,48.02,101.09,0.18,0.0,182.08,62.31,-95.07,0,1.889,1,Multiple simultaneous abnormalities,Critical
2026-03-15 17:25:30,19.558,5.345,45.3,101.18,0.0,0.388,188.18,65.27,-109.74,1,2.4326,1,Multiple simultaneous abnormalities,Critical
2026-03-15 17:25:40,21.837,4.856,53.12,101.39,0.0,0.0,202.6,67.71,-107.87,0,2.6901,1,Multiple simultaneous abnormalities,Critical
2026-03-15 17:25:50,19.988,5.501,55.16,101.07,0.33,0.171,198.72,57.89,-104.86,0,2.1315,1,Multiple simultaneous abnormalities,Critical
2026-03-15 17:26:00,21.46,5.081,45.95,101.48,1.3,0.0,176.46,68.31,-106.13,0,2.3016,1,Multiple simultaneous abnormalities,Critical
2026-03-15 17:26:10,19.325,5.258,45.61,100.89,0.0,0.0,182.05,60.55,-103.99,0,2.3848,1,Multiple simultaneous abnormalities,Critical
2026-03-15 17:26:20,21.35,5.615,61.01,101.2,0.0,0.146,192.09,55.34,-98.74,0,2.7847,1,Multiple simultaneous abnormalities,Critical
2026-03-15 17:26:30,20.145,5.739,58.64,101.46,0.23,0.092,199.16,61.89,-109.9,0,1.9196,1,Multiple simultaneous abnormalities,Critical
2026-03-15 17:26:40,21.405,4.869,61.38,101.76,0.28,0.759,183.53,68.94,-107.34,0,2.141,1,Multiple simultaneous abnormalities,Critical
2026-03-15 17:26:50,22.079,5.302,51.64,101.07,0.36,0.0,193.05,61.36,-98.88,1,2.0092,1,Multiple simultaneous abnormalities,Critical
2026-03-15 17:27:00,19.499,5.363,47.96,101.06,1.23,0.521,186.45,58.37,-100.82,0,1.7699,1,Multiple simultaneous abnormalities,Critical
2026-03-15 17:27:10,19.321,4.919,49.35,101.92,1.34,0.139,204.1,67.53,-98.53,1,2.7533,1,Multiple simultaneous abnormalities,Critical
2026-03-15 17:27:20,19.411,5.497,51.33,101.08,0.0,0.0,195.06,61.07,-112.75,1,2.0359,1,Multiple simultaneous abnormalities,Critical
2026-03-15 17:27:30,21.051,5.325,56.22,101.28,0.0,0.293,188.53,61.22,-97.08,0,2.7312,1,Multiple simultaneous abnormalities,Critical
2026-03-15 17:27:40,21.068,5.345,60.21,101.99,0.0,0.211,178.11,65.71,-102.26,0,2.8259,1,Multiple simultaneous abnormalities,Critical
2026-03-15 17:27:50,18.775,5.067,51.05,101.33,0.93,0.024,181.57,63.13,-104.27,0,2.6257,1,Multiple simultaneous abnormalities,Critical
2026-03-15 17:28:00,22.035,5.4,50.83,101.2,1.82,0.104,169.86,58.93,-104.69,0,1.5318,1,Multiple simultaneous abnormalities,Critical
2026-03-15 17:28:10,20.338,5.507,57.58,101.23,0.0,0.0,192.23,56.07,-104.42,0,1.3371,1,Multiple simultaneous abnormalities,Critical
2026-03-15 17:28:20,19.001,5.329,50.04,101.0,0.0,0.0,195.38,54.1,-115.63,0,2.1208,1,Multiple simultaneous abnormalities,Critical
2026-03-15 17:28:30,21.119,5.169,53.62,101.48,1.83,0.275,195.78,64.12,-95.68,0,2.1258,1,Multiple simultaneous abnormalities,Critical
2026-03-15 17:28:40,21.385,5.189,48.74,100.93,0.67,0.0,185.13,54.61,-100.27,0,2.2155,1,Multiple simultaneous abnormalities,Critical
2026-03-15 17:28:50,21.282,5.353,57.84,101.61,0.58,0.0,200.28,64.85,-106.85,0,1.3624,1,Multiple simultaneous abnormalities,Critical
2026-03-15 17:29:00,19.005,5.31,45.36,101.31,0.0,0.105,202.71,62.86,-100.73,0,1.7257,1,Multiple simultaneous abnormalities,Critical
2026-03-15 17:29:10,18.085,5.524,58.72,101.39,0.87,0.1,184.71,60.2,-99.07,1,2.0409,1,Multiple simultaneous abnormalities,Critical
2026-03-15 17:29:20,20.462,5.178,49.25,101.99,0.0,0.0,199.49,60.95,-90.89,0,2.0766,1,Multiple simultaneous abnormalities,Critical
2026-03-15 17:29:30,21.804,4.994,60.39,100.72,0.0,0.456,191.15,62.76,-97.9,0,2.7553,1,Multiple simultaneous abnormalities,Critical
2026-03-15 17:29:40,20.993,5.388,46.46,101.31,0.0,0.048,185.82,60.37,-107.94,0,2.7872,1,Multiple simultaneous abnormalities,Critical
2026-03-15 17:29:50,21.5,5.179,50.39,101.56,0.0,0.0,199.88,63.6,-100.96,1,2.7073,1,Multiple simultaneous abnormalities,Critical
2026-03-15 17:30:00,22.13,5.495,50.16,101.05,0.0,0.156,180.38,61.56,-111.84,0,1.6406,1,Multiple simultaneous abnormalities,Critical
2026-03-15 17:30:10,19.806,5.301,55.11,101.68,0.0,0.088,178.15,58.76,-112.43,0,2.2689,1,Multiple simultaneous abnormalities,Critical
2026-03-15 17:30:20,25.224,5.462,18.08,101.08,1.18,0.273,186.85,30.89,-66.48,1,0.0422,0,Normal,Normal
2026-03-15 17:30:30,25.849,5.045,15.94,101.42,1.38,0.193,188.19,28.7,-68.2,1,0.058,0,Normal,Normal
2026-03-15 17:30:40,25.811,5.335,17.98,101.25,0.0,0.255,176.88,33.34,-69.05,1,0.0417,0,Normal,Normal
2026-03-15 17:30:50,25.193,5.124,20.1,101.36,1.2,0.477,193.95,32.43,-68.8,1,0.0403,0,Normal,Normal
2026-03-15 17:31:00,25.81,4.994,15.51,101.33,0.0,0.313,183.78,29.6,-66.18,1,0.08,0,Normal,Normal
2026-03-15 17:31:10,25.572,5.084,17.27,101.29,1.05,0.0,179.54,33.31,-67.89,1,0.0709,0,Normal,Normal
2026-03-15 17:31:20,25.44,5.163,14.79,101.11,0.0,0.0,195.22,30.24,-71.89,1,0.0467,0,Normal,Normal
2026-03-15 17:31:30,25.573,5.61,15.88,101.03,0.06,0.587,186.58,30.39,-68.83,1,0.0416,0,Normal,Normal
2026-03-15 17:31:40,24.931,5.156,18.1,101.43,0.0,0.0,198.48,32.08,-68.36,1,0.057,0,Normal,Normal
2026-03-15 17:31:50,25.477,4.981,16.31,101.32,1.48,0.0,193.69,31.2,-66.36,1,0.0722,0,Normal,Normal
2026-03-15 17:32:00,25.434,5.332,17.99,101.02,0.0,0.0,188.43,32.43,-67.18,1,0.0951,0,Normal,Normal
2026-03-15 17:32:10,25.804,5.307,17.32,101.44,0.75,0.121,198.8,33.03,-62.96,1,0.0421,0,Normal,Normal
2026-03-15 17:32:20,25.581,5.176,16.61,101.11,1.34,0.055,193.38,30.45,-71.33,1,0.0538,0,Normal,Normal
2026-03-15 17:32:30,25.812,5.259,15.07,101.92,0.88,0.0,189.86,30.28,-66.91,1,0.0484,0,Normal,Normal
2026-03-15 17:32:40,24.848,5.543,17.56,102.3,2.81,0.161,194.11,31.17,-66.85,1,0.0426,0,Normal,Normal
2026-03-15 17:32:50,25.353,5.467,16.91,101.86,0.0,0.0,194.37,33.18,-68.1,1,0.0647,0,Normal,Normal
2026-03-15 17:33:00,25.765,5.445,14.08,101.83,1.16,0.944,181.26,27.88,-70.01,1,0.0629,0,Normal,Normal
2026-03-15 17:33:10,25.498,5.004,14.84,101.63,0.0,0.0,208.88,26.9,-71.36,1,0.0901,0,Normal,Normal
2026-03-15 17:33:20,25.838,6.021,12.05,101.22,1.49,0.0,190.55,26.14,-69.63,1,0.0413,0,Normal,Normal
2026-03-15 17:33:30,25.036,5.562,14.07,100.54,0.01,0.0,190.71,28.99,-75.06,1,0.0441,0,Normal,Normal
2026-03-15 17:33:40,25.791,5.429,15.57,100.89,0.0,0.449,175.95,31.52,-72.67,1,0.0664,0,Normal,Normal
2026-03-15 17:33:50,25.373,5.008,14.38,101.03,1.58,0.0,191.04,27.18,-73.03,1,0.0475,0,Normal,Normal
2026-03-15 17:34:00,25.339,5.536,14.63,101.78,0.0,0.0,191.38,26.54,-68.79,1,0.0497,0,Normal,Normal
2026-03-15 17:34:10,25.851,5.174,17.89,101.4,0.0,0.249,180.81,32.48,-68.64,1,0.0542,0,Normal,Normal
2026-03-15 17:34:20,25.897,5.251,17.26,101.04,0.0,0.0,181.69,31.82,-73.94,1,0.0479,0,Normal,Normal
2026-03-15 17:34:30,25.854,4.879,14.6,100.56,0.75,0.22,182.81,26.91,-74.86,1,0.0405,0,Normal,Normal
2026-03-15 17:34:40,26.151,4.989,16.76,102.23,1.68,0.625,187.65,30.36,-75.54,1,0.0539,0,Normal,Normal
2026-03-15 17:34:50,25.915,5.409,17.31,101.51,0.14,0.2,191.71,30.97,-68.43,1,0.0439,0,Normal,Normal
2026-03-15 17:35:00,25.292,5.551,16.34,101.66,1.59,0.225,188.22,31.33,-68.83,1,0.092,0,Normal,Normal
2026-03-15 17:35:10,25.569,5.471,15.78,101.09,0.0,0.306,192.43,29.29,-69.85,1,0.0576,0,Normal,Normal
2026-03-15 17:35:20,25.415,5.462,16.91,101.24,0.0,0.6,195.41,30.39,-67.51,1,0.0676,0,Normal,Normal
2026-03-15 17:35:30,26.128,5.283,16.34,101.16,0.0,0.425,194.35,30.48,-66.91,1,0.0863,0,Normal,Normal
2026-03-15 17:35:40,25.848,5.198,13.29,101.33,0.0,0.155,192.92,25.64,-75.45,1,0.041,0,Normal,Normal
2026-03-15 17:35:50,25.457,5.372,14.75,102.04,0.11,0.318,192.29,31.04,-73.88,1,0.0424,0,Normal,Normal
2026-03-15 17:36:00,25.774,5.505,14.14,100.82,0.84,0.0,192.32,29.26,-70.58,1,0.0648,0,Normal,Normal
2026-03-15 17:36:10,25.139,5.301,16.62,101.28,0.0,0.273,188.83,29.78,-81.43,1,0.0724,0,Normal,Normal
2026-03-15 17:36:20,25.582,5.602,13.95,101.44,0.18,0.0,184.73,26.61,-74.13,1,0.0401,0,Normal,Normal
2026-03-15 17:36:30,25.223,5.246,13.62,101.25,0.0,0.0,189.26,26.38,-70.72,1,0.0836,0,Normal,Normal
2026-03-15 17:36:40,24.997,5.055,16.22,101.7,0.0,0.0,195.23,30.93,-74.88,1,0.0491,0,Normal,Normal
2026-03-15 17:36:50,25.738,5.297,15.0,100.61,0.0,0.142,195.19,27.79,-71.88,1,0.0493,0,Normal,Normal
2026-03-15 17:37:00,25.774,5.326,17.71,102.05,0.0,0.0,194.07,31.41,-80.3,1,0.0716,0,Normal,Normal
2026-03-15 17:37:10,25.638,5.279,13.18,100.75,0.0,0.39,186.21,25.15,-73.68,1,0.0451,0,Normal,Normal
2026-03-15 17:37:20,25.445,5.62,13.63,100.85,0.05,0.138,188.28,28.28,-76.15,1,0.0531,0,Normal,Normal
2026-03-15 17:37:30,25.12,5.501,16.03,101.12,0.1,0.395,188.31,30.72,-75.68,1,0.0461,0,Normal,Normal
2026-03-15 17:37:40,25.152,4.942,12.36,101.04,0.0,0.0,185.15,26.14,-78.08,1,0.0418,0,Normal,Normal
2026-03-15 17:37:50,25.21,5.683,16.19,101.47,1.54,0.365,197.16,30.42,-70.67,1,0.0467,0,Normal,Normal
2026-03-15 17:38:00,25.431,4.614,12.34,101.42,0.0,0.738,175.28,27.29,-75.49,1,0.0428,0,Normal,Normal
2026-03-15 17:38:10,25.825,5.837,15.0,101.35,0.0,0.269,206.18,29.2,-75.49,1,0.051,0,Normal,Normal
2026-03-15 17:38:20,25.822,5.228,11.26,100.73,3.35,0.278,206.6,26.2,-69.98,1,0.0513,0,Normal,Normal
2026-03-15 17:38:30,25.01,5.252,14.03,101.24,0.0,0.061,190.41,26.63,-79.17,1,0.0486,0,Normal,Normal
2026-03-15 17:38:40,25.299,5.285,11.85,101.31,0.0,0.0,193.25,26.3,-76.2,1,0.0429,0,Normal,Normal
2026-03-15 17:38:50,25.293,5.396,16.73,101.79,0.89,0.268,196.8,30.96,-78.89,1,0.0419,0,Normal,Normal
2026-03-15 17:39:00,24.751,5.3,12.18,101.38,0.0,0.0,183.94,27.62,-79.27,1,0.0417,0,Normal,Normal
2026-03-15 17:39:10,25.683,5.266,12.48,101.45,0.0,0.0,194.55,26.52,-76.38,1,0.0418,0,Normal,Normal
2026-03-15 17:39:20,25.443,5.627,14.47,102.08,2.59,0.0,200.56,28.35,-78.38,1,0.0452,0,Normal,Normal
2026-03-15 17:39:30,25.486,5.441,12.71,100.84,0.0,0.0,175.59,26.04,-71.82,1,0.04,0,Normal,Normal
2026-03-15 17:39:40,25.927,5.06,14.61,101.14,0.0,0.226,178.48,30.39,-72.63,1,0.041,0,Normal,Normal
2026-03-15 17:39:50,25.553,5.485,12.43,100.85,0.0,0.178,196.01,23.61,-78.69,1,0.0495,0,Normal,Normal
2026-03-15 17:40:00,25.401,5.431,12.26,101.94,1.09,0.019,187.85,26.88,-83.04,1,0.043,0,Normal,Normal
2026-03-15 17:40:10,25.706,5.163,13.35,101.97,1.36,0.061,186.92,27.33,-79.51,1,0.0446,0,Normal,Normal
2026-03-15 17:40:20,25.857,5.498,11.52,101.91,0.0,0.0,187.39,25.3,-75.71,1,0.0465,0,Normal,Normal
2026-03-15 17:40:30,25.633,5.26,13.89,101.52,0.83,0.0,180.99,27.49,-81.73,1,0.0406,0,Normal,Normal
2026-03-15 17:40:40,25.755,5.244,14.56,101.45,1.68,0.0,186.73,28.49,-74.46,1,0.0437,0,Normal,Normal
2026-03-15 17:40:50,25.51,5.237,14.02,101.12,2.16,0.0,179.45,28.59,-77.74,1,0.0625,0,Normal,Normal
2026-03-15 17:41:00,25.535,4.692,14.11,101.61,0.0,0.212,200.48,27.15,-83.21,1,0.0463,0,Normal,Normal
2026-03-15 17:41:10,25.599,5.168,10.21,100.79,0.0,0.0,191.08,24.37,-81.88,1,0.0431,0,Normal,Normal
2026-03-15 17:41:20,25.345,5.478,12.36,100.79,0.0,0.0,190.86,26.78,-81.66,1,0.0433,0,Normal,Normal
2026-03-15 17:41:30,25.407,5.294,12.66,101.13,0.0,0.0,195.34,25.52,-82.72,1,0.1027,0,Normal,Normal
2026-03-15 17:41:40,25.997,4.978,15.14,102.05,0.0,0.0,212.33,29.74,-83.93,1,0.0424,0,Normal,Normal
2026-03-15 17:41:50,26.193,5.541,12.04,101.09,0.0,0.0,181.59,26.47,-82.41,1,0.0754,0,Normal,Normal
2026-03-15 17:42:00,26.076,5.225,9.42,101.15,1.36,0.03,175.27,22.46,-82.02,1,0.0413,0,Normal,Normal
2026-03-15 17:42:10,25.208,4.994,11.32,101.42,1.55,0.0,189.77,23.9,-77.17,1,0.0711,0,Normal,Normal
2026-03-15 17:42:20,25.187,5.851,11.8,101.66,0.0,0.039,175.4,24.82,-79.93,1,0.0506,0,Normal,Normal
2026-03-15 17:42:30,25.263,5.036,9.51,101.8,1.34,0.0,187.3,23.68,-79.93,1,0.0541,0,Normal,Normal
2026-03-15 17:42:40,25.669,5.519,14.16,100.85,0.45,0.588,197.01,28.07,-80.56,1,0.0442,0,Normal,Normal
2026-03-15 17:42:50,24.794,5.107,10.32,101.26,0.1,0.177,202.24,25.99,-84.17,1,0.0743,0,Normal,Normal
2026-03-15 17:43:00,25.469,13.106,13.3,101.39,1.11,0.0,310.99,39.75,-78.51,1,0.0533,1,Current surge,Critical
2026-03-15 17:43:10,26.077,13.047,10.96,101.43,0.11,0.0,350.56,37.3,-83.42,1,0.0569,1,Current surge,Critical
2026-03-15 17:43:20,25.958,14.585,14.83,101.65,2.49,0.022,380.82,37.63,-83.28,1,0.0522,1,Current surge,Critical
2026-03-15 17:43:30,25.52,13.112,12.12,101.63,0.0,0.0,311.86,36.39,-81.29,1,0.042,1,Current surge,Critical
2026-03-15 17:43:40,25.552,13.463,11.78,101.31,0.0,0.0,371.72,38.64,-75.09,1,0.0671,1,Current surge,Critical
2026-03-15 17:43:50,25.863,13.603,13.26,101.76,0.0,0.476,359.3,40.25,-84.43,1,0.043,1,Current surge,Critical
2026-03-15 17:44:00,25.983,15.438,10.92,101.69,0.55,0.256,336.3,33.05,-87.77,1,0.0452,1,Current surge,Critical
2026-03-15 17:44:10,25.553,12.368,13.27,101.66,1.55,0.186,362.24,42.52,-82.15,1,0.0566,1,Current surge,Critical
2026-03-15 17:44:20,25.653,12.428,11.65,101.09,0.0,0.0,334.59,39.98,-81.11,1,0.0415,1,Current surge,Critical
2026-03-15 17:44:30,25.564,15.654,11.46,101.59,0.0,0.154,327.39,42.47,-84.59,1,0.0806,1,Current surge,Critical
2026-03-15 17:44:40,25.346,13.898,12.19,101.78,1.04,0.0,342.26,40.55,-85.2,1,0.042,1,Current surge,Critical
2026-03-15 17:44:50,25.691,12.008,10.66,101.09,0.94,0.076,332.69,37.47,-87.36,1,0.0565,1,Current surge,Critical
2026-03-15 17:45:00,25.679,13.826,11.99,101.35,0.0,0.0,311.92,40.94,-82.65,1,0.0551,1,Current surge,Critical
2026-03-15 17:45:10,25.402,15.525,12.76,101.93,0.03,0.536,289.01,39.32,-77.94,1,0.058,1,Current surge,Critical
2026-03-15 17:45:20,25.986,14.869,8.76,101.46,0.0,0.0,358.92,35.77,-78.75,1,0.0485,1,Current surge,Critical
2026-03-15 17:45:30,25.949,12.618,13.84,101.26,0.0,0.437,318.75,41.94,-83.09,1,0.0472,1,Current surge,Critical
2026-03-15 17:45:40,26.025,13.567,13.41,101.88,0.0,0.02,334.8,38.18,-85.34,1,0.097,1,Current surge,Critical
2026-03-15 17:45:50,25.599,13.791,9.38,101.11,1.02,0.0,297.86,34.59,-83.04,1,0.0655,1,Current surge,Critical
2026-03-15 17:46:00,25.247,14.562,9.13,100.62,0.19,0.066,338.88,33.84,-85.25,1,0.05,1,Current surge,Critical
2026-03-15 17:46:10,25.995,15.071,13.39,100.99,0.0,0.264,318.85,44.99,-86.28,1,0.043,1,Current surge,Critical
2026-03-15 17:46:20,25.669,4.873,13.26,101.75,1.12,0.487,191.78,28.13,-83.95,1,0.0732,0,Normal,Normal
2026-03-15 17:46:30,25.615,5.344,13.03,101.51,0.0,0.119,179.69,26.11,-80.68,1,0.0557,0,Normal,Normal
2026-03-15 17:46:40,25.519,5.739,9.94,101.33,0.47,0.0,186.5,22.69,-85.15,1,0.0422,0,Normal,Normal
2026-03-15 17:46:50,25.827,5.467,14.81,101.72,0.0,0.03,184.61,29.5,-85.25,1,0.043,0,Normal,Normal
2026-03-15 17:47:00,26.397,5.466,10.93,101.37,0.0,0.647,175.98,26.01,-85.5,1,0.0517,0,Normal,Normal
2026-03-15 17:47:10,25.787,5.072,12.41,101.21,0.69,0.484,191.97,27.88,-82.38,1,0.0505,0,Normal,Normal
2026-03-15 17:47:20,25.626,5.739,12.42,101.63,0.72,0.331,188.31,26.09,-82.25,1,0.0479,0,Normal,Normal
2026-03-15 17:47:30,26.163,5.64,14.42,101.15,1.71,0.292,190.39,28.98,-88.08,1,0.0483,0,Normal,Normal
2026-03-15 17:47:40,26.035,5.085,12.21,101.5,0.01,0.26,196.72,27.24,-85.42,1,0.0428,0,Normal,Normal
2026-03-15 17:47:50,25.362,5.177,12.64,100.98,0.49,0.421,190.15,25.02,-81.6,1,0.0444,0,Normal,Normal
2026-03-15 17:48:00,26.212,5.609,11.9,100.88,0.0,0.0,187.43,26.23,-85.95,1,0.0502,0,Normal,Normal
2026-03-15 17:48:10,26.668,5.744,10.21,100.95,0.36,0.0,197.48,25.3,-80.79,1,0.041,0,Normal,Normal
2026-03-15 17:48:20,25.265,4.978,8.53,101.29,0.68,0.044,187.5,23.14,-82.92,1,0.0465,0,Normal,Normal
2026-03-15 17:48:30,25.691,5.043,12.05,101.04,0.04,0.0,186.08,25.95,-79.72,1,0.0435,0,Normal,Normal
2026-03-15 17:48:40,25.223,5.258,9.88,101.05,0.0,0.0,195.48,27.01,-85.93,1,0.0429,0,Normal,Normal
2026-03-15 17:48:50,26.071,4.75,12.53,101.24,0.59,0.0,183.9,28.84,-82.89,1,0.0424,0,Normal,Normal
2026-03-15 17:49:00,26.408,5.297,12.22,101.27,0.64,0.898,199.49,26.24,-82.8,1,0.0423,0,Normal,Normal
2026-03-15 17:49:10,26.159,5.588,12.19,100.68,0.0,0.078,191.45,25.96,-81.75,1,0.0426,0,Normal,Normal
2026-03-15 17:49:20,26.562,4.931,10.43,100.29,0.0,0.16,202.73,25.27,-83.91,1,0.047,0,Normal,Normal
2026-03-15 17:49:30,26.411,5.322,13.57,101.46,2.04,0.0,189.71,27.5,-81.61,1,0.0416,0,Normal,Normal
2026-03-15 17:49:40,26.69,5.144,12.73,101.36,0.88,0.0,197.8,28.25,-86.81,1,0.0741,0,Normal,Normal
2026-03-15 17:49:50,26.545,5.698,10.25,100.75,0.04,0.0,177.12,22.73,-85.05,1,0.0503,0,Normal,Normal
2026-03-15 17:50:00,26.094,5.145,15.13,101.47,0.0,0.55,200.51,28.84,-89.31,1,0.0505,0,Normal,Normal
2026-03-15 17:50:10,26.252,5.666,11.72,101.47,0.0,0.168,195.79,26.55,-85.61,1,0.0436,0,Normal,Normal
2026-03-15 17:50:20,25.99,5.135,10.05,101.18,1.98,0.265,185.14,25.25,-87.31,1,0.0703,0,Normal,Normal
2026-03-15 17:50:30,26.199,5.476,10.92,102.08,0.62,0.32,197.25,23.15,-83.71,1,0.0664,0,Normal,Normal
2026-03-15 17:50:40,26.306,5.344,9.81,101.81,0.0,0.0,180.22,22.66,-81.69,1,0.0405,0,Normal,Normal
2026-03-15 17:50:50,26.28,5.245,14.12,101.14,1.15,0.559,186.42,26.11,-82.89,1,0.0598,0,Normal,Normal
2026-03-15 17:51:00,26.727,5.08,13.72,101.15,0.0,0.0,183.63,26.67,-82.17,1,0.0431,0,Normal,Normal
2026-03-15 17:51:10,26.244,5.356,13.22,100.72,2.45,0.581,197.84,25.69,-84.15,1,0.0522,0,Normal,Normal
2026-03-15 17:51:20,26.083,5.163,12.96,101.79,2.34,0.252,200.51,27.6,-84.78,1,0.0707,0,Normal,Normal
2026-03-15 17:51:30,26.121,5.098,14.02,101.4,0.23,0.0,186.98,28.29,-87.79,1,0.0808,0,Normal,Normal
2026-03-15 17:51:40,26.598,5.636,11.8,101.63,0.11,0.0,180.46,25.62,-89.96,1,0.0431,0,Normal,Normal
2026-03-15 17:51:50,26.0,5.401,12.82,100.45,0.0,0.0,182.88,26.85,-88.61,1,0.0821,0,Normal,Normal
2026-03-15 17:52:00,26.38,5.421,10.99,101.61,0.0,0.549,191.5,26.42,-85.98,1,0.0411,0,Normal,Normal
2026-03-15 17:52:10,26.858,5.159,12.0,101.1,0.0,0.148,191.08,24.75,-81.15,1,0.076,0,Normal,Normal
2026-03-15 17:52:20,26.568,5.206,12.92,101.53,1.44,0.0,188.21,24.61,-87.46,1,0.0622,0,Normal,Normal
2026-03-15 17:52:30,26.478,5.185,7.65,101.51,1.02,0.322,184.39,22.5,-86.13,1,0.0768,0,Normal,Normal
2026-03-15 17:52:40,26.509,5.326,11.37,101.29,0.0,0.022,204.16,24.9,-84.95,1,0.0468,0,Normal,Normal
2026-03-15 17:52:50,26.232,5.396,12.57,101.02,1.37,0.0,186.29,25.35,-79.55,1,0.0824,0,Normal,Normal
2026-03-15 17:53:00,26.304,5.222,12.23,101.46,2.5,0.843,184.71,26.9,-83.41,1,0.0656,0,Normal,Normal
2026-03-15 17:53:10,26.523,5.024,11.7,100.97,2.72,0.32,200.7,23.34,-82.75,1,0.046,0,Normal,Normal
2026-03-15 17:53:20,26.684,5.404,13.29,101.72,0.02,0.209,189.42,26.26,-81.79,1,0.0462,0,Normal,Normal
2026-03-15 17:53:30,26.908,5.213,11.37,101.01,2.39,0.204,195.95,22.51,-78.7,1,0.0466,0,Normal,Normal
2026-03-15 17:53:40,26.672,4.835,10.63,101.31,1.15,0.0,185.05,24.94,-82.48,1,0.0533,0,Normal,Normal
2026-03-15 17:53:50,27.071,4.65,14.27,101.0,4.18,0.0,196.31,30.16,-87.88,1,0.043,0,Normal,Normal
2026-03-15 17:54:00,27.168,5.246,14.1,101.36,4.36,0.913,198.38,27.41,-82.05,1,0.0485,0,Normal,Normal
2026-03-15 17:54:10,26.946,4.951,11.67,100.89,2.7,0.345,183.82,24.72,-77.95,1,0.0411,0,Normal,Normal
2026-03-15 17:54:20,27.097,5.252,12.5,100.98,3.25,0.572,188.76,28.64,-80.19,1,0.0467,0,Normal,Normal
2026-03-15 17:54:30,26.454,4.934,13.9,102.22,4.04,0.0,186.11,28.66,-81.3,1,0.0565,0,Normal,Normal
2026-03-15 17:54:40,26.428,5.143,12.74,101.64,2.36,0.224,189.47,29.6,-80.72,1,0.0534,0,Normal,Normal
2026-03-15 17:54:50,26.95,4.996,13.51,101.45,5.98,0.968,206.87,27.7,-87.12,1,0.0457,0,Normal,Normal
2026-03-15 17:55:00,26.414,5.508,13.46,101.51,5.81,0.963,196.53,27.73,-87.36,1,0.0445,0,Normal,Normal
2026-03-15 17:55:10,26.751,5.285,12.31,101.42,7.91,1.527,210.5,28.04,-78.57,1,0.0459,0,Normal,Normal
2026-03-15 17:55:20,27.091,5.359,13.6,101.26,6.09,1.474,207.27,27.43,-77.21,1,0.0411,0,Normal,Normal
2026-03-15 17:55:30,27.306,5.001,11.42,101.6,7.39,1.02,204.97,25.72,-82.77,1,0.0445,0,Normal,Normal
2026-03-15 17:55:40,26.828,5.172,13.51,100.97,7.1,1.371,208.13,24.6,-80.11,1,0.0585,0,Normal,Normal
2026-03-15 17:55:50,26.731,4.958,12.85,101.94,8.54,1.208,206.38,28.93,-78.63,1,0.043,0,Normal,Normal
2026-03-15 17:56:00,27.045,5.269,12.46,101.35,9.22,2.16,211.39,26.93,-75.32,1,0.0422,0,Normal,Normal
2026-03-15 17:56:10,26.649,4.847,11.18,101.62,12.79,1.972,202.81,25.05,-80.34,1,0.0681,0,Normal,Normal
2026-03-15 17:56:20,26.942,4.478,13.29,101.93,11.77,1.767,204.69,28.38,-77.69,1,0.044,0,Normal,Normal
2026-03-15 17:56:30,27.014,4.287,13.2,101.5,13.83,1.923,205.24,25.78,-73.72,1,0.0443,0,Normal,Normal
2026-03-15 17:56:40,27.03,5.161,11.93,100.98,14.36,2.512,197.29,25.27,-80.33,1,0.0493,0,Normal,Normal
2026-03-15 17:56:50,27.088,4.819,10.85,101.79,14.48,2.37,208.44,25.51,-79.08,1,0.0496,0,Normal,Normal
2026-03-15 17:57:00,26.834,4.79,10.82,101.98,17.04,2.88,212.63,24.88,-82.38,1,0.0431,0,Normal,Normal
2026-03-15 17:57:10,26.889,4.978,12.96,100.52,19.24,1.74,198.7,27.5,-82.02,1,0.0522,0,Normal,Normal
2026-03-15 17:57:20,26.906,4.143,13.85,101.26,18.38,2.847,197.6,28.15,-76.01,1,0.0578,0,Normal,Normal
2026-03-15 17:57:30,26.667,4.416,16.22,101.42,22.15,2.687,201.03,30.98,-74.84,1,0.0499,0,Normal,Normal
2026-03-15 17:57:40,27.278,4.396,13.43,101.19,21.52,3.667,217.29,25.85,-74.71,1,0.0739,0,Normal,Normal
2026-03-15 17:57:50,27.467,4.589,11.12,100.8,23.34,3.78,205.54,26.65,-81.08,1,0.1117,0,Normal,Normal
2026-03-15 17:58:00,27.461,4.178,13.3,100.95,25.93,3.437,199.61,26.72,-78.37,1,0.0513,0,Normal,Normal
2026-03-15 17:58:10,27.166,3.999,15.54,100.56,25.88,4.149,201.14,29.61,-76.1,1,0.094,0,Normal,Normal
2026-03-15 17:58:20,27.025,3.946,12.7,101.68,28.08,4.42,203.21,25.98,-84.14,1,0.0556,0,Normal,Normal
2026-03-15 17:58:30,27.514,8.407,15.46,101.85,28.99,4.002,276.27,29.12,-75.71,1,0.0513,1,Current surge,Warning
2026-03-15 17:58:40,27.506,7.746,14.11,101.84,30.82,5.018,276.44,28.38,-71.21,1,0.0706,1,Current surge,Warning
2026-03-15 17:58:50,27.403,7.33,14.87,101.29,29.07,4.313,306.81,29.75,-73.21,1,0.0909,1,Current surge,Warning
2026-03-15 17:59:00,27.884,8.694,16.75,101.41,30.95,4.413,267.43,31.83,-83.62,1,0.12,1,Current surge,Warning
2026-03-15 17:59:10,27.376,7.559,11.27,101.73,35.05,4.949,284.67,25.79,-74.97,1,0.0614,1,Current surge,Warning
2026-03-15 17:59:20,27.33,8.008,15.43,101.21,36.66,4.672,267.42,28.72,-75.28,1,0.05,1,Current surge,Warning
2026-03-15 17:59:30,27.31,7.395,14.01,100.92,35.37,4.968,311.33,28.45,-74.88,1,0.0453,1,Current surge,Warning
2026-03-15 17:59:40,26.985,7.109,12.79,101.07,37.16,5.565,291.95,27.08,-75.14,1,0.0522,1,Current surge,Warning
2026-03-15 17:59:50,27.675,7.469,14.13,101.37,38.73,5.204,288.87,28.2,-76.21,1,0.0625,1,Current surge,Warning
2026-03-15 18:00:00,27.468,8.377,16.88,101.01,40.08,4.721,282.85,31.52,-81.98,1,0.0404,1,Current surge,Warning
2026-03-15 18:00:10,27.676,7.496,16.41,101.49,37.61,5.551,302.45,28.88,-73.83,1,0.0447,1,Current surge,Warning
2026-03-15 18:00:20,28.099,6.981,11.48,100.76,39.73,5.28,308.94,23.04,-72.65,1,0.0466,1,Current surge,Warning
2026-03-15 18:00:30,27.453,7.158,13.39,101.2,41.07,5.919,282.25,28.82,-75.97,1,0.0627,1,Current surge,Warning
2026-03-15 18:00:40,26.892,7.817,16.03,101.46,42.94,5.945,280.86,29.87,-70.29,1,0.0543,1,Current surge,Warning
2026-03-15 18:00:50,27.761,8.177,14.65,101.35,45.67,6.294,266.97,29.15,-78.76,1,0.0483,1,Current surge,Warning
2026-03-15 18:01:00,27.69,3.872,14.72,101.01,42.93,6.168,224.02,27.68,-78.78,1,0.0777,0,Normal,Normal
2026-03-15 18:01:10,27.443,3.497,12.47,101.59,41.99,6.297,222.46,27.98,-73.12,1,0.0516,0,Normal,Normal
2026-03-15 18:01:20,27.805,3.586,13.78,101.4,44.6,5.74,213.43,28.2,-75.19,1,0.0593,0,Normal,Normal
2026-03-15 18:01:30,27.945,3.631,12.93,100.46,46.09,6.309,239.84,26.71,-70.0,1,0.056,0,Normal,Normal
2026-03-15 18:01:40,27.448,3.946,12.56,101.48,44.99,6.764,219.84,26.9,-73.98,1,0.0693,0,Normal,Normal
2026-03-15 18:01:50,27.665,3.706,13.22,101.13,44.1,5.878,205.3,25.13,-68.39,1,0.0651,0,Normal,Normal
2026-03-15 18:02:00,28.221,3.726,13.79,101.09,46.63,6.788,228.6,28.24,-74.41,1,0.1077,0,Normal,Normal
2026-03-15 18:02:10,27.585,3.543,14.12,100.97,46.53,6.001,228.92,29.9,-71.59,1,0.0472,0,Normal,Normal
2026-03-15 18:02:20,27.844,3.774,14.07,100.9,44.74,5.927,219.69,28.45,-77.75,1,0.0427,0,Normal,Normal
2026-03-15 18:02:30,27.06,3.644,16.94,101.38,46.64,6.358,229.98,31.17,-71.74,1,0.0614,0,Normal,Normal
2026-03-15 18:02:40,27.426,3.572,14.13,101.52,47.57,6.53,216.21,27.75,-71.14,1,0.0712,0,Normal,Normal
2026-03-15 18:02:50,27.94,3.369,17.7,101.36,47.96,6.622,220.6,33.0,-67.52,1,0.0408,0,Normal,Normal
2026-03-15 18:03:00,28.284,3.52,14.92,101.68,46.62,5.987,227.2,30.39,-75.47,1,0.0461,0,Normal,Normal
2026-03-15 18:03:10,27.53,3.274,16.38,101.53,46.4,6.494,231.54,29.86,-71.57,1,0.0647,0,Normal,Normal
2026-03-15 18:03:20,27.984,3.529,16.51,100.5,48.43,6.119,222.45,30.94,-66.15,1,0.0573,0,Normal,Normal
2026-03-15 18:03:30,27.871,3.557,14.53,100.93,45.61,5.852,220.46,28.81,-65.55,1,0.0611,0,Normal,Normal
2026-03-15 18:03:40,28.292,2.93,15.47,101.78,47.69,6.062,224.06,29.95,-72.6,1,0.0518,0,Normal,Normal
2026-03-15 18:03:50,27.664,3.471,15.29,100.79,45.61,6.136,208.08,28.36,-71.96,1,0.0472,0,Normal,Normal
2026-03-15 18:04:00,28.18,3.231,16.68,100.21,48.61,6.592,222.27,32.05,-74.8,1,0.065,0,Normal,Normal
2026-03-15 18:04:10,27.877,3.647,16.01,102.03,47.09,6.822,208.72,30.69,-75.87,1,0.0521,0,Normal,Normal
2026-03-15 18:04:20,28.163,3.679,15.16,101.42,48.98,5.911,217.87,30.61,-70.48,1,0.0509,0,Normal,Normal
2026-03-15 18:04:30,28.139,3.412,16.55,101.03,48.11,6.558,213.27,29.21,-71.06,1,0.0599,0,Normal,Normal
2026-03-15 18:04:40,28.065,3.653,16.96,100.96,46.1,6.03,228.91,29.69,-62.75,1,0.0432,0,Normal,Normal
2026-03-15 18:04:50,28.305,3.662,19.31,101.55,49.32,6.668,218.87,35.78,-67.71,1,0.0532,0,Normal,Normal
2026-03-15 18:05:00,28.197,3.456,16.72,101.49,49.51,6.235,234.65,32.1,-69.2,1,0.0454,0,Normal,Normal
2026-03-15 18:05:10,28.166,3.895,16.72,101.43,48.75,6.09,209.99,29.74,-66.43,1,0.0403,0,Normal,Normal
2026-03-15 18:05:20,28.121,3.329,17.43,101.22,46.81,6.742,222.85,32.47,-65.14,1,0.0607,0,Normal,Normal
2026-03-15 18:05:30,28.272,3.877,15.45,100.79,47.38,6.261,225.49,28.89,-64.41,1,0.0497,0,Normal,Normal
2026-03-15 18:05:40,28.337,3.452,14.37,101.29,47.95,6.359,228.76,26.33,-67.11,1,0.075,0,Normal,Normal
2026-03-15 18:05:50,27.995,3.297,16.58,101.73,46.95,5.695,242.08,28.06,-67.8,1,0.0504,0,Normal,Normal
2026-03-15 18:06:00,28.209,3.419,18.74,101.08,49.85,6.807,209.13,32.71,-67.09,1,0.0402,0,Normal,Normal
2026-03-15 18:06:10,28.018,3.231,19.07,101.54,48.01,6.765,218.82,34.94,-67.59,1,0.0479,0,Normal,Normal
2026-03-15 18:06:20,28.344,3.702,14.49,101.14,44.61,6.482,240.87,30.31,-68.85,1,0.0428,0,Normal,Normal
2026-03-15 18:06:30,28.199,3.104,18.39,101.62,48.27,5.947,217.53,33.91,-63.99,1,0.0781,0,Normal,Normal
2026-03-15 18:06:40,28.629,3.852,14.21,100.91,47.46,6.907,228.45,29.2,-67.56,1,0.0489,0,Normal,Normal
2026-03-15 18:06:50,28.62,3.27,18.26,101.31,47.8,6.252,217.4,32.64,-69.89,1,0.0507,0,Normal,Normal
2026-03-15 18:07:00,28.162,3.713,18.26,101.48,47.46,6.328,213.78,33.64,-66.65,1,0.0468,0,Normal,Normal
2026-03-15 18:07:10,28.459,3.509,15.16,101.03,48.88,7.297,218.41,26.75,-64.43,1,0.0511,0,Normal,Normal
2026-03-15 18:07:20,23.952,5.32,19.34,101.45,49.26,6.243,240.76,34.53,-70.83,1,0.0413,1,Battery voltage drop,Warning
2026-03-15 18:07:30,24.152,6.149,20.55,101.29,48.27,6.75,215.62,33.2,-67.15,1,0.0492,1,Battery voltage drop,Warning
2026-03-15 18:07:40,24.464,5.496,17.93,101.28,47.53,6.688,222.57,30.83,-68.63,1,0.0563,1,Battery voltage drop,Warning
2026-03-15 18:07:50,24.201,5.28,18.32,101.03,47.89,6.629,222.92,33.16,-59.57,1,0.047,1,Battery voltage drop,Warning
2026-03-15 18:08:00,24.753,4.863,20.42,101.7,47.97,6.591,232.29,35.53,-65.74,1,0.0475,1,Battery voltage drop,Warning
2026-03-15 18:08:10,23.98,5.445,16.6,100.92,46.99,6.625,234.0,29.87,-61.26,1,0.0672,1,Battery voltage drop,Warning
2026-03-15 18:08:20,24.651,5.093,16.73,101.41,48.65,6.589,225.83,31.51,-65.09,1,0.0515,1,Battery voltage drop,Warning
2026-03-15 18:08:30,24.265,5.489,17.21,100.96,48.51,6.476,199.45,31.89,-64.73,1,0.0533,1,Battery voltage drop,Warning
2026-03-15 18:08:40,23.366,6.273,18.62,101.27,49.81,7.024,217.86,32.25,-65.83,1,0.0453,1,Battery voltage drop,Warning
2026-03-15 18:08:50,25.297,6.236,18.71,101.56,49.47,6.036,215.39,32.89,-66.23,1,0.0499,1,Battery voltage drop,Warning
2026-03-15 18:09:00,24.726,5.284,17.92,101.18,47.15,6.853,234.25,34.42,-65.71,1,0.0408,1,Battery voltage drop,Warning
2026-03-15 18:09:10,24.811,6.147,18.39,100.07,48.96,6.784,217.61,32.05,-67.39,1,0.0484,1,Battery voltage drop,Warning
2026-03-15 18:09:20,24.848,6.161,18.12,100.76,46.83,6.741,238.45,31.83,-65.39,1,0.0643,1,Battery voltage drop,Warning
2026-03-15 18:09:30,24.473,5.693,18.29,100.44,48.81,6.888,228.25,32.47,-70.17,1,0.0426,1,Battery voltage drop,Warning
2026-03-15 18:09:40,24.461,5.125,17.96,101.33,47.36,6.465,234.06,31.75,-64.72,1,0.0617,1,Battery voltage drop,Warning
2026-03-15 18:09:50,24.909,5.906,18.07,101.3,46.75,5.843,243.03,33.02,-68.81,1,0.047,1,Battery voltage drop,Warning
2026-03-15 18:10:00,24.299,5.261,16.3,101.16,48.32,6.472,217.44,32.06,-64.87,1,0.0404,1,Battery voltage drop,Warning
2026-03-15 18:10:10,24.037,5.62,19.06,101.05,44.77,6.151,212.03,32.76,-64.15,1,0.0859,1,Battery voltage drop,Warning
2026-03-15 18:10:20,23.857,5.786,16.56,101.39,45.88,6.242,226.49,29.53,-60.83,1,0.043,1,Battery voltage drop,Warning
2026-03-15 18:10:30,24.628,6.277,20.71,100.72,47.77,6.063,232.62,37.08,-64.1,1,0.0461,1,Battery voltage drop,Warning
2026-03-15 18:10:40,24.294,5.893,18.83,101.68,48.09,6.331,219.67,32.98,-65.83,1,0.0498,1,Battery voltage drop,Warning
2026-03-15 18:10:50,24.197,5.248,19.59,101.33,47.55,6.29,225.28,31.54,-66.9,1,0.0848,1,Battery voltage drop,Warning
2026-03-15 18:11:00,25.753,6.24,19.3,100.92,46.09,5.666,234.73,35.54,-62.86,1,0.0531,1,Battery voltage drop,Warning
2026-03-15 18:11:10,24.021,5.966,19.59,101.13,47.01,6.744,233.94,34.94,-65.3,1,0.0754,1,Battery voltage drop,Warning
2026-03-15 18:11:20,24.495,5.731,21.94,101.25,48.46,7.276,220.34,37.86,-67.26,1,0.0525,1,Battery voltage drop,Warning
2026-03-15 18:11:30,29.355,3.467,18.11,100.75,48.69,6.711,227.16,33.83,-64.55,1,0.0434,0,Normal,Normal
2026-03-15 18:11:40,29.528,3.124,17.8,101.57,47.97,6.428,217.51,34.97,-70.59,1,0.0525,0,Normal,Normal
2026-03-15 18:11:50,28.973,3.659,20.5,101.69,49.38,6.48,213.4,33.26,-64.79,1,0.0416,0,Normal,Normal
2026-03-15 18:12:00,28.76,3.692,19.67,101.35,48.47,6.352,235.86,32.72,-67.4,1,0.0419,0,Normal,Normal
2026-03-15 18:12:10,29.245,3.348,21.05,101.68,47.1,6.531,207.93,34.46,-66.06,1,0.0418,0,Normal,Normal
2026-03-15 18:12:20,28.941,3.471,21.68,102.36,47.66,6.486,226.52,35.05,-59.13,1,0.0402,0,Normal,Normal
2026-03-15 18:12:30,29.212,2.972,19.04,100.55,46.31,6.205,222.03,33.19,-66.61,1,0.0425,0,Normal,Normal
2026-03-15 18:12:40,28.969,3.743,21.7,101.32,47.87,7.088,229.39,35.11,-62.83,1,0.0465,0,Normal,Normal
2026-03-15 18:12:50,29.531,3.678,19.35,100.76,49.33,5.979,219.52,31.92,-62.1,1,0.0411,0,Normal,Normal
2026-03-15 18:13:00,28.866,3.788,21.09,101.92,48.82,6.751,234.13,34.04,-62.74,1,0.0401,0,Normal,Normal
2026-03-15 18:13:10,29.234,3.872,19.21,101.4,49.68,6.464,223.22,32.86,-64.24,1,0.0418,0,Normal,Normal
2026-03-15 18:13:20,28.958,3.194,21.36,101.02,47.63,7.165,236.61,36.73,-68.74,1,0.0812,0,Normal,Normal
2026-03-15 18:13:30,29.034,3.722,21.22,101.2,49.61,6.619,226.75,34.53,-67.44,1,0.0512,0,Normal,Normal
2026-03-15 18:13:40,29.008,3.87,19.69,101.83,47.76,6.374,216.6,34.66,-69.06,1,0.0486,0,Normal,Normal
2026-03-15 18:13:50,29.367,3.126,19.4,101.48,49.76,6.413,229.34,31.81,-66.7,1,0.05,0,Normal,Normal
2026-03-15 18:14:00,29.434,3.457,22.65,101.53,47.97,6.514,228.34,32.81,-66.75,1,0.0521,0,Normal,Normal
2026-03-15 18:14:10,29.338,3.409,20.94,101.9,48.85,6.1,224.14,34.78,-68.56,1,0.0417,0,Normal,Normal
2026-03-15 18:14:20,29.151,3.714,23.23,101.68,49.77,6.231,219.01,36.49,-64.27,1,0.0532,0,Normal,Normal
2026-03-15 18:14:30,29.238,2.902,20.98,101.75,47.77,5.875,231.88,33.93,-67.49,1,0.067,0,Normal,Normal
2026-03-15 18:14:40,29.478,3.954,23.84,101.25,48.26,6.177,217.28,36.64,-67.2,1,0.0523,0,Normal,Normal
2026-03-15 18:14:50,29.499,3.472,20.56,100.4,49.54,6.533,218.12,33.71,-70.93,1,0.0722,0,Normal,Normal
2026-03-15 18:15:00,28.425,3.729,24.28,101.34,47.84,6.605,229.22,37.09,-66.13,1,0.0422,0,Normal,Normal
2026-03-15 18:15:10,29.162,3.485,22.42,101.03,46.41,5.807,223.31,35.35,-66.74,1,0.0662,0,Normal,Normal
2026-03-15 18:15:20,29.188,3.623,22.85,101.62,50.57,6.452,209.28,35.22,-68.38,1,0.0563,0,Normal,Normal
2026-03-15 18:15:30,29.467,2.92,20.83,100.59,47.43,6.697,217.3,32.28,-65.57,1,0.0539,0,Normal,Normal
2026-03-15 18:15:40,29.257,3.404,23.52,101.63,48.19,6.443,228.25,34.87,-66.49,1,0.0533,0,Normal,Normal
2026-03-15 18:15:50,29.503,3.712,23.66,101.38,49.39,6.278,222.84,40.62,-65.22,1,0.0419,0,Normal,Normal
2026-03-15 18:16:00,28.974,3.572,22.12,101.44,47.27,6.356,224.19,36.04,-65.22,1,0.0554,0,Normal,Normal
2026-03-15 18:16:10,29.386,3.091,19.49,101.55,46.79,6.311,227.1,35.32,-65.12,1,0.0476,0,Normal,Normal
2026-03-15 18:16:20,29.588,3.515,21.11,101.29,48.3,6.277,228.65,34.9,-62.41,1,0.041,0,Normal,Normal
2026-03-15 18:16:30,28.885,3.295,21.2,101.17,45.85,6.561,225.93,35.02,-67.18,1,0.0434,0,Normal,Normal
2026-03-15 18:16:40,30.091,3.274,23.63,101.75,47.65,7.308,198.38,38.0,-70.56,1,0.0488,0,Normal,Normal
2026-03-15 18:16:50,29.703,3.12,22.34,101.54,48.29,6.24,224.56,37.11,-69.18,1,0.1144,0,Normal,Normal
2026-03-15 18:17:00,29.355,3.655,22.46,101.58,47.68,6.389,220.87,34.96,-69.26,1,0.0484,0,Normal,Normal
2026-03-15 18:17:10,29.114,3.778,22.36,101.27,46.15,6.482,225.24,35.91,-70.98,1,0.0424,0,Normal,Normal
2026-03-15 18:17:20,29.319,4.03,25.5,101.34,49.91,6.259,233.54,39.87,-75.94,1,0.0748,0,Normal,Normal
2026-03-15 18:17:30,29.405,3.132,23.45,101.29,48.12,6.884,216.42,35.13,-67.88,1,0.0405,0,Normal,Normal
2026-03-15 18:17:40,29.519,3.692,23.76,100.6,49.72,5.67,225.56,39.32,-68.65,1,0.042,0,Normal,Normal
2026-03-15 18:17:50,29.845,3.708,22.62,100.75,47.69,6.314,228.82,37.89,-63.19,1,0.0496,0,Normal,Normal
2026-03-15 18:18:00,29.259,3.355,23.59,101.25,46.94,6.786,222.52,35.07,-63.57,1,0.0415,0,Normal,Normal
2026-03-15 18:18:10,29.578,3.271,22.25,100.55,48.32,6.397,214.53,35.2,-67.27,1,0.0527,0,Normal,Normal
2026-03-15 18:18:20,29.028,3.229,24.31,101.26,47.74,6.213,215.37,38.44,-67.82,1,0.0426,0,Normal,Normal
2026-03-15 18:18:30,29.298,3.368,22.16,100.94,46.59,6.654,224.72,37.17,-72.19,1,0.0558,0,Normal,Normal
2026-03-15 18:18:40,29.542,3.551,25.08,101.27,49.76,6.817,220.04,40.91,-69.33,1,0.0419,0,Normal,Normal
2026-03-15 18:18:50,29.642,3.84,22.94,101.37,47.25,6.574,209.58,36.17,-70.45,1,0.0649,0,Normal,Normal
2026-03-15 18:19:00,29.215,3.776,25.54,100.56,45.79,6.219,218.61,42.35,-69.87,1,0.0599,0,Normal,Normal
2026-03-15 18:19:10,29.314,3.096,27.06,101.43,49.59,6.66,214.59,41.0,-72.82,1,0.0789,0,Normal,Normal
2026-03-15 18:19:20,29.889,3.303,24.28,101.12,47.39,6.359,230.99,38.01,-69.46,1,0.0411,0,Normal,Normal
2026-03-15 18:19:30,29.805,3.825,26.32,100.37,47.27,6.761,213.13,41.0,-75.04,1,0.0522,0,Normal,Normal
2026-03-15 18:19:40,29.524,3.317,25.56,101.12,45.88,7.019,236.36,39.94,-62.04,1,0.0585,0,Normal,Normal
2026-03-15 18:19:50,28.794,3.486,22.36,101.45,50.09,5.588,242.28,36.67,-67.02,1,0.0749,0,Normal,Normal
2026-03-15 18:20:00,30.223,3.074,24.76,101.14,46.45,6.539,219.07,41.15,-67.6,1,0.0499,0,Normal,Normal
2026-03-15 18:20:10,29.468,3.788,25.42,101.11,48.07,5.892,220.09,39.71,-75.63,1,0.0853,0,Normal,Normal
2026-03-15 18:20:20,29.383,3.022,25.64,101.36,49.09,7.355,232.55,38.46,-76.88,1,0.042,0,Normal,Normal
2026-03-15 18:20:30,29.324,3.089,25.08,101.11,48.51,6.336,233.67,38.07,-71.42,1,0.0485,0,Normal,Normal
2026-03-15 18:20:40,29.597,3.763,25.14,101.19,47.93,6.761,221.06,40.9,-73.38,1,0.0444,0,Normal,Normal
2026-03-15 18:20:50,29.602,3.98,24.97,100.77,45.96,6.488,221.48,39.79,-67.15,1,0.0425,0,Normal,Normal
2026-03-15 18:21:00,29.774,3.427,25.23,101.09,47.03,6.219,221.55,37.37,-71.04,1,0.0451,0,Normal,Normal
2026-03-15 18:21:10,29.214,3.488,23.27,102.05,48.22,6.177,218.19,35.34,-73.27,1,0.0564,0,Normal,Normal
2026-03-15 18:21:20,29.4,3.727,24.82,101.37,47.05,7.055,232.29,38.85,-68.94,1,0.0499,0,Normal,Normal
2026-03-15 18:21:30,30.104,3.572,23.07,101.41,48.24,6.835,226.24,37.81,-73.06,1,0.043,0,Normal,Normal
2026-03-15 18:21:40,29.564,3.407,24.57,101.04,48.82,7.18,219.2,37.76,-73.15,1,0.0405,0,Normal,Normal
2026-03-15 18:21:50,29.446,3.379,24.5,101.14,49.15,6.519,225.52,36.49,-70.94,1,0.0786,0,Normal,Normal
2026-03-15 18:22:00,29.216,3.108,24.47,101.21,46.53,6.601,221.97,37.12,-76.33,1,0.0457,0,Normal,Normal
2026-03-15 18:22:10,29.651,3.558,23.95,101.65,50.64,6.406,245.03,39.92,-71.48,1,0.042,0,Normal,Normal
2026-03-15 18:22:20,29.809,3.477,25.99,101.78,48.92,6.399,223.01,40.59,-73.07,1,0.0424,0,Normal,Normal
2026-03-15 18:22:30,29.762,3.391,25.18,101.12,48.0,6.135,230.92,40.38,-77.76,1,0.0444,0,Normal,Normal
2026-03-15 18:22:40,29.422,3.25,25.09,101.29,49.31,6.529,228.48,40.49,-69.36,1,0.0439,0,Normal,Normal
2026-03-15 18:22:50,29.608,3.275,23.68,101.21,50.84,6.224,223.79,36.92,-76.84,1,0.0449,0,Normal,Normal
2026-03-15 18:23:00,30.0,3.655,25.4,101.6,46.27,6.655,228.52,38.96,-80.6,1,0.0438,0,Normal,Normal
2026-03-15 18:23:10,29.819,3.72,27.63,101.49,47.73,6.559,226.68,41.43,-78.26,1,0.0484,0,Normal,Normal
2026-03-15 18:23:20,29.261,3.418,27.72,101.26,45.15,6.601,244.89,42.22,-79.27,1,0.0618,0,Normal,Normal
2026-03-15 18:23:30,28.731,3.392,26.6,101.7,48.23,7.086,224.22,41.91,-75.8,1,0.0404,0,Normal,Normal
2026-03-15 18:23:40,29.582,3.287,25.66,101.51,48.44,6.487,204.15,41.9,-71.75,1,0.0432,0,Normal,Normal
2026-03-15 18:23:50,29.731,3.734,27.0,100.99,47.95,6.765,242.51,41.97,-76.1,1,0.0587,0,Normal,Normal
2026-03-15 18:24:00,29.162,3.508,25.22,101.3,47.21,7.218,220.92,40.2,-72.32,1,0.0424,0,Normal,Normal
2026-03-15 18:24:10,29.484,3.592,25.83,101.23,45.54,6.957,225.69,42.14,-74.11,1,0.0603,0,Normal,Normal
2026-03-15 18:24:20,29.405,3.59,25.22,100.9,48.45,6.904,220.65,38.97,-85.53,1,0.0508,0,Normal,Normal
2026-03-15 18:24:30,29.512,3.423,27.75,101.21,49.75,6.393,220.21,43.18,-75.06,1,0.072,0,Normal,Normal
2026-03-15 18:24:40,29.314,3.209,27.61,101.76,47.29,6.58,216.05,42.31,-79.72,1,0.0402,0,Normal,Normal
2026-03-15 18:24:50,29.861,3.251,26.45,101.74,48.53,6.039,208.98,41.19,-76.66,1,0.063,0,Normal,Normal
2026-03-15 18:25:00,29.514,3.782,29.15,101.67,46.12,6.675,219.26,42.89,-78.59,1,0.0527,0,Normal,Normal
2026-03-15 18:25:10,29.202,3.319,27.22,101.61,48.55,6.596,229.11,39.55,-70.28,1,0.0495,0,Normal,Normal
2026-03-15 18:25:20,29.736,3.397,27.19,101.38,47.53,6.508,211.83,41.61,-77.55,1,0.0424,0,Normal,Normal
2026-03-15 18:25:30,29.077,3.216,27.08,101.06,47.08,6.859,229.04,41.5,-77.32,1,0.044,0,Normal,Normal
2026-03-15 18:25:40,29.837,3.196,24.87,101.53,47.09,6.077,243.56,38.18,-76.04,1,0.0631,0,Normal,Normal
2026-03-15 18:25:50,29.743,3.308,25.47,100.64,47.53,7.072,227.29,39.35,-83.96,1,0.0424,0,Normal,Normal
2026-03-15 18:26:00,29.858,3.922,26.78,101.03,48.46,6.816,213.88,39.72,-76.44,1,0.0512,0,Normal,Normal
2026-03-15 18:26:10,29.387,3.665,26.84,101.74,46.42,6.475,228.22,39.79,-80.55,1,0.0435,0,Normal,Normal
2026-03-15 18:26:20,29.28,3.368,27.84,101.1,47.52,6.448,232.66,41.26,-82.17,1,0.0501,0,Normal,Normal
2026-03-15 18:26:30,29.448,3.771,26.0,101.56,47.95,6.668,235.43,38.4,-77.84,1,0.0444,0,Normal,Normal
2026-03-15 18:26:40,29.391,3.462,27.15,101.15,46.68,7.032,226.5,40.45,-84.96,1,0.0465,0,Normal,Normal
2026-03-15 18:26:50,29.213,3.839,27.22,101.52,50.16,6.535,229.83,42.07,-77.87,1,0.0643,0,Normal,Normal
2026-03-15 18:27:00,29.236,4.053,27.32,100.68,46.98,6.55,231.8,43.07,-81.35,1,0.0406,0,Normal,Normal
2026-03-15 18:27:10,29.285,3.757,27.19,101.81,47.2,6.506,229.82,43.68,-81.36,1,0.0787,0,Normal,Normal
2026-03-15 18:27:20,29.036,3.524,25.1,100.85,46.83,7.124,227.55,38.62,-87.98,1,0.0458,0,Normal,Normal
2026-03-15 18:27:30,29.583,3.675,23.86,100.76,50.16,6.371,219.89,39.3,-78.73,1,0.0536,0,Normal,Normal
2026-03-15 18:27:40,29.356,3.504,25.88,101.79,48.66,6.49,232.63,40.28,-80.86,1,0.0438,0,Normal,Normal
2026-03-15 18:27:50,29.27,3.041,26.53,101.3,46.88,7.012,220.71,40.25,-83.18,1,0.0467,0,Normal,Normal
2026-03-15 18:28:00,29.021,3.336,25.6,101.18,49.33,6.551,245.82,40.08,-84.73,1,0.0492,0,Normal,Normal
2026-03-15 18:28:10,28.997,3.262,27.32,101.93,48.24,6.898,219.88,42.64,-79.77,1,0.0575,0,Normal,Normal
2026-03-15 18:28:20,29.917,3.331,29.07,101.59,48.31,6.181,231.42,42.47,-81.23,1,0.071,0,Normal,Normal
2026-03-15 18:28:30,29.139,3.948,28.56,101.12,47.59,6.428,214.78,41.93,-82.42,1,0.0702,0,Normal,Normal
2026-03-15 18:28:40,29.501,3.781,28.2,101.25,47.1,7.019,221.19,41.71,-85.55,1,0.0462,0,Normal,Normal
2026-03-15 18:28:50,29.356,3.61,29.01,101.73,48.4,6.263,220.29,42.26,-81.83,1,0.0414,0,Normal,Normal
2026-03-15 18:29:00,28.465,3.703,26.18,100.91,47.34,6.447,214.06,41.62,-82.15,1,0.0789,0,Normal,Normal
2026-03-15 18:29:10,29.825,3.027,26.91,101.88,50.18,6.59,220.4,39.99,-79.07,1,0.0405,0,Normal,Normal
2026-03-15 18:29:20,29.482,3.682,28.54,101.12,46.48,6.154,227.88,41.84,-86.75,1,0.0719,0,Normal,Normal
2026-03-15 18:29:30,29.036,3.735,26.94,100.95,49.84,6.355,223.02,41.31,-85.44,1,0.0404,0,Normal,Normal
2026-03-15 18:29:40,29.246,2.94,27.05,101.73,47.86,6.539,234.54,41.32,-77.59,1,0.0963,0,Normal,Normal
2026-03-15 18:29:50,28.899,3.691,30.5,101.59,48.36,6.516,217.55,44.0,-82.97,1,0.0402,0,Normal,Normal
2026-03-15 18:30:00,29.78,3.144,27.87,100.59,49.0,6.948,230.58,43.89,-82.9,1,0.0403,0,Normal,Normal
2026-03-15 18:30:10,28.948,3.008,30.4,101.26,47.24,7.039,220.26,43.64,-80.88,1,0.0507,0,Normal,Normal
2026-03-15 18:30:20,29.051,3.832,25.04,100.86,49.04,6.2,234.03,38.83,-78.45,1,0.0565,0,Normal,Normal
2026-03-15 18:30:30,28.977,3.248,26.85,101.62,44.75,6.539,231.27,38.54,-87.47,1,0.0465,0,Normal,Normal
2026-03-15 18:30:40,29.208,3.321,28.43,101.99,47.13,6.736,233.1,42.06,-77.54,1,0.054,0,Normal,Normal
2026-03-15 18:30:50,29.582,3.747,27.98,101.52,46.89,7.03,223.71,40.39,-84.31,1,0.068,0,Normal,Normal
2026-03-15 18:31:00,29.695,3.424,24.77,101.0,46.49,6.751,235.63,37.67,-83.48,1,0.0638,0,Normal,Normal
2026-03-15 18:31:10,29.025,3.455,27.53,101.66,47.74,6.601,211.72,39.18,-84.18,1,0.0723,0,Normal,Normal
2026-03-15 18:31:20,29.245,3.45,31.6,101.28,48.46,6.733,228.57,44.52,-79.94,1,0.0426,0,Normal,Normal
2026-03-15 18:31:30,29.143,3.587,28.27,101.27,48.84,6.735,226.1,42.18,-81.64,1,0.0438,0,Normal,Normal
2026-03-15 18:31:40,28.81,3.444,28.82,101.11,48.29,6.175,231.67,42.53,-85.01,1,0.0533,0,Normal,Normal
2026-03-15 18:31:50,29.817,3.529,26.96,101.34,47.2,6.567,224.39,40.46,-88.02,1,0.0593,0,Normal,Normal
2026-03-15 18:32:00,29.485,3.374,28.31,101.27,48.44,7.01,217.12,41.92,-85.43,1,0.0417,0,Normal,Normal
2026-03-15 18:32:10,29.118,3.588,27.93,100.34,48.14,6.427,216.26,41.33,-88.77,1,0.0429,0,Normal,Normal
2026-03-15 18:32:20,29.522,3.579,29.64,101.31,49.12,6.545,224.9,43.6,-82.13,1,0.0784,0,Normal,Normal
2026-03-15 18:32:30,29.396,3.975,29.6,101.24,48.93,6.414,222.92,43.47,-86.88,1,0.0404,0,Normal,Normal
2026-03-15 18:32:40,29.042,3.405,28.59,101.44,48.03,5.689,231.85,42.92,-85.19,1,0.0477,0,Normal,Normal
2026-03-15 18:32:50,29.1,3.454,28.09,100.5,46.92,6.506,232.63,41.85,-81.4,1,0.0436,0,Normal,Normal
2026-03-15 18:33:00,29.44,3.56,25.47,101.5,47.21,6.605,225.38,38.95,-82.52,1,0.0623,0,Normal,Normal
2026-03-15 18:33:10,28.687,3.741,25.42,101.31,47.33,6.32,225.2,40.36,-83.82,1,0.0699,0,Normal,Normal
2026-03-15 18:33:20,29.457,3.227,28.12,101.5,47.61,6.095,233.51,42.84,-87.37,1,0.0443,0,Normal,Normal
2026-03-15 18:33:30,28.871,3.526,29.31,100.65,48.31,6.191,223.03,43.27,-83.54,1,0.0534,0,Normal,Normal
2026-03-15 18:33:40,29.38,2.873,30.0,100.81,48.85,6.766,223.36,45.43,-87.39,1,0.0678,0,Normal,Normal
2026-03-15 18:33:50,28.904,3.432,26.67,100.55,47.93,7.189,214.41,40.76,-83.52,1,0.0537,0,Normal,Normal
2026-03-15 18:34:00,28.991,3.769,25.73,101.36,48.01,6.982,232.02,39.54,-88.92,1,0.0538,0,Normal,Normal
2026-03-15 18:34:10,28.862,3.319,29.4,101.16,48.16,6.028,224.27,43.31,-81.36,1,0.048,0,Normal,Normal
2026-03-15 18:34:20,28.696,3.545,26.77,101.24,47.37,6.797,234.09,40.97,-84.37,1,0.0559,0,Normal,Normal
2026-03-15 18:34:30,28.757,3.368,25.62,100.74,46.88,6.266,215.33,38.52,-84.98,1,0.0884,0,Normal,Normal
2026-03-15 18:34:40,29.235,3.286,27.24,100.82,45.88,6.294,221.06,38.99,-83.74,1,0.0453,0,Normal,Normal
2026-03-15 18:34:50,28.109,3.743,27.21,100.3,47.15,6.336,232.56,41.55,-85.23,1,0.0434,0,Normal,Normal
2026-03-15 18:35:00,28.414,3.239,29.95,100.76,48.55,6.745,227.6,44.95,-84.64,1,0.0876,0,Normal,Normal
2026-03-15 18:35:10,28.55,3.574,29.26,101.04,47.14,6.833,215.52,42.06,-80.93,1,0.0409,0,Normal,Normal
2026-03-15 18:35:20,28.426,3.578,26.85,101.06,47.69,6.463,232.37,42.13,-81.59,1,0.0675,0,Normal,Normal
2026-03-15 18:35:30,29.184,3.288,30.04,101.27,48.54,6.469,214.55,42.06,-82.56,1,0.0761,0,Normal,Normal
2026-03-15 18:35:40,29.09,3.54,28.12,101.6,48.6,6.659,231.61,41.45,-83.89,1,0.0437,0,Normal,Normal
2026-03-15 18:35:50,28.872,3.267,29.51,101.02,46.68,6.695,217.14,45.55,-85.53,1,0.0483,0,Normal,Normal
2026-03-15 18:36:00,28.484,3.632,29.89,101.5,49.17,6.908,234.67,44.32,-81.29,1,0.042,0,Normal,Normal
2026-03-15 18:36:10,29.057,3.172,27.49,101.61,49.32,6.046,225.88,41.13,-87.17,1,0.0469,0,Normal,Normal
2026-03-15 18:36:20,28.161,3.416,28.73,101.76,46.61,6.502,227.73,43.03,-79.0,1,0.0492,0,Normal,Normal
2026-03-15 18:36:30,29.261,3.438,27.24,101.5,46.97,6.121,224.32,42.68,-82.14,1,0.0507,0,Normal,Normal
2026-03-15 18:36:40,28.394,3.78,29.23,101.33,49.39,6.476,225.67,41.5,-80.64,1,0.042,0,Normal,Normal
2026-03-15 18:36:50,28.501,3.537,27.95,100.87,47.78,6.414,225.63,43.53,-82.68,1,0.0478,0,Normal,Normal
2026-03-15 18:37:00,28.431,3.741,29.24,101.41,45.28,6.476,230.61,42.65,-84.35,1,0.0547,0,Normal,Normal
2026-03-15 18:37:10,28.218,3.641,30.06,101.15,46.26,6.212,224.45,44.91,-81.04,1,0.0504,0,Normal,Normal
2026-03-15 18:37:20,29.098,3.64,28.57,101.85,47.64,5.971,236.65,41.83,-88.0,1,0.0676,0,Normal,Normal
2026-03-15 18:37:30,28.737,3.42,27.59,101.34,46.53,5.757,219.06,43.61,-85.43,1,0.0853,0,Normal,Normal
2026-03-15 18:37:40,28.844,3.758,27.59,101.24,47.42,6.443,231.83,41.55,-84.11,1,0.0655,0,Normal,Normal
2026-03-15 18:37:50,28.092,3.414,23.24,101.87,47.95,6.337,229.45,35.65,-87.56,1,0.0407,0,Normal,Normal
2026-03-15 18:38:00,28.493,3.071,26.58,101.11,49.66,6.25,234.8,41.15,-81.38,1,0.0436,0,Normal,Normal
2026-03-15 18:38:10,28.575,3.45,29.02,101.3,47.54,6.948,225.89,44.58,-79.36,1,0.0414,0,Normal,Normal
2026-03-15 18:38:20,28.479,3.618,29.05,102.1,49.17,6.183,227.55,44.47,-88.15,1,0.0485,0,Normal,Normal
2026-03-15 18:38:30,28.029,3.103,26.46,101.41,49.58,6.978,227.45,40.57,-84.13,1,0.0593,0,Normal,Normal
2026-03-15 18:38:40,28.678,3.284,27.78,101.75,49.57,7.048,215.16,42.75,-83.24,1,0.0405,0,Normal,Normal
2026-03-15 18:38:50,28.371,3.199,27.22,101.9,48.18,5.795,228.03,40.71,-81.62,1,0.0447,0,Normal,Normal
2026-03-15 18:39:00,28.027,3.704,28.5,101.08,45.46,6.508,251.03,43.21,-79.87,1,0.0415,0,Normal,Normal
2026-03-15 18:39:10,27.736,3.926,30.75,101.66,48.35,6.333,237.73,45.18,-83.11,1,0.0479,0,Normal,Normal
2026-03-15 18:39:20,28.453,3.456,28.46,101.17,49.03,5.45,218.6,38.99,-79.29,1,0.0789,0,Normal,Normal
2026-03-15 18:39:30,28.984,3.642,26.36,102.12,47.65,5.96,210.41,39.16,-81.68,1,0.048,0,Normal,Normal
2026-03-15 18:39:40,27.923,3.637,27.21,101.88,49.81,6.733,225.21,41.46,-83.59,1,0.0551,0,Normal,Normal
2026-03-15 18:39:50,28.257,3.9,29.39,101.6,48.72,7.164,233.44,43.59,-80.91,1,0.0473,0,Normal,Normal
2026-03-15 18:40:00,28.517,3.35,25.14,101.72,48.33,6.769,224.44,39.1,-85.22,1,0.0597,0,Normal,Normal
2026-03-15 18:40:10,27.781,3.46,26.29,101.02,48.92,6.561,239.83,40.4,-82.01,1,0.0604,0,Normal,Normal
2026-03-15 18:40:20,27.996,3.431,28.23,101.99,47.97,6.434,218.44,43.68,-81.59,1,0.0422,0,Normal,Normal
2026-03-15 18:40:30,27.86,3.537,29.07,100.94,44.53,7.024,226.45,43.49,-82.69,1,0.0559,0,Normal,Normal
2026-03-15 18:40:40,28.391,4.146,28.0,101.46,46.86,7.179,223.74,39.2,-73.09,1,0.0473,0,Normal,Normal
2026-03-15 18:40:50,28.471,3.53,26.13,101.01,48.84,6.213,230.41,42.47,-76.59,1,0.0695,0,Normal,Normal
2026-03-15 18:41:00,28.099,3.311,27.8,101.64,46.36,5.709,230.91,39.51,-79.7,1,0.0426,0,Normal,Normal
2026-03-15 18:41:10,27.776,3.239,27.57,102.0,46.98,5.664,233.96,42.72,-78.82,1,0.0742,0,Normal,Normal
2026-03-15 18:41:20,27.874,3.845,27.43,101.48,45.91,6.849,223.4,39.55,-78.35,1,0.0507,0,Normal,Normal
2026-03-15 18:41:30,27.795,3.32,26.71,101.43,49.21,6.357,234.38,42.42,-77.82,1,0.0444,0,Normal,Normal
2026-03-15 18:41:40,27.668,3.705,26.89,101.25,48.97,6.423,227.0,40.55,-74.8,1,0.0461,0,Normal,Normal
2026-03-15 18:41:50,27.908,3.374,25.4,101.34,45.77,5.715,235.03,39.86,-76.5,1,0.0401,0,Normal,Normal
2026-03-15 18:42:00,28.088,3.232,30.43,101.17,46.87,6.06,236.05,42.05,-85.02,1,0.0849,0,Normal,Normal
2026-03-15 18:42:10,28.04,3.706,26.89,101.95,45.73,6.2,224.09,41.77,-76.35,1,0.0438,0,Normal,Normal
2026-03-15 18:42:20,27.868,3.403,27.43,101.62,47.11,6.353,218.42,41.93,-81.15,1,0.0761,0,Normal,Normal
2026-03-15 18:42:30,27.864,3.674,26.23,101.16,46.8,6.115,225.31,40.97,-80.08,1,0.0688,0,Normal,Normal
2026-03-15 18:42:40,27.8,3.701,27.77,101.32,46.95,5.863,231.45,42.91,-75.26,1,0.0464,0,Normal,Normal
2026-03-15 18:42:50,27.412,3.721,24.5,102.47,46.14,5.919,211.31,38.71,-83.57,1,0.0436,0,Normal,Normal
2026-03-15 18:43:00,27.826,3.528,23.77,101.41,49.0,6.581,219.2,37.52,-72.62,1,0.0483,0,Normal,Normal
2026-03-15 18:43:10,27.58,3.777,26.29,101.88,43.95,6.205,228.41,39.31,-75.08,1,0.0807,0,Normal,Normal
2026-03-15 18:43:20,27.328,3.387,29.36,101.07,42.81,6.29,202.01,42.82,-76.31,1,0.069,0,Normal,Normal
2026-03-15 18:43:30,27.82,3.017,28.03,101.49,44.04,5.713,214.18,43.48,-74.58,1,0.0501,0,Normal,Normal
2026-03-15 18:43:40,27.502,3.822,24.95,101.05,42.23,4.94,217.26,37.94,-73.41,1,0.0518,0,Normal,Normal
2026-03-15 18:43:50,27.731,3.703,26.87,101.09,41.89,5.732,221.18,38.66,-75.95,1,0.0479,0,Normal,Normal
2026-03-15 18:44:00,27.894,3.527,25.08,101.62,42.0,5.547,218.93,37.9,-74.07,1,0.0834,0,Normal,Normal
2026-03-15 18:44:10,27.331,3.332,26.62,100.94,41.57,5.901,218.69,41.34,-79.1,1,0.1075,0,Normal,Normal
2026-03-15 18:44:20,27.621,3.212,26.67,100.82,40.96,6.851,210.05,40.31,-73.49,1,0.0451,0,Normal,Normal
2026-03-15 18:44:30,27.027,3.758,27.24,101.57,42.09,5.859,234.4,41.97,-73.87,1,0.0849,0,Normal,Normal
2026-03-15 18:44:40,28.006,4.183,23.44,101.1,40.18,6.481,214.88,35.04,-71.15,1,0.0851,0,Normal,Normal
2026-03-15 18:44:50,27.116,3.764,23.82,101.19,39.83,5.622,203.98,34.24,-74.71,1,0.0496,0,Normal,Normal
2026-03-15 18:45:00,27.346,3.738,25.54,100.58,40.32,5.094,227.7,39.86,-74.08,1,0.048,0,Normal,Normal
2026-03-15 18:45:10,27.878,3.855,24.04,100.79,37.46,5.319,211.78,39.25,-77.54,1,0.0705,0,Normal,Normal
2026-03-15 18:45:20,27.383,4.44,23.86,101.39,37.14,5.695,207.61,35.81,-74.54,1,0.083,0,Normal,Normal
2026-03-15 18:45:30,27.071,4.121,25.86,101.21,36.9,5.578,222.01,40.5,-72.47,1,0.0477,0,Normal,Normal
2026-03-15 18:45:40,27.621,3.739,24.01,101.66,33.09,4.595,211.67,39.44,-71.95,1,0.0502,0,Normal,Normal
2026-03-15 18:45:50,27.591,4.02,28.7,100.94,31.45,4.734,216.36,42.7,-68.7,1,0.0461,0,Normal,Normal
2026-03-15 18:46:00,27.171,4.14,24.45,101.23,33.56,3.988,209.1,39.53,-72.22,1,0.0435,0,Normal,Normal
2026-03-15 18:46:10,27.18,3.839,24.77,101.32,32.52,4.612,209.58,39.0,-73.66,1,0.12,0,Normal,Normal
2026-03-15 18:46:20,27.183,4.34,25.55,101.22,33.14,4.696,204.42,39.24,-71.48,1,0.0431,0,Normal,Normal
2026-03-15 18:46:30,27.229,3.994,22.77,101.54,29.55,3.99,201.7,37.76,-74.59,1,0.0652,0,Normal,Normal
2026-03-15 18:46:40,26.7,3.871,25.72,100.87,29.01,3.562,238.21,42.02,-68.72,1,0.0482,0,Normal,Normal
2026-03-15 18:46:50,27.19,4.319,25.4,101.5,26.44,3.738,202.82,38.73,-100.01,1,0.0413,1,Communication signal drop,Warning
2026-03-15 18:47:00,27.757,4.331,24.29,101.76,25.65,3.572,196.74,38.19,-93.08,1,0.0459,1,Communication signal drop,Warning
2026-03-15 18:47:10,26.93,4.403,25.15,100.97,25.92,3.267,216.48,37.96,-100.07,1,0.0413,1,Communication signal drop,Warning
2026-03-15 18:47:20,27.001,4.264,25.31,101.46,19.99,3.115,208.57,39.49,-90.27,1,0.1002,1,Communication signal drop,Warning
2026-03-15 18:47:30,26.798,4.35,26.74,101.44,21.67,2.807,205.58,40.55,-90.77,1,0.0446,1,Communication signal drop,Warning
2026-03-15 18:47:40,27.313,4.838,28.26,101.54,22.39,3.034,200.56,43.65,-88.14,1,0.0606,1,Communication signal drop,Warning
2026-03-15 18:47:50,27.468,4.716,22.84,101.3,18.85,2.765,200.25,38.55,-92.46,1,0.0483,1,Communication signal drop,Warning
2026-03-15 18:48:00,27.438,4.414,22.41,101.87,19.22,1.99,200.19,37.36,-92.72,1,0.0571,1,Communication signal drop,Warning
2026-03-15 18:48:10,26.687,4.212,24.43,102.14,15.25,1.813,210.76,39.69,-102.05,1,0.0444,1,Communication signal drop,Warning
2026-03-15 18:48:20,27.189,4.516,21.08,101.55,14.78,1.918,198.82,34.24,-96.08,1,0.0415,1,Communication signal drop,Warning
2026-03-15 18:48:30,27.446,4.826,25.09,101.43,13.73,2.111,209.13,37.95,-96.95,1,0.0648,1,Communication signal drop,Warning
2026-03-15 18:48:40,27.147,4.669,24.21,101.31,9.95,1.759,198.77,38.73,-88.78,1,0.0589,1,Communication signal drop,Warning
2026-03-15 18:48:50,27.115,4.688,24.51,100.77,10.19,1.345,196.81,38.53,-85.3,1,0.0417,1,Communication signal drop,Warning
2026-03-15 18:49:00,26.807,4.754,23.42,100.73,9.32,1.532,189.59,39.82,-89.15,1,0.0597,1,Communication signal drop,Warning
2026-03-15 18:49:10,26.992,4.917,24.18,100.84,10.73,1.203,214.26,35.87,-95.59,1,0.0537,1,Communication signal drop,Warning
2026-03-15 18:49:20,27.275,5.162,24.42,101.41,9.95,1.514,196.61,39.17,-94.05,1,0.0428,1,Communication signal drop,Warning
2026-03-15 18:49:30,26.98,4.995,23.93,101.22,8.52,1.217,195.92,38.66,-95.36,1,0.0662,1,Communication signal drop,Warning
2026-03-15 18:49:40,26.485,5.038,21.53,101.91,8.4,0.893,210.27,34.62,-96.11,1,0.058,1,Communication signal drop,Warning
2026-03-15 18:49:50,26.701,4.991,23.72,100.3,6.55,0.995,198.25,36.56,-92.05,1,0.0506,1,Communication signal drop,Warning
2026-03-15 18:50:00,27.179,4.945,26.16,101.32,7.58,1.291,198.69,39.75,-98.77,1,0.043,1,Communication signal drop,Warning
2026-03-15 18:50:10,26.892,5.314,23.66,101.47,5.59,0.556,194.54,35.69,-68.8,1,0.0517,0,Normal,Normal
2026-03-15 18:50:20,26.808,5.296,23.42,101.66,5.13,0.826,187.5,39.17,-65.82,1,0.0427,0,Normal,Normal
2026-03-15 18:50:30,26.585,5.639,25.47,101.36,4.27,0.597,203.08,42.71,-71.16,1,0.043,0,Normal,Normal
2026-03-15 18:50:40,27.086,5.296,21.92,101.45,4.99,0.713,181.71,35.51,-68.42,1,0.0441,0,Normal,Normal
2026-03-15 18:50:50,27.207,5.034,24.29,101.37,3.27,0.282,184.94,37.52,-70.7,1,0.0559,0,Normal,Normal
2026-03-15 18:51:00,27.065,4.946,22.07,101.48,4.59,0.502,186.28,34.5,-75.69,1,0.0571,0,Normal,Normal
2026-03-15 18:51:10,27.098,5.422,24.41,101.29,1.74,0.807,194.27,37.09,-69.82,1,0.0411,0,Normal,Normal
2026-03-15 18:51:20,26.537,4.991,23.89,102.15,1.49,0.052,191.92,37.18,-70.46,1,0.0558,0,Normal,Normal
2026-03-15 18:51:30,26.473,5.407,21.99,101.53,3.37,0.0,176.95,37.44,-64.79,1,0.0405,0,Normal,Normal
2026-03-15 18:51:40,26.555,5.024,22.12,101.38,2.2,0.0,210.22,39.95,-65.54,1,0.0753,0,Normal,Normal
2026-03-15 18:51:50,26.593,5.309,23.89,101.0,1.54,0.0,197.6,37.03,-69.97,1,0.0626,0,Normal,Normal
2026-03-15 18:52:00,26.99,4.964,19.56,101.16,2.96,0.464,187.45,32.47,-62.83,1,0.0593,0,Normal,Normal
2026-03-15 18:52:10,26.89,5.431,21.59,101.9,0.98,0.0,194.72,34.19,-64.41,1,0.0441,0,Normal,Normal
2026-03-15 18:52:20,26.682,4.933,23.09,100.31,1.31,0.106,194.71,37.63,-67.23,1,0.1058,0,Normal,Normal
2026-03-15 18:52:30,26.071,5.315,21.61,101.32,3.09,0.407,188.38,36.02,-65.35,1,0.0787,0,Normal,Normal
2026-03-15 18:52:40,25.974,5.203,22.18,101.29,3.12,0.319,194.08,36.3,-69.06,1,0.0501,0,Normal,Normal
2026-03-15 18:52:50,26.532,5.282,18.83,101.5,3.04,0.022,194.09,32.3,-73.5,1,0.0405,0,Normal,Normal
2026-03-15 18:53:00,26.704,5.162,20.52,101.41,0.71,0.209,199.5,36.15,-65.74,1,0.0507,0,Normal,Normal
2026-03-15 18:53:10,26.397,5.159,22.73,101.91,2.43,0.167,191.25,37.65,-70.0,1,0.0425,0,Normal,Normal
2026-03-15 18:53:20,26.975,5.306,20.49,101.34,0.0,0.039,193.21,35.36,-66.5,1,0.0535,0,Normal,Normal
2026-03-15 18:53:30,26.057,5.02,19.57,101.27,0.0,0.033,188.9,34.02,-64.5,1,0.1047,0,Normal,Normal
2026-03-15 18:53:40,26.0,5.021,23.03,101.68,0.0,0.88,187.06,36.8,-71.47,1,0.0612,0,Normal,Normal
2026-03-15 18:53:50,26.144,5.186,22.12,101.91,2.66,0.372,184.32,35.26,-64.94,1,0.0458,0,Normal,Normal
2026-03-15 18:54:00,26.114,5.178,19.62,101.57,0.0,0.949,184.0,34.24,-63.01,1,0.0475,0,Normal,Normal
2026-03-15 18:54:10,26.464,5.028,21.37,101.7,0.39,0.0,186.68,35.88,-71.66,1,0.0834,0,Normal,Normal
2026-03-15 18:54:20,26.161,5.512,19.48,101.21,0.0,0.037,188.47,34.16,-63.24,1,0.0418,0,Normal,Normal
2026-03-15 18:54:30,25.804,5.199,20.75,101.35,1.29,0.0,198.38,32.87,-59.6,1,0.0731,0,Normal,Normal
2026-03-15 18:54:40,19.318,10.71,21.15,101.89,0.0,0.0,232.58,35.55,-66.01,1,0.0412,1,Battery voltage drop,Critical
2026-03-15 18:54:50,16.767,9.546,19.58,101.51,0.0,0.717,248.65,33.21,-62.97,1,0.048,1,Battery voltage drop,Critical
2026-03-15 18:55:00,18.787,10.929,21.81,101.2,0.88,0.0,255.07,34.76,-68.17,1,0.0605,1,Battery voltage drop,Critical
2026-03-15 18:55:10,18.976,9.722,21.95,101.31,0.0,0.715,242.76,36.82,-62.35,1,0.0475,1,Battery voltage drop,Critical
2026-03-15 18:55:20,18.342,9.203,20.91,101.71,0.0,0.0,254.2,35.12,-63.55,1,0.0527,1,Battery voltage drop,Critical
2026-03-15 18:55:30,19.51,10.336,21.04,101.75,0.0,0.0,255.88,37.86,-64.4,1,0.0501,1,Battery voltage drop,Critical
2026-03-15 18:55:40,19.382,9.124,18.15,100.96,0.0,0.0,248.72,32.73,-64.55,1,0.0539,1,Battery voltage drop,Critical
2026-03-15 18:55:50,17.801,10.193,22.28,101.45,0.44,0.008,242.92,35.92,-63.83,1,0.0428,1,Battery voltage drop,Critical
2026-03-15 18:56:00,18.919,10.739,20.0,101.3,0.0,0.351,253.17,33.87,-65.2,1,0.0529,1,Battery voltage drop,Critical
2026-03-15 18:56:10,19.419,10.679,18.64,101.27,0.0,0.183,247.29,31.24,-67.92,1,0.1055,1,Battery voltage drop,Critical
2026-03-15 18:56:20,18.076,8.879,20.17,101.83,0.17,0.0,265.39,35.65,-65.44,1,0.0432,1,Battery voltage drop,Critical
2026-03-15 18:56:30,18.061,9.606,20.98,101.2,0.0,0.0,216.35,35.36,-65.15,1,0.041,1,Battery voltage drop,Critical
2026-03-15 18:56:40,18.972,9.197,20.54,101.07,2.54,0.0,228.92,34.93,-68.54,1,0.0475,1,Battery voltage drop,Critical
2026-03-15 18:56:50,19.228,10.802,18.05,100.97,2.34,0.0,256.86,30.77,-65.36,1,0.047,1,Battery voltage drop,Critical
2026-03-15 18:57:00,17.087,9.532,20.72,101.23,0.0,0.0,249.57,35.65,-65.24,1,0.042,1,Battery voltage drop,Critical
2026-03-15 18:57:10,19.441,9.026,19.4,101.01,0.79,0.376,263.0,32.27,-66.64,1,0.0527,1,Battery voltage drop,Critical
2026-03-15 18:57:20,16.332,10.624,20.15,100.95,1.01,0.0,259.15,33.48,-64.06,1,0.0486,1,Battery voltage drop,Critical
2026-03-15 18:57:30,19.132,9.291,18.1,100.94,0.0,0.58,253.5,32.25,-63.38,1,0.0672,1,Battery voltage drop,Critical
2026-03-15 18:57:40,17.164,10.102,20.78,100.97,0.0,0.0,246.52,34.08,-67.19,1,0.0482,1,Battery voltage drop,Critical
2026-03-15 18:57:50,19.045,10.793,19.39,101.0,0.07,0.0,255.03,32.44,-64.8,1,0.1037,1,Battery voltage drop,Critical
2026-03-15 18:58:00,17.43,9.511,20.81,101.46,0.0,0.27,251.07,34.75,-62.57,1,0.0627,1,Battery voltage drop,Critical
2026-03-15 18:58:10,18.72,10.037,16.63,100.52,0.0,0.53,236.69,31.84,-68.39,1,0.05,1,Battery voltage drop,Critical
2026-03-15 18:58:20,19.564,8.404,16.74,101.02,0.6,0.401,220.69,31.81,-70.41,1,0.0521,1,Battery voltage drop,Critical
2026-03-15 18:58:30,16.494,9.061,18.39,101.26,0.0,0.185,219.95,33.24,-68.31,1,0.0702,1,Battery voltage drop,Critical
2026-03-15 18:58:40,17.945,9.589,20.86,101.76,0.0,0.389,243.06,35.44,-63.98,1,0.0623,1,Battery voltage drop,Critical
2026-03-15 18:58:50,18.551,9.936,21.51,101.2,0.19,0.0,228.66,34.94,-67.01,1,0.0561,1,Battery voltage drop,Critical
2026-03-15 18:59:00,16.574,9.623,17.14,101.24,0.52,0.0,248.62,32.49,-69.44,1,0.0447,1,Battery voltage drop,Critical
2026-03-15 18:59:10,18.933,10.165,18.46,101.26,0.0,0.0,268.58,30.38,-62.01,1,0.0479,1,Battery voltage drop,Critical
2026-03-15 18:59:20,18.506,10.251,18.52,100.57,1.16,0.435,227.18,33.04,-69.45,1,0.0632,1,Battery voltage drop,Critical
2026-03-15 18:59:30,18.949,10.495,19.28,101.56,0.0,0.0,241.91,34.29,-66.52,1,0.0548,1,Battery voltage drop,Critical
2026-03-15 18:59:40,26.134,5.324,19.44,101.55,0.0,0.302,181.25,33.33,-63.91,1,0.087,0,Normal,Normal
2026-03-15 18:59:50,25.755,5.394,16.35,101.63,0.0,0.193,192.38,29.48,-64.22,1,0.0709,0,Normal,Normal
2026-03-15 19:00:00,25.614,5.094,18.03,102.3,0.0,0.0,194.48,31.98,-65.09,1,0.0484,0,Normal,Normal
2026-03-15 19:00:10,25.552,5.015,14.83,100.78,0.0,0.0,194.61,27.92,-68.46,1,0.0452,0,Normal,Normal
2026-03-15 19:00:20,25.837,5.077,18.97,100.7,2.28,0.457,202.09,33.58,-64.91,1,0.042,0,Normal,Normal
2026-03-15 19:00:30,25.621,5.166,17.15,101.58,0.0,0.0,194.45,32.29,-66.67,1,0.0479,0,Normal,Normal
2026-03-15 19:00:40,25.553,5.242,15.76,101.17,2.96,0.048,192.01,30.3,-65.62,1,0.0439,0,Normal,Normal
2026-03-15 19:00:50,25.578,5.558,17.98,100.91,0.55,0.0,209.49,32.45,-62.87,1,0.0403,0,Normal,Normal
2026-03-15 19:01:00,25.497,5.321,16.84,101.19,0.14,0.0,173.0,31.75,-70.7,1,0.0422,0,Normal,Normal
2026-03-15 19:01:10,25.752,5.42,19.2,101.05,0.6,0.0,207.62,34.25,-66.11,1,0.049,0,Normal,Normal
2026-03-15 19:01:20,25.259,5.334,15.88,101.99,3.06,0.0,203.95,28.95,-66.99,1,0.0734,0,Normal,Normal
2026-03-15 19:01:30,25.764,5.02,20.47,102.2,0.0,0.0,188.83,32.62,-64.74,1,0.0458,0,Normal,Normal
2026-03-15 19:01:40,25.867,5.303,18.33,100.65,0.0,0.103,184.36,32.66,-62.39,1,0.0487,0,Normal,Normal
2026-03-15 19:01:50,25.48,5.332,18.89,100.71,0.0,0.0,184.75,34.0,-62.65,1,0.0473,0,Normal,Normal
2026-03-15 19:02:00,26.222,5.489,15.33,101.0,0.06,0.0,187.71,27.43,-65.55,1,0.0469,0,Normal,Normal
2026-03-15 19:02:10,25.642,5.032,19.47,101.02,0.0,0.0,199.58,33.55,-70.02,1,0.0592,0,Normal,Normal
2026-03-15 19:02:20,25.16,4.789,14.88,100.99,0.05,0.0,170.28,30.24,-69.66,1,0.0506,0,Normal,Normal
2026-03-15 19:02:30,25.536,5.343,16.3,101.22,2.05,0.333,206.09,30.16,-66.41,1,0.0479,0,Normal,Normal
2026-03-15 19:02:40,25.632,5.388,18.49,101.12,0.2,0.53,190.01,34.32,-72.61,1,0.0831,0,Normal,Normal
2026-03-15 19:02:50,25.74,5.255,17.21,100.76,0.0,0.0,199.43,32.81,-69.64,1,0.0449,0,Normal,Normal
2026-03-15 19:03:00,25.521,5.306,14.51,100.89,0.0,0.755,180.17,28.29,-71.34,1,0.0668,0,Normal,Normal
2026-03-15 19:03:10,25.287,5.519,17.99,101.92,1.09,0.0,195.8,31.55,-72.84,1,0.0509,0,Normal,Normal
2026-03-15 19:03:20,25.256,5.185,16.71,101.16,0.0,0.381,193.1,30.29,-68.76,1,0.0487,0,Normal,Normal
2026-03-15 19:03:30,25.381,5.23,15.5,101.14,2.23,0.0,194.52,29.66,-67.33,1,0.041,0,Normal,Normal
2026-03-15 19:03:40,25.404,5.319,13.73,100.69,2.33,0.0,184.48,26.32,-68.1,1,0.0693,0,Normal,Normal
2026-03-15 19:03:50,22.152,4.995,16.61,101.11,0.32,0.0,301.41,28.98,-69.75,1,0.0447,1,Excessive power consumption,Warning
2026-03-15 19:04:00,23.091,5.262,15.63,101.68,0.0,0.0,289.3,26.91,-71.36,1,0.0571,1,Excessive power consumption,Warning
2026-03-15 19:04:10,22.698,5.284,16.03,101.54,1.25,0.205,325.04,30.01,-72.09,1,0.0711,1,Excessive power consumption,Warning
2026-03-15 19:04:20,23.973,5.709,13.34,101.62,1.33,0.236,325.28,29.79,-68.11,1,0.0515,1,Excessive power consumption,Warning
2026-03-15 19:04:30,23.567,5.225,15.01,100.82,0.0,0.0,273.1,26.63,-72.47,1,0.0554,1,Excessive power consumption,Warning
2026-03-15 19:04:40,22.893,5.35,16.29,100.81,0.0,0.0,249.3,30.06,-72.77,1,0.0462,1,Excessive power consumption,Warning
2026-03-15 19:04:50,23.914,5.529,18.3,101.75,0.0,0.0,305.27,32.05,-70.13,1,0.0594,1,Excessive power consumption,Warning
2026-03-15 19:05:00,22.998,5.09,15.1,101.63,0.5,0.0,286.66,28.92,-74.52,1,0.056,1,Excessive power consumption,Warning
2026-03-15 19:05:10,22.67,5.644,17.5,101.2,0.81,0.0,275.71,33.01,-71.54,1,0.0488,1,Excessive power consumption,Warning
2026-03-15 19:05:20,22.404,5.741,16.44,101.64,0.0,0.0,273.3,29.38,-73.61,1,0.0551,1,Excessive power consumption,Warning
2026-03-15 19:05:30,22.232,5.292,15.54,100.82,0.0,0.096,305.49,27.2,-74.26,1,0.0446,1,Excessive power consumption,Warning
2026-03-15 19:05:40,22.978,5.165,13.59,100.8,0.0,0.793,278.49,26.95,-73.22,1,0.0561,1,Excessive power consumption,Warning
2026-03-15 19:05:50,22.812,5.706,13.58,100.65,0.0,0.0,264.7,26.78,-70.43,1,0.0568,1,Excessive power consumption,Warning
2026-03-15 19:06:00,23.707,5.499,15.89,101.44,0.67,0.0,280.04,27.21,-72.39,1,0.0488,1,Excessive power consumption,Warning
2026-03-15 19:06:10,23.519,5.32,14.1,101.39,0.0,0.197,284.28,28.4,-72.27,1,0.0443,1,Excessive power consumption,Warning
2026-03-15 19:06:20,22.876,5.656,13.9,101.09,0.0,0.0,309.09,26.48,-71.1,1,0.0644,1,Excessive power consumption,Warning
2026-03-15 19:06:30,23.389,5.63,14.48,100.99,0.0,0.235,301.22,28.38,-71.74,1,0.061,1,Excessive power consumption,Warning
2026-03-15 19:06:40,23.529,5.216,14.44,102.27,0.23,0.0,292.32,28.0,-74.37,1,0.0409,1,Excessive power consumption,Warning
2026-03-15 19:06:50,23.87,5.362,15.96,101.2,0.0,0.643,281.19,28.67,-72.4,1,0.0502,1,Excessive power consumption,Warning
2026-03-15 19:07:00,23.143,5.444,13.79,101.86,0.0,0.122,303.9,28.85,-74.81,1,0.0414,1,Excessive power consumption,Warning
2026-03-15 19:07:10,22.381,5.307,15.68,101.24,0.0,0.0,299.54,29.34,-73.22,1,0.0458,1,Excessive power consumption,Warning
2026-03-15 19:07:20,24.012,4.952,15.07,101.1,0.23,0.0,305.66,29.13,-71.64,1,0.0482,1,Excessive power consumption,Warning
2026-03-15 19:07:30,22.428,5.065,11.83,101.87,0.0,0.0,294.29,26.54,-73.44,1,0.0429,1,Excessive power consumption,Warning
2026-03-15 19:07:40,23.463,4.96,14.72,101.62,0.0,0.482,316.15,29.07,-78.97,1,0.0495,1,Excessive power consumption,Warning
2026-03-15 19:07:50,23.402,5.423,10.21,101.29,2.18,0.0,315.17,24.39,-76.96,1,0.0584,1,Excessive power consumption,Warning
2026-03-15 19:08:00,23.146,5.004,12.81,101.75,0.0,0.0,282.38,25.82,-73.75,1,0.0486,1,Excessive power consumption,Warning
2026-03-15 19:08:10,25.67,5.348,14.78,102.31,0.0,0.0,199.67,27.45,-82.39,1,0.044,0,Normal,Normal
2026-03-15 19:08:20,25.171,5.758,14.01,101.01,1.22,0.0,197.46,28.2,-75.19,1,0.048,0,Normal,Normal
2026-03-15 19:08:30,25.512,5.657,11.31,101.49,4.24,0.0,187.36,24.16,-75.59,1,0.0535,0,Normal,Normal
2026-03-15 19:08:40,25.58,4.84,12.22,101.14,0.0,0.0,186.48,27.18,-68.44,1,0.0813,0,Normal,Normal
2026-03-15 19:08:50,25.628,4.98,9.93,100.93,0.55,0.0,184.31,23.77,-75.55,1,0.0504,0,Normal,Normal
2026-03-15 19:09:00,25.578,5.105,11.77,100.92,0.0,0.0,196.55,26.55,-77.4,1,0.0728,0,Normal,Normal
2026-03-15 19:09:10,25.668,5.007,14.59,101.94,0.0,0.0,191.9,27.41,-73.82,1,0.1026,0,Normal,Normal
2026-03-15 19:09:20,25.345,4.886,12.83,100.57,0.0,0.242,192.31,25.46,-78.57,1,0.0523,0,Normal,Normal
2026-03-15 19:09:30,25.237,5.297,13.87,101.5,0.0,0.323,187.12,29.88,-77.63,1,0.0424,0,Normal,Normal
2026-03-15 19:09:40,26.26,5.476,13.58,100.97,0.0,0.0,201.67,27.4,-77.71,1,0.0712,0,Normal,Normal
2026-03-15 19:09:50,25.436,5.538,13.55,102.01,0.0,0.082,178.1,28.65,-76.4,1,0.0697,0,Normal,Normal
2026-03-15 19:10:00,25.475,5.181,14.98,101.19,1.15,0.0,196.27,27.29,-81.19,1,0.0704,0,Normal,Normal
2026-03-15 19:10:10,25.738,5.232,13.09,101.15,0.08,0.0,197.86,26.75,-76.14,1,0.0851,0,Normal,Normal
2026-03-15 19:10:20,26.018,5.388,14.71,101.93,0.52,0.353,187.47,30.27,-80.43,1,0.0449,0,Normal,Normal
2026-03-15 19:10:30,25.38,5.272,9.57,101.65,0.0,0.0,178.41,22.0,-72.89,1,0.0461,0,Normal,Normal
2026-03-15 19:10:40,25.249,5.502,14.91,101.52,0.0,0.0,193.07,31.64,-83.82,1,0.0574,0,Normal,Normal
2026-03-15 19:10:50,25.181,5.407,11.26,101.62,0.36,0.799,199.58,25.5,-81.76,1,0.0524,0,Normal,Normal
2026-03-15 19:11:00,26.037,5.205,11.53,100.87,0.0,0.638,204.19,24.55,-85.78,1,0.0704,0,Normal,Normal
2026-03-15 19:11:10,25.254,4.835,12.04,101.6,0.0,0.165,195.27,26.46,-71.0,1,0.0444,0,Normal,Normal
2026-03-15 19:11:20,25.563,5.674,14.67,101.22,0.0,0.401,185.1,30.01,-83.78,1,0.0561,0,Normal,Normal
2026-03-15 19:11:30,25.284,5.128,11.67,101.44,0.0,0.0,195.56,24.68,-78.02,1,0.0823,0,Normal,Normal
2026-03-15 19:11:40,25.15,5.389,11.97,101.49,0.0,0.0,194.02,25.16,-78.31,1,0.0436,0,Normal,Normal
2026-03-15 19:11:50,25.503,4.82,11.47,100.86,1.62,0.0,192.59,25.77,-83.41,1,0.0455,0,Normal,Normal
2026-03-15 19:12:00,25.317,5.297,13.26,101.54,0.0,0.0,182.93,27.81,-78.56,1,0.0478,0,Normal,Normal
2026-03-15 19:12:10,25.398,5.324,13.95,101.23,1.41,0.0,194.8,27.71,-84.27,1,0.0414,0,Normal,Normal
2026-03-15 19:12:20,26.215,5.337,15.35,100.8,1.3,0.0,193.77,29.83,-83.69,1,0.0429,0,Normal,Normal
2026-03-15 19:12:30,25.748,6.053,16.35,101.24,0.0,0.138,209.43,31.37,-86.11,1,0.0472,0,Normal,Normal
2026-03-15 19:12:40,25.908,5.142,13.69,101.31,0.0,0.193,190.71,27.89,-79.6,1,0.0412,0,Normal,Normal
2026-03-15 19:12:50,25.884,5.504,13.22,101.54,3.09,0.563,203.58,26.39,-87.65,1,0.0468,0,Normal,Normal
2026-03-15 19:13:00,25.615,5.43,10.81,100.34,2.12,0.0,201.15,24.78,-80.77,1,0.0442,0,Normal,Normal
2026-03-15 19:13:10,25.523,5.13,15.46,101.46,0.0,0.0,190.41,31.57,-82.48,1,0.07,0,Normal,Normal
2026-03-15 19:13:20,25.738,5.501,12.89,101.1,0.33,0.0,199.91,27.29,-77.04,1,0.0541,0,Normal,Normal
2026-03-15 19:13:30,25.723,5.258,12.1,101.62,0.0,0.0,183.75,27.59,-82.33,1,0.0743,0,Normal,Normal
2026-03-15 19:13:40,25.512,5.518,13.08,101.3,0.54,0.319,188.48,26.46,-80.04,1,0.0434,0,Normal,Normal
2026-03-15 19:13:50,25.731,5.789,11.51,101.17,0.0,0.0,185.73,25.83,-81.2,1,0.0413,0,Normal,Normal
2026-03-15 19:14:00,25.491,5.337,8.93,101.23,0.0,0.754,188.76,23.88,-83.19,1,0.0466,0,Normal,Normal
2026-03-15 19:14:10,25.661,5.229,13.26,101.43,0.0,0.0,173.99,29.06,-79.68,1,0.0409,0,Normal,Normal
2026-03-15 19:14:20,25.623,5.562,14.39,101.66,0.06,0.055,204.42,29.86,-82.02,1,0.0722,0,Normal,Normal
2026-03-15 19:14:30,25.353,5.648,13.18,100.94,0.0,0.0,187.59,25.84,-80.59,1,0.0431,0,Normal,Normal
2026-03-15 19:14:40,25.04,5.078,12.31,101.16,0.0,0.105,196.32,27.69,-86.2,1,0.0423,0,Normal,Normal
2026-03-15 19:14:50,25.475,5.185,12.32,101.89,0.0,0.0,191.99,28.34,-81.96,1,0.0633,0,Normal,Normal
2026-03-15 19:15:00,26.309,5.467,12.53,101.16,0.0,0.248,187.85,25.84,-81.25,1,0.0587,0,Normal,Normal
2026-03-15 19:15:10,25.687,5.266,12.46,101.45,1.06,0.259,179.81,25.39,-87.04,1,0.0409,0,Normal,Normal
2026-03-15 19:15:20,26.024,5.06,12.14,100.81,0.34,0.481,182.72,26.11,-84.11,1,0.0507,0,Normal,Normal
2026-03-15 19:15:30,25.167,5.434,12.24,100.61,0.03,0.0,188.15,26.46,-89.2,1,0.0489,0,Normal,Normal
2026-03-15 19:15:40,25.514,5.466,14.52,100.88,1.1,0.063,186.24,28.1,-88.85,1,0.0473,0,Normal,Normal
2026-03-15 19:15:50,25.423,5.215,12.87,101.02,0.63,0.204,182.25,25.45,-84.36,1,0.042,0,Normal,Normal
2026-03-15 19:16:00,25.781,5.313,12.3,101.72,1.79,0.162,184.54,28.07,-78.87,1,0.0632,0,Normal,Normal
2026-03-15 19:16:10,26.582,5.154,13.12,101.76,0.0,0.0,193.73,26.09,-78.72,1,0.0441,0,Normal,Normal
2026-03-15 19:16:20,26.006,5.024,13.1,100.53,0.0,0.0,197.06,26.49,-85.35,1,0.0492,0,Normal,Normal
2026-03-15 19:16:30,26.391,5.173,13.52,101.08,0.0,0.13,180.72,27.65,-87.37,1,0.0719,0,Normal,Normal
2026-03-15 19:16:40,25.819,5.316,10.95,101.58,0.0,0.0,183.01,23.18,-81.8,1,0.0457,0,Normal,Normal
2026-03-15 19:16:50,26.319,4.928,11.35,101.26,1.23,0.0,191.78,23.49,-90.65,1,0.0405,0,Normal,Normal
2026-03-15 19:17:00,26.546,5.191,10.84,101.9,1.64,0.278,188.75,24.32,-85.91,1,0.073,0,Normal,Normal
2026-03-15 19:17:10,25.906,5.319,13.2,101.57,1.24,0.0,187.13,28.19,-87.0,1,0.0502,0,Normal,Normal
2026-03-15 19:17:20,25.791,5.595,13.12,101.19,0.0,0.0,197.45,27.34,-85.06,1,0.0503,0,Normal,Normal
2026-03-15 19:17:30,25.573,5.218,10.12,101.23,1.4,0.0,191.55,22.0,-80.72,1,0.052,0,Normal,Normal
2026-03-15 19:17:40,25.89,4.984,12.61,101.28,0.0,0.0,177.09,28.28,-92.0,1,0.043,0,Normal,Normal
2026-03-15 19:17:50,26.023,5.243,14.07,100.96,1.2,0.853,183.69,29.03,-83.99,1,0.0588,0,Normal,Normal
2026-03-15 19:18:00,26.623,5.154,11.66,101.68,0.0,0.27,176.8,25.89,-83.92,1,0.0439,0,Normal,Normal
2026-03-15 19:18:10,25.641,5.433,12.48,101.6,0.98,0.085,188.67,26.67,-85.15,1,0.0454,0,Normal,Normal
2026-03-15 19:18:20,26.063,5.21,13.1,101.48,0.0,0.0,179.48,27.91,-84.11,1,0.055,0,Normal,Normal
2026-03-15 19:18:30,25.517,4.616,10.02,101.4,1.57,0.0,176.03,26.81,-83.45,1,0.0608,0,Normal,Normal
2026-03-15 19:18:40,25.95,6.216,12.23,100.89,0.0,0.432,173.69,27.28,-84.52,1,0.0597,0,Normal,Normal
2026-03-15 19:18:50,26.187,5.328,13.91,101.5,0.0,0.0,206.01,28.26,-91.1,1,0.0413,0,Normal,Normal
2026-03-15 19:19:00,26.264,5.315,11.11,101.35,0.0,0.23,179.23,23.64,-87.66,1,0.0611,0,Normal,Normal
2026-03-15 19:19:10,26.304,4.906,13.25,102.1,0.0,0.0,187.64,27.45,-80.19,1,0.0563,0,Normal,Normal
2026-03-15 19:19:20,26.264,4.925,12.05,100.78,0.36,0.712,190.65,26.98,-88.47,1,0.0539,0,Normal,Normal
2026-03-15 19:19:30,26.336,5.267,11.0,101.01,2.43,0.296,191.15,24.86,-84.7,1,0.0911,0,Normal,Normal
2026-03-15 19:19:40,26.193,5.373,11.87,100.67,3.49,0.475,195.18,25.24,-87.08,1,0.0464,0,Normal,Normal
2026-03-15 19:19:50,25.882,5.464,11.23,101.21,0.43,0.0,189.82,25.9,-83.1,1,0.0572,0,Normal,Normal
2026-03-15 19:20:00,25.659,5.346,10.7,100.6,1.69,0.417,186.62,23.51,-85.46,1,0.0528,0,Normal,Normal
2026-03-15 19:20:10,26.068,4.989,11.66,101.77,0.66,0.0,192.03,26.7,-82.84,1,0.0474,0,Normal,Normal
2026-03-15 19:20:20,26.21,4.658,12.15,101.74,1.01,0.094,191.98,25.63,-83.61,1,0.0633,0,Normal,Normal
2026-03-15 19:20:30,26.645,5.258,11.81,101.24,0.04,0.633,190.73,23.26,-85.87,1,0.0477,0,Normal,Normal
2026-03-15 19:20:40,26.257,5.148,11.67,100.89,0.73,0.0,195.49,25.13,-91.33,1,0.0523,0,Normal,Normal
2026-03-15 19:20:50,26.247,4.964,12.42,100.69,1.19,0.145,185.39,26.35,-87.18,1,0.0523,0,Normal,Normal
2026-03-15 19:21:00,26.44,5.485,12.9,101.02,0.0,0.234,188.83,27.56,-88.13,1,0.0507,0,Normal,Normal
2026-03-15 19:21:10,26.262,4.882,10.4,101.55,0.56,0.27,179.87,24.92,-88.08,1,0.0492,0,Normal,Normal
2026-03-15 19:21:20,26.606,5.427,11.75,100.99,0.65,0.0,188.56,24.2,-82.85,1,0.0428,0,Normal,Normal
2026-03-15 19:21:30,26.975,4.918,9.19,102.06,1.78,0.837,185.47,23.33,-78.2,1,0.0441,0,Normal,Normal
2026-03-15 19:21:40,27.058,5.301,11.92,101.9,0.0,0.0,199.08,25.28,-91.58,1,0.042,0,Normal,Normal
2026-03-15 19:21:50,26.45,5.498,12.41,101.3,0.89,0.64,179.0,25.98,-88.61,1,0.0593,0,Normal,Normal
2026-03-15 19:22:00,26.541,5.176,13.06,101.12,3.35,0.568,186.96,25.86,-83.29,1,0.0605,0,Normal,Normal
2026-03-15 19:22:10,26.934,5.679,12.46,101.07,2.55,0.822,186.65,26.4,-84.64,1,0.0553,0,Normal,Normal
2026-03-15 19:22:20,26.435,5.732,13.07,101.94,2.9,0.0,196.3,30.83,-82.41,1,0.0775,0,Normal,Normal
2026-03-15 19:22:30,26.704,5.307,12.37,101.04,1.44,0.0,180.81,28.6,-83.8,1,0.0446,0,Normal,Normal
2026-03-15 19:22:40,26.18,5.377,11.28,101.67,1.94,0.732,191.16,24.09,-79.59,1,0.0658,0,Normal,Normal
2026-03-15 19:22:50,26.447,5.501,10.65,101.31,2.91,0.0,191.88,24.73,-81.71,1,0.0431,0,Normal,Normal
2026-03-15 19:23:00,26.908,5.365,11.96,101.59,3.76,0.0,198.77,25.58,-80.66,1,0.0411,0,Normal,Normal
2026-03-15 19:23:10,26.366,5.331,11.23,100.97,0.0,0.112,184.68,25.4,-80.1,1,0.04,0,Normal,Normal
2026-03-15 19:23:20,26.564,5.083,12.23,101.17,0.72,0.379,181.22,27.33,-86.6,1,0.053,0,Normal,Normal
2026-03-15 19:23:30,26.151,4.783,11.7,101.29,4.11,0.902,195.65,25.54,-81.12,1,0.0626,0,Normal,Normal
2026-03-15 19:23:40,27.246,4.847,13.1,101.05,2.47,0.315,180.89,26.24,-80.81,1,0.066,0,Normal,Normal
2026-03-15 19:23:50,27.044,5.779,12.57,101.8,2.29,0.207,188.08,27.96,-83.61,1,0.0495,0,Normal,Normal
2026-03-15 19:24:00,26.743,5.252,13.2,100.99,1.92,0.572,190.59,25.72,-83.48,1,0.0409,0,Normal,Normal
2026-03-15 19:24:10,26.86,5.097,13.23,101.07,3.11,0.676,197.68,27.46,-83.23,1,0.0405,0,Normal,Normal
2026-03-15 19:24:20,26.848,5.46,12.33,101.84,2.48,0.718,180.7,24.55,-84.75,1,0.0774,0,Normal,Normal
2026-03-15 19:24:30,27.166,4.94,12.46,101.77,7.1,0.56,190.98,25.23,-86.09,1,0.0415,0,Normal,Normal
2026-03-15 19:24:40,26.617,5.256,13.43,101.94,5.04,0.001,193.9,28.32,-75.34,1,0.063,0,Normal,Normal
2026-03-15 19:24:50,27.014,5.11,16.38,100.54,5.51,0.434,187.18,29.56,-78.36,1,0.0411,0,Normal,Normal
2026-03-15 19:25:00,27.139,5.185,11.27,101.38,6.84,1.328,191.61,23.01,-81.35,1,0.043,0,Normal,Normal
2026-03-15 19:25:10,27.202,4.963,12.85,101.34,7.9,0.979,202.03,25.98,-85.65,1,0.0427,0,Normal,Normal
2026-03-15 19:25:20,26.182,4.781,11.04,101.08,8.55,0.891,191.35,24.04,-79.43,1,0.0449,0,Normal,Normal
2026-03-15 19:25:30,26.702,4.789,12.84,101.43,9.42,1.492,193.02,25.33,-81.97,1,0.0478,0,Normal,Normal
2026-03-15 19:25:40,26.598,4.77,11.9,101.17,8.15,0.81,203.58,26.56,-81.16,1,0.042,0,Normal,Normal
2026-03-15 19:25:50,26.971,4.934,12.78,101.36,9.38,1.24,195.36,24.92,-73.75,1,0.0943,0,Normal,Normal
2026-03-15 19:26:00,26.344,4.512,13.24,102.66,11.56,1.489,208.46,26.53,-74.61,1,0.04,0,Normal,Normal
2026-03-15 19:26:10,26.357,4.553,12.31,101.43,10.96,1.415,185.35,26.47,-87.2,1,0.0622,0,Normal,Normal
2026-03-15 19:26:20,27.645,4.861,10.42,101.44,12.6,1.743,197.01,24.01,-78.8,1,0.0512,0,Normal,Normal
2026-03-15 19:26:30,27.201,4.755,15.28,101.63,14.16,1.788,206.19,28.8,-79.2,1,0.0413,0,Normal,Normal
2026-03-15 19:26:40,27.075,4.792,14.45,101.37,15.76,1.517,195.05,27.58,-78.42,1,0.0419,0,Normal,Normal
2026-03-15 19:26:50,27.171,4.689,13.04,100.86,13.87,2.231,199.79,25.58,-80.95,1,0.0534,0,Normal,Normal
2026-03-15 19:27:00,27.128,5.283,11.95,100.64,18.1,1.869,212.68,25.18,-79.06,1,0.0457,0,Normal,Normal
2026-03-15 19:27:10,27.406,4.637,13.47,101.29,18.24,2.565,197.3,28.26,-82.14,1,0.049,0,Normal,Normal
2026-03-15 19:27:20,26.94,4.462,13.94,101.19,20.68,3.166,208.32,27.41,-75.53,1,0.052,0,Normal,Normal
2026-03-15 19:27:30,27.209,4.531,14.6,100.51,22.11,2.769,211.41,28.8,-75.4,1,0.0528,0,Normal,Normal
2026-03-15 19:27:40,27.244,4.71,14.79,101.95,24.47,2.642,207.05,30.13,-73.28,1,0.0531,0,Normal,Normal
2026-03-15 19:27:50,26.885,4.391,15.13,101.34,25.54,3.194,207.76,29.85,-80.3,1,0.0411,0,Normal,Normal
2026-03-15 19:28:00,27.605,4.523,11.0,101.88,26.91,3.135,200.25,23.47,-76.95,1,0.0602,0,Normal,Normal
2026-03-15 19:28:10,27.111,4.399,13.21,100.41,28.4,3.82,215.3,27.75,-71.4,1,0.0452,0,Normal,Normal
2026-03-15 19:28:20,27.573,4.176,15.21,101.88,28.38,3.744,200.4,30.47,-79.33,1,0.0418,0,Normal,Normal
2026-03-15 19:28:30,27.325,4.227,12.4,101.11,29.4,4.575,214.54,25.7,-80.11,1,0.0416,0,Normal,Normal
2026-03-15 19:28:40,27.804,4.55,15.67,101.8,31.71,4.56,208.21,27.77,-75.95,1,0.0441,0,Normal,Normal
2026-03-15 19:28:50,27.025,4.163,16.62,101.39,32.81,4.27,210.12,30.09,-73.13,1,0.0549,0,Normal,Normal
2026-03-15 19:29:00,27.035,3.811,15.75,101.48,32.77,4.739,212.56,29.97,-78.39,1,0.0496,0,Normal,Normal
2026-03-15 19:29:10,27.112,3.934,15.02,101.48,34.79,4.508,219.01,29.73,-70.36,1,0.0417,0,Normal,Normal
2026-03-15 19:29:20,27.447,3.443,13.41,101.13,35.37,4.808,228.32,26.79,-78.68,1,0.0405,0,Normal,Normal
2026-03-15 19:29:30,27.893,3.967,14.57,101.04,35.44,4.812,217.48,26.13,-73.72,1,0.0404,0,Normal,Normal
2026-03-15 19:29:40,27.931,4.224,12.19,101.16,39.0,5.34,211.55,24.66,-77.5,1,0.0482,0,Normal,Normal
2026-03-15 19:29:50,26.784,3.525,13.11,100.71,38.45,5.699,206.47,27.54,-76.63,1,0.0633,0,Normal,Normal
2026-03-15 19:30:00,27.575,3.866,13.28,101.11,41.7,5.594,227.89,29.67,-72.53,1,0.0528,0,Normal,Normal
2026-03-15 19:30:10,26.559,4.045,14.5,101.02,38.1,5.746,220.6,28.48,-75.39,1,0.0649,0,Normal,Normal
2026-03-15 19:30:20,27.785,4.043,13.89,100.7,40.12,5.846,217.89,29.46,-79.09,1,0.0458,0,Normal,Normal
2026-03-15 19:30:30,27.905,4.065,14.94,101.48,41.51,5.809,220.71,27.67,-76.7,1,0.0423,0,Normal,Normal
2026-03-15 19:30:40,27.581,3.254,15.93,101.3,43.47,5.302,226.83,29.15,-71.91,1,0.0644,0,Normal,Normal
2026-03-15 19:30:50,27.641,3.826,13.62,101.4,43.16,6.374,217.84,24.81,-72.65,1,0.0595,0,Normal,Normal
2026-03-15 19:31:00,27.662,3.304,14.97,101.58,43.57,6.482,216.17,29.42,-71.43,1,0.0533,0,Normal,Normal
2026-03-15 19:31:10,27.427,3.412,14.2,101.2,42.33,5.833,211.37,27.13,-75.19,1,0.0728,0,Normal,Normal
2026-03-15 19:31:20,27.815,3.851,15.18,100.92,42.73,5.844,213.53,29.9,-76.33,1,0.0549,0,Normal,Normal
2026-03-15 19:31:30,27.64,3.67,15.99,101.42,44.9,6.242,219.7,29.39,-75.38,1,0.0512,0,Normal,Normal
2026-03-15 19:31:40,28.011,3.799,16.42,100.13,43.23,6.268,231.31,32.85,-74.94,1,0.0505,0,Normal,Normal
2026-03-15 19:31:50,27.721,3.373,16.12,101.26,44.55,6.048,218.88,32.27,-72.61,1,0.0544,0,Normal,Normal
2026-03-15 19:32:00,27.52,3.963,15.81,101.61,46.08,5.721,225.24,27.04,-75.8,1,0.0509,0,Normal,Normal
2026-03-15 19:32:10,27.341,3.757,13.13,101.72,44.56,6.301,232.35,27.84,-68.82,1,0.0448,0,Normal,Normal
2026-03-15 19:32:20,27.265,3.798,13.71,101.09,47.9,6.419,226.58,26.82,-70.25,1,0.0861,0,Normal,Normal
2026-03-15 19:32:30,28.241,3.298,14.18,100.4,47.65,6.508,239.47,28.95,-74.17,1,0.0876,0,Normal,Normal
2026-03-15 19:32:40,27.733,3.854,16.03,100.25,44.49,6.402,224.36,28.41,-71.96,1,0.0427,0,Normal,Normal
2026-03-15 19:32:50,27.995,3.476,13.63,101.56,45.43,6.208,222.68,29.36,-73.81,1,0.0513,0,Normal,Normal
2026-03-15 19:33:00,28.451,3.396,16.15,101.16,43.95,6.671,221.0,31.39,-71.38,1,0.0634,0,Normal,Normal
2026-03-15 19:33:10,27.77,3.7,16.12,102.11,45.89,6.365,240.09,28.42,-73.23,1,0.0408,0,Normal,Normal
2026-03-15 19:33:20,27.773,3.685,12.9,100.74,47.88,6.196,233.99,26.68,-64.09,1,0.042,0,Normal,Normal
2026-03-15 19:33:30,27.944,3.323,14.25,101.44,46.57,6.31,212.64,28.44,-75.08,1,0.0518,0,Normal,Normal
2026-03-15 19:33:40,28.015,4.045,17.53,101.96,47.72,5.776,241.27,32.39,-73.91,1,0.0404,0,Normal,Normal
2026-03-15 19:33:50,28.595,3.982,17.09,101.38,45.42,6.335,228.44,31.07,-70.61,1,0.0668,0,Normal,Normal
2026-03-15 19:34:00,28.521,3.676,14.85,100.66,48.29,6.65,225.54,29.79,-69.42,1,0.071,0,Normal,Normal
2026-03-15 19:34:10,28.26,3.63,14.65,102.41,46.73,6.538,228.71,28.57,-69.2,1,0.06,0,Normal,Normal
2026-03-15 19:34:20,28.531,3.603,12.61,101.93,47.48,6.959,216.94,27.34,-66.56,1,0.0659,0,Normal,Normal
2026-03-15 19:34:30,28.065,3.131,18.58,101.21,47.41,6.343,226.22,30.93,-67.79,1,0.0567,0,Normal,Normal
2026-03-15 19:34:40,28.23,3.544,16.51,101.63,46.04,6.612,222.22,30.48,-71.7,1,0.0423,0,Normal,Normal
2026-03-15 19:34:50,28.072,3.539,19.36,101.63,46.23,6.725,221.83,34.74,-65.57,1,0.0405,0,Normal,Normal
2026-03-15 19:35:00,27.797,3.369,16.33,101.56,48.81,7.273,232.42,32.02,-66.69,1,0.0683,0,Normal,Normal
2026-03-15 19:35:10,28.567,3.434,17.13,100.75,48.17,6.508,222.66,31.34,-64.24,1,0.0584,0,Normal,Normal
2026-03-15 19:35:20,28.387,2.915,18.13,101.43,48.98,6.097,225.59,32.01,-68.07,1,0.0476,0,Normal,Normal
2026-03-15 19:35:30,28.255,3.235,19.33,101.88,48.14,6.763,227.44,34.97,-64.78,1,0.0639,0,Normal,Normal
2026-03-15 19:35:40,28.27,3.739,17.71,101.5,47.95,7.122,232.38,31.59,-76.06,1,0.0408,0,Normal,Normal
2026-03-15 19:35:50,27.84,3.94,17.05,101.46,45.73,6.36,235.0,32.42,-69.18,1,0.0458,0,Normal,Normal
2026-03-15 19:36:00,28.02,3.271,17.17,101.09,47.49,6.77,224.99,31.05,-70.31,1,0.0463,0,Normal,Normal
2026-03-15 19:36:10,28.436,3.552,15.65,100.94,47.8,6.908,221.85,29.7,-65.31,1,0.0417,0,Normal,Normal
2026-03-15 19:36:20,28.197,3.78,16.73,100.67,50.2,6.836,240.12,29.41,-69.48,1,0.0603,0,Normal,Normal
2026-03-15 19:36:30,28.311,3.375,17.47,101.6,48.69,6.526,204.26,29.97,-64.19,1,0.0625,0,Normal,Normal
2026-03-15 19:36:40,28.366,3.674,19.56,101.21,49.72,6.239,231.85,34.73,-64.62,1,0.0531,0,Normal,Normal
2026-03-15 19:36:50,28.214,3.496,16.93,100.76,48.61,6.457,223.77,32.99,-68.66,1,0.0481,0,Normal,Normal
2026-03-15 19:37:00,28.149,3.801,19.26,101.69,47.05,6.647,229.49,33.38,-65.99,1,0.054,0,Normal,Normal
2026-03-15 19:37:10,27.976,3.183,17.63,101.07,48.05,6.806,225.26,31.43,-67.23,1,0.0743,0,Normal,Normal
2026-03-15 19:37:20,28.436,3.227,19.71,100.96,48.2,6.606,235.19,34.93,-66.11,1,0.0466,0,Normal,Normal
2026-03-15 19:37:30,28.686,3.573,18.94,101.1,46.8,6.357,228.3,33.35,-64.09,1,0.0461,0,Normal,Normal
2026-03-15 19:37:40,28.027,3.526,18.93,101.22,47.47,6.686,213.58,30.06,-67.2,1,0.0546,0,Normal,Normal
2026-03-15 19:37:50,28.533,3.488,19.58,101.48,47.69,6.793,213.23,34.77,-71.08,1,0.0573,0,Normal,Normal
2026-03-15 19:38:00,28.644,3.646,19.45,100.95,49.87,6.626,223.24,31.85,-64.23,1,0.0492,0,Normal,Normal
2026-03-15 19:38:10,28.283,3.269,19.89,101.7,45.45,6.201,229.83,33.87,-62.7,1,0.0694,0,Normal,Normal
2026-03-15 19:38:20,29.026,3.159,21.58,101.49,49.4,6.431,235.43,35.05,-70.92,1,0.0465,0,Normal,Normal
2026-03-15 19:38:30,28.503,3.376,20.9,101.09,46.84,6.826,219.62,34.13,-65.84,1,0.0554,0,Normal,Normal
2026-03-15 19:38:40,28.607,3.404,19.26,101.24,46.32,6.011,207.28,33.32,-68.44,1,0.0565,0,Normal,Normal
2026-03-15 19:38:50,28.608,3.43,17.99,101.13,49.38,5.763,228.42,33.07,-62.18,1,0.0452,0,Normal,Normal
2026-03-15 19:39:00,28.144,3.818,19.3,101.33,48.85,7.024,225.32,33.34,-61.94,1,0.0403,0,Normal,Normal
2026-03-15 19:39:10,28.997,3.694,15.95,101.91,49.48,6.675,226.13,31.64,-67.85,1,0.0663,0,Normal,Normal
2026-03-15 19:39:20,28.426,3.634,20.18,101.13,48.94,6.709,216.17,36.02,-69.3,1,0.0499,0,Normal,Normal
2026-03-15 19:39:30,28.66,3.556,17.43,101.38,50.45,6.12,234.53,33.26,-64.56,1,0.0415,0,Normal,Normal
2026-03-15 19:39:40,28.929,3.392,20.8,101.02,48.65,6.755,218.45,34.73,-68.57,1,0.0874,0,Normal,Normal
2026-03-15 19:39:50,29.206,3.287,22.18,101.51,47.79,6.594,227.45,35.61,-62.62,1,0.0453,0,Normal,Normal
2026-03-15 19:40:00,28.462,3.201,17.13,101.41,48.39,5.943,227.19,31.09,-65.55,1,0.0497,0,Normal,Normal
2026-03-15 19:40:10,28.669,3.327,19.32,101.83,49.48,6.996,229.39,34.67,-60.3,1,0.0499,0,Normal,Normal
2026-03-15 19:40:20,29.236,3.49,17.89,100.97,47.05,6.554,219.03,33.17,-60.13,1,0.0469,0,Normal,Normal
2026-03-15 19:40:30,28.977,3.212,16.99,101.58,47.2,6.36,217.6,27.87,-60.4,1,0.0425,0,Normal,Normal
2026-03-15 19:40:40,29.057,3.543,19.51,101.81,47.62,6.366,231.82,33.88,-63.82,1,0.0583,0,Normal,Normal
2026-03-15 19:40:50,28.557,3.452,20.72,101.12,45.46,5.793,229.41,31.88,-67.85,1,0.0433,0,Normal,Normal
2026-03-15 19:41:00,28.776,3.401,20.99,101.25,48.16,6.706,227.67,34.97,-69.46,1,0.0572,0,Normal,Normal
2026-03-15 19:41:10,28.856,3.791,20.18,101.38,45.73,6.59,234.0,33.55,-63.22,1,0.0643,0,Normal,Normal
2026-03-15 19:41:20,28.665,2.885,17.55,101.21,48.05,6.431,227.73,30.55,-62.99,1,0.0404,0,Normal,Normal
2026-03-15 19:41:30,28.436,3.404,20.32,101.37,49.03,6.946,222.03,35.34,-64.22,1,0.0597,0,Normal,Normal
2026-03-15 19:41:40,28.802,2.912,17.99,101.57,47.42,6.015,229.14,31.22,-69.0,1,0.0552,0,Normal,Normal
2026-03-15 19:41:50,29.377,3.56,18.19,101.25,50.01,6.29,228.6,32.17,-67.43,1,0.0433,0,Normal,Normal
2026-03-15 19:42:00,29.004,3.691,18.92,101.25,46.24,6.202,228.8,31.8,-64.8,1,0.0545,0,Normal,Normal
2026-03-15 19:42:10,29.414,3.162,22.09,101.41,49.42,6.402,217.93,36.17,-66.92,1,0.0482,0,Normal,Normal
2026-03-15 19:42:20,29.071,3.194,21.42,101.14,48.8,6.523,217.16,36.57,-67.44,1,0.0413,0,Normal,Normal
2026-03-15 19:42:30,28.803,3.076,21.18,101.16,45.94,6.65,232.04,34.13,-68.05,1,0.0511,0,Normal,Normal
2026-03-15 19:42:40,29.43,3.516,19.5,100.94,51.25,6.378,223.81,34.26,-65.6,1,0.0943,0,Normal,Normal
2026-03-15 19:42:50,29.125,3.415,20.3,101.28,47.92,6.192,209.45,34.37,-65.87,1,0.0557,0,Normal,Normal
2026-03-15 19:43:00,29.365,3.43,18.92,101.48,46.94,7.09,214.03,32.98,-67.78,1,0.046,0,Normal,Normal
2026-03-15 19:43:10,28.77,3.408,23.11,101.19,46.31,7.344,214.45,36.69,-65.33,1,0.0524,0,Normal,Normal
2026-03-15 19:43:20,29.416,3.257,24.46,100.99,47.73,6.55,233.54,39.38,-64.67,1,0.0601,0,Normal,Normal
2026-03-15 19:43:30,29.439,3.783,22.09,101.26,47.84,6.235,224.61,36.89,-64.43,1,0.0425,0,Normal,Normal
2026-03-15 19:43:40,29.219,3.568,22.44,101.46,48.12,7.016,225.28,36.28,-68.44,1,0.0513,0,Normal,Normal
2026-03-15 19:43:50,28.903,3.204,21.2,101.35,47.64,5.993,222.17,35.44,-66.56,1,0.0506,0,Normal,Normal
2026-03-15 19:44:00,29.144,3.325,19.1,102.19,48.76,6.382,216.53,33.99,-65.68,1,0.0471,0,Normal,Normal
2026-03-15 19:44:10,29.354,3.282,20.35,101.04,47.53,6.256,231.08,35.0,-65.44,1,0.0606,0,Normal,Normal
2026-03-15 19:44:20,29.254,3.852,21.01,101.24,45.68,6.094,230.22,34.64,-69.92,1,0.0525,0,Normal,Normal
2026-03-15 19:44:30,29.376,3.678,21.22,101.61,47.82,6.402,219.36,36.62,-67.04,1,0.058,0,Normal,Normal
2026-03-15 19:44:40,29.512,3.468,20.97,101.02,45.16,6.197,236.21,36.0,-64.34,1,0.0536,0,Normal,Normal
2026-03-15 19:44:50,29.026,3.927,22.05,102.07,48.42,6.504,230.96,38.59,-68.01,1,0.0628,0,Normal,Normal
2026-03-15 19:45:00,28.886,3.863,20.8,101.3,46.82,6.509,218.17,32.91,-65.27,1,0.0551,0,Normal,Normal
2026-03-15 19:45:10,29.232,3.442,25.41,101.52,48.19,6.282,222.7,40.25,-66.41,1,0.057,0,Normal,Normal
2026-03-15 19:45:20,29.156,3.397,20.2,101.31,49.58,6.37,222.06,35.58,-67.96,1,0.0438,0,Normal,Normal
2026-03-15 19:45:30,29.502,3.409,23.67,101.71,46.86,6.419,227.5,38.88,-62.92,1,0.068,0,Normal,Normal
2026-03-15 19:45:40,28.954,3.262,22.04,100.87,49.27,6.783,213.57,35.73,-67.75,1,0.0425,0,Normal,Normal
2026-03-15 19:45:50,29.593,3.934,23.21,101.93,47.48,6.448,219.36,35.57,-67.61,1,0.0462,0,Normal,Normal
2026-03-15 19:46:00,29.704,3.248,23.37,101.39,50.1,6.788,231.35,39.21,-68.57,1,0.073,0,Normal,Normal
2026-03-15 19:46:10,29.308,3.717,22.93,101.56,47.56,6.705,212.3,36.35,-62.82,1,0.0417,0,Normal,Normal
2026-03-15 19:46:20,29.336,3.673,21.08,101.0,46.99,6.7,223.42,34.73,-63.24,1,0.0702,0,Normal,Normal
2026-03-15 19:46:30,29.097,3.424,22.37,101.43,48.82,6.986,215.19,38.85,-64.13,1,0.0497,0,Normal,Normal
2026-03-15 19:46:40,29.174,3.953,23.21,100.91,47.48,6.108,232.3,35.68,-65.12,1,0.043,0,Normal,Normal
2026-03-15 19:46:50,29.223,3.11,23.2,101.77,46.99,6.334,227.75,38.18,-70.54,1,0.06,0,Normal,Normal
2026-03-15 19:47:00,29.787,3.48,21.59,100.78,47.43,7.117,213.26,34.69,-69.4,1,0.045,0,Normal,Normal
2026-03-15 19:47:10,29.341,3.378,25.15,101.36,47.95,6.41,216.66,38.22,-70.53,1,0.057,0,Normal,Normal
2026-03-15 19:47:20,28.975,3.74,19.56,101.14,49.61,5.515,225.11,33.76,-65.3,1,0.0635,0,Normal,Normal
2026-03-15 19:47:30,29.456,3.588,23.01,100.67,45.68,6.429,206.54,37.82,-61.57,1,0.0526,0,Normal,Normal
2026-03-15 19:47:40,29.635,3.068,22.08,100.93,48.03,6.547,216.2,37.22,-66.71,1,0.0631,0,Normal,Normal
2026-03-15 19:47:50,29.387,3.81,23.82,101.48,48.75,5.584,218.41,39.12,-63.91,1,0.081,0,Normal,Normal
2026-03-15 19:48:00,29.843,3.621,25.16,100.94,48.23,6.967,235.28,38.31,-67.75,1,0.052,0,Normal,Normal
2026-03-15 19:48:10,29.642,3.241,21.6,101.03,49.57,6.25,220.39,34.23,-68.36,1,0.0425,0,Normal,Normal
2026-03-15 19:48:20,29.101,3.413,27.33,101.45,47.91,6.615,230.27,40.92,-71.25,1,0.0585,0,Normal,Normal
2026-03-15 19:48:30,29.257,3.175,24.18,101.67,47.78,6.421,221.22,38.6,-67.86,1,0.0479,0,Normal,Normal
2026-03-15 19:48:40,29.497,3.457,24.53,101.56,48.71,6.049,230.96,38.29,-67.16,1,0.0514,0,Normal,Normal
2026-03-15 19:48:50,28.935,3.538,21.88,101.28,48.12,6.125,212.58,31.52,-66.94,1,0.0548,0,Normal,Normal
2026-03-15 19:49:00,29.541,3.416,24.05,101.39,47.53,6.173,219.21,35.86,-70.0,1,0.059,0,Normal,Normal
2026-03-15 19:49:10,28.918,3.387,25.66,101.35,48.62,6.88,224.12,39.37,-69.92,1,0.0553,0,Normal,Normal
2026-03-15 19:49:20,29.758,3.097,24.59,100.89,47.22,6.448,226.42,39.62,-70.9,1,0.044,0,Normal,Normal
2026-03-15 19:49:30,29.728,3.584,24.57,101.41,47.27,6.317,227.59,37.48,-72.63,1,0.0607,0,Normal,Normal
2026-03-15 19:49:40,29.612,3.019,24.36,100.88,47.37,6.173,226.54,39.24,-68.5,1,0.0647,0,Normal,Normal
2026-03-15 19:49:50,29.263,3.508,22.45,101.55,49.62,6.919,229.05,34.65,-77.05,1,0.0406,0,Normal,Normal
2026-03-15 19:50:00,29.521,3.05,22.51,101.35,44.13,7.012,224.91,36.82,-76.6,1,0.0455,0,Normal,Normal
2026-03-15 19:50:10,29.32,3.513,26.42,100.43,48.47,6.915,226.39,40.73,-73.44,1,0.0971,0,Normal,Normal
2026-03-15 19:50:20,29.168,3.498,26.06,101.69,48.04,6.672,216.89,40.63,-75.84,1,0.0429,0,Normal,Normal
2026-03-15 19:50:30,29.379,3.601,26.36,101.09,45.98,6.601,212.06,39.15,-68.99,1,0.043,0,Normal,Normal
2026-03-15 19:50:40,29.693,3.716,23.65,101.06,48.37,6.074,216.06,35.8,-73.8,1,0.0534,0,Normal,Normal
2026-03-15 19:50:50,29.5,3.762,24.73,101.68,48.57,6.414,211.5,39.6,-70.06,1,0.0462,0,Normal,Normal
2026-03-15 19:51:00,29.924,3.098,26.88,101.23,48.71,6.261,226.8,39.05,-69.01,1,0.0561,0,Normal,Normal
2026-03-15 19:51:10,29.721,3.485,23.26,101.54,44.82,5.861,232.51,36.34,-72.96,1,0.0446,0,Normal,Normal
2026-03-15 19:51:20,29.691,4.003,26.87,101.04,49.64,6.87,217.42,42.54,-72.4,1,0.0483,0,Normal,Normal
2026-03-15 19:51:30,29.012,3.53,24.37,101.62,47.11,6.256,233.07,38.57,-69.93,1,0.12,0,Normal,Normal
2026-03-15 19:51:40,29.411,3.292,24.04,101.38,48.82,6.919,228.61,38.48,-70.84,1,0.047,0,Normal,Normal
2026-03-15 19:51:50,29.179,3.48,25.34,101.46,48.89,6.809,220.57,40.09,-80.28,1,0.0414,0,Normal,Normal
2026-03-15 19:52:00,29.444,3.404,23.78,101.23,46.95,6.695,222.2,38.49,-75.54,1,0.0603,0,Normal,Normal
2026-03-15 19:52:10,29.291,3.206,22.68,101.95,48.79,6.714,233.92,36.65,-73.0,1,0.0533,0,Normal,Normal
2026-03-15 19:52:20,29.387,3.717,25.7,102.05,47.54,6.285,206.41,38.62,-74.12,1,0.0488,0,Normal,Normal
2026-03-15 19:52:30,29.818,3.646,26.46,100.42,45.51,7.15,233.89,43.68,-77.98,1,0.0759,0,Normal,Normal
2026-03-15 19:52:40,29.642,3.166,27.55,101.67,49.4,6.515,232.17,41.19,-80.36,1,0.0424,0,Normal,Normal
2026-03-15 19:52:50,29.802,3.477,26.7,100.87,47.07,6.606,220.29,41.09,-73.63,1,0.0501,0,Normal,Normal
2026-03-15 19:53:00,29.019,3.358,28.8,101.5,46.97,6.273,224.26,43.33,-78.23,1,0.0432,0,Normal,Normal
2026-03-15 19:53:10,29.515,3.1,27.96,100.59,47.52,6.174,238.01,41.32,-76.33,1,0.0413,0,Normal,Normal
2026-03-15 19:53:20,29.787,3.146,27.08,101.46,48.33,6.667,214.52,40.57,-75.73,1,0.0488,0,Normal,Normal
2026-03-15 19:53:30,29.947,3.184,26.74,100.97,47.93,6.576,223.54,42.53,-76.88,1,0.0842,0,Normal,Normal
2026-03-15 19:53:40,29.029,3.485,27.94,101.12,48.66,6.224,230.18,41.06,-79.42,1,0.0592,0,Normal,Normal
2026-03-15 19:53:50,29.386,3.386,22.84,101.13,46.39,5.996,226.68,37.33,-77.1,1,0.044,0,Normal,Normal
2026-03-15 19:54:00,29.799,3.26,25.5,101.01,47.11,6.055,225.42,40.57,-78.71,1,0.0493,0,Normal,Normal
2026-03-15 19:54:10,29.429,3.402,23.49,101.02,47.86,6.919,239.53,37.23,-72.34,1,0.064,0,Normal,Normal
2026-03-15 19:54:20,29.211,3.687,27.33,101.14,50.28,6.285,216.13,41.21,-76.89,1,0.0433,0,Normal,Normal
2026-03-15 19:54:30,29.016,3.589,25.27,101.24,47.86,6.381,216.49,40.42,-70.06,1,0.0434,0,Normal,Normal
2026-03-15 19:54:40,29.193,3.75,30.97,101.43,49.3,7.008,204.9,44.81,-81.93,1,0.043,0,Normal,Normal
2026-03-15 19:54:50,28.967,3.443,25.72,102.04,48.05,6.107,216.37,37.23,-79.1,1,0.054,0,Normal,Normal
2026-03-15 19:55:00,29.487,3.901,26.71,100.92,47.42,6.245,219.68,42.52,-79.33,1,0.0404,0,Normal,Normal
2026-03-15 19:55:10,29.734,3.587,26.0,101.35,47.7,6.231,227.56,38.83,-80.97,1,0.0533,0,Normal,Normal
2026-03-15 19:55:20,29.083,3.378,25.92,101.61,47.8,7.066,232.68,40.18,-79.91,1,0.0662,0,Normal,Normal
2026-03-15 19:55:30,29.534,3.523,24.84,101.02,48.72,7.198,217.29,37.26,-80.51,1,0.0629,0,Normal,Normal
2026-03-15 19:55:40,29.705,3.188,24.84,100.4,49.65,6.763,223.86,38.23,-82.21,1,0.0565,0,Normal,Normal
2026-03-15 19:55:50,29.445,3.423,23.54,100.54,48.43,6.774,236.17,37.02,-74.1,1,0.0437,0,Normal,Normal
2026-03-15 19:56:00,28.957,3.608,27.68,100.41,49.42,6.297,223.5,41.88,-79.95,1,0.0654,0,Normal,Normal
2026-03-15 19:56:10,29.551,3.653,26.27,101.92,46.84,7.181,229.15,39.22,-77.12,1,0.0874,0,Normal,Normal
2026-03-15 19:56:20,29.412,3.397,29.85,101.55,47.5,6.594,233.97,46.23,-77.13,1,0.043,0,Normal,Normal
2026-03-15 19:56:30,29.376,4.183,25.13,101.6,47.13,6.798,217.56,39.16,-76.01,1,0.0762,0,Normal,Normal
2026-03-15 19:56:40,29.252,3.457,29.26,101.69,48.38,6.463,215.93,44.31,-83.44,1,0.0688,0,Normal,Normal
2026-03-15 19:56:50,29.435,3.08,29.44,101.07,47.57,6.406,237.97,43.43,-76.89,1,0.0981,0,Normal,Normal
2026-03-15 19:57:00,29.555,3.803,29.04,102.22,48.87,7.082,229.63,44.24,-81.1,1,0.0458,0,Normal,Normal
2026-03-15 19:57:10,30.112,3.652,27.52,101.43,46.88,6.689,214.38,39.0,-74.96,1,0.0808,0,Normal,Normal
2026-03-15 19:57:20,29.421,3.558,26.7,101.27,48.05,7.008,216.55,39.86,-79.67,1,0.043,0,Normal,Normal
2026-03-15 19:57:30,29.833,3.384,29.16,101.74,48.82,6.589,223.4,42.54,-84.89,1,0.0429,0,Normal,Normal
2026-03-15 19:57:40,29.479,3.598,26.1,101.57,45.52,6.203,236.15,39.47,-77.83,1,0.0417,0,Normal,Normal
2026-03-15 19:57:50,29.333,3.905,27.73,101.83,50.54,6.296,232.85,42.36,-78.3,1,0.0484,0,Normal,Normal
2026-03-15 19:58:00,29.399,3.55,27.3,101.86,47.66,6.536,233.54,42.0,-85.82,1,0.0402,0,Normal,Normal
2026-03-15 19:58:10,28.979,3.133,26.06,101.16,45.57,6.281,221.51,39.97,-79.88,1,0.0472,0,Normal,Normal
2026-03-15 19:58:20,29.428,2.637,27.85,101.37,48.19,6.112,224.94,41.79,-77.46,1,0.0547,0,Normal,Normal
2026-03-15 19:58:30,28.729,3.596,28.58,100.94,48.04,6.92,218.61,45.51,-80.99,1,0.0412,0,Normal,Normal
2026-03-15 19:58:40,29.059,3.254,26.11,100.65,47.9,6.309,221.67,40.49,-85.51,1,0.0656,0,Normal,Normal
2026-03-15 19:58:50,29.341,3.475,28.22,101.63,49.19,6.548,216.02,39.55,-79.7,1,0.0452,0,Normal,Normal
2026-03-15 19:59:00,29.656,3.298,24.22,101.68,48.9,6.603,218.02,39.14,-80.88,1,0.0407,0,Normal,Normal
2026-03-15 19:59:10,29.716,3.28,26.02,100.51,48.36,6.294,219.19,40.69,-83.71,1,0.047,0,Normal,Normal
2026-03-15 19:59:20,29.206,3.309,26.94,101.01,48.54,7.008,223.84,42.33,-84.54,1,0.0422,0,Normal,Normal
2026-03-15 19:59:30,29.313,3.331,28.19,101.32,47.87,6.109,228.36,42.9,-81.31,1,0.0638,0,Normal,Normal
2026-03-15 19:59:40,29.55,3.694,28.98,101.36,50.13,6.591,238.33,41.9,-86.15,1,0.0461,0,Normal,Normal
2026-03-15 19:59:50,28.845,3.643,27.83,102.12,46.22,6.586,222.07,42.9,-82.94,1,0.0419,0,Normal,Normal
